date,security_id,issuer,liquidity_score,trade_count_20d,active_days_20d,price_dispersion_bp
2025-05-26,JPM_1,JPM,0.8698671343013498,46,19,1.7148937052888353
2025-05-26,JPM_2,JPM,0.9196452612403124,54,20,0.8866660681108267
2025-05-26,JPM_3,JPM,0.8922745671628425,48,19,1.4266514626778068
2025-05-26,JPM_4,JPM,0.8822198474277555,51,18,0.7317148098066526
2025-05-26,JPM_5,JPM,0.8643511788916203,49,18,0.9096282050796872
2025-05-26,BAC_1,BAC,0.804660043535195,47,17,1.2154854988886683
2025-05-26,BAC_2,BAC,0.8140908812206393,50,17,2.5294317902363392
2025-05-26,BAC_3,BAC,0.8082371515542817,48,17,3.086707038238119
2025-05-26,BAC_4,BAC,0.8212059387091519,48,16,1.554968573285844
2025-05-26,BAC_5,BAC,0.7775155804575814,41,17,1.5603869230266763
2025-05-26,C_1,C,0.7810934128126504,40,15,2.876355703086648
2025-05-26,C_2,C,0.8137829801767932,43,16,2.3366275408766857
2025-05-26,C_3,C,0.7832379420206584,47,16,3.005898745669758
2025-05-26,C_4,C,0.7803413195009097,42,17,2.2229912389295374
2025-05-26,C_5,C,0.785793211589066,45,14,2.2013935446305157
2025-05-26,WFC_1,WFC,0.8057072016093443,55,16,1.780294988210341
2025-05-26,WFC_2,WFC,0.8287615449791027,43,17,2.003619299823684
2025-05-26,WFC_3,WFC,0.8343669374298024,44,16,2.4085390136798015
2025-05-26,WFC_4,WFC,0.8261376671799875,43,18,1.361496953293412
2025-05-26,WFC_5,WFC,0.8159645241327923,39,16,2.535104020675611
2025-05-27,JPM_1,JPM,0.8563827562862664,45,19,1.3329404177062691
2025-05-27,JPM_2,JPM,0.9177154980341129,51,17,0.5
2025-05-27,JPM_3,JPM,0.8798117684115275,46,20,1.0933454506489948
2025-05-27,JPM_4,JPM,0.9032062945518686,49,19,0.9173431034138522
2025-05-27,JPM_5,JPM,0.934164405343591,48,19,0.6563986473605483
2025-05-27,BAC_1,BAC,0.8204240148001553,52,18,1.92000541550396
2025-05-27,BAC_2,BAC,0.8183294437792359,42,17,1.939997868354979
2025-05-27,BAC_3,BAC,0.7926688249797135,43,14,2.4077052463007904
2025-05-27,BAC_4,BAC,0.7951371228512273,47,17,2.4407635595231096
2025-05-27,BAC_5,BAC,0.7952672659992509,40,16,2.094513943903424
2025-05-27,C_1,C,0.7819858736395694,44,17,2.501149486096479
2025-05-27,C_2,C,0.7813856797881689,43,15,2.1086559291870475
2025-05-27,C_3,C,0.770046177764096,44,16,1.5604505867000316
2025-05-27,C_4,C,0.7734783332866358,47,16,2.1358390888400587
2025-05-27,C_5,C,0.7989775974756287,44,15,1.4519593034524274
2025-05-27,WFC_1,WFC,0.8634117343092177,37,16,1.62929971721814
2025-05-27,WFC_2,WFC,0.8572827417821061,47,17,1.5084603473430491
2025-05-27,WFC_3,WFC,0.847328835987604,44,17,0.8999234963955091
2025-05-27,WFC_4,WFC,0.8562906786999572,42,16,0.6754823647882966
2025-05-27,WFC_5,WFC,0.8169082887129406,38,15,1.5362103067212547
2025-05-28,JPM_1,JPM,0.9198388759425419,60,18,1.9517063957464993
2025-05-28,JPM_2,JPM,0.9125582256721099,49,19,1.495859647945982
2025-05-28,JPM_3,JPM,0.8887119856857878,47,17,1.6161105574453665
2025-05-28,JPM_4,JPM,0.8810397907048573,47,18,1.0692942215277466
2025-05-28,JPM_5,JPM,0.8888515106952546,47,18,1.5779521038306354
2025-05-28,BAC_1,BAC,0.8228339598526092,35,17,2.727870337234637
2025-05-28,BAC_2,BAC,0.8339096299881178,38,18,1.979138141220974
2025-05-28,BAC_3,BAC,0.8095223762599766,50,15,1.8073566197105224
2025-05-28,BAC_4,BAC,0.8392359457323628,48,16,0.6660848024666075
2025-05-28,BAC_5,BAC,0.8007469123766527,37,15,2.851664165305479
2025-05-28,C_1,C,0.7738663649209752,44,15,2.2032670722854117
2025-05-28,C_2,C,0.8057910693161032,42,15,2.603765190618581
2025-05-28,C_3,C,0.778808046628495,46,15,3.1299730490572717
2025-05-28,C_4,C,0.7611979204913626,34,16,1.8198007325332242
2025-05-28,C_5,C,0.7619111854665288,42,15,2.610149271232867
2025-05-28,WFC_1,WFC,0.8477501896921961,49,17,1.1751791471049922
2025-05-28,WFC_2,WFC,0.8596350618051757,49,18,0.5
2025-05-28,WFC_3,WFC,0.8372536123957515,43,17,1.4573222204386906
2025-05-28,WFC_4,WFC,0.8254148528161269,49,16,1.7649975194447403
2025-05-28,WFC_5,WFC,0.8198540644372496,45,15,1.910204619725441
2025-05-29,JPM_1,JPM,0.9001149077954509,49,18,2.6963628557787134
2025-05-29,JPM_2,JPM,0.8961751548336719,52,16,2.3092699551640377
2025-05-29,JPM_3,JPM,0.9061882322546491,57,16,1.2698158588790271
2025-05-29,JPM_4,JPM,0.8840076658856837,44,15,1.892291998464883
2025-05-29,JPM_5,JPM,0.898025200305396,43,19,1.2830210544788518
2025-05-29,BAC_1,BAC,0.8490009544055822,53,18,2.123987407482133
2025-05-29,BAC_2,BAC,0.819046976123295,41,15,1.6128691658809018
2025-05-29,BAC_3,BAC,0.7980485109307144,42,16,2.9081722926293994
2025-05-29,BAC_4,BAC,0.8421880290896718,41,17,2.032725850025557
2025-05-29,BAC_5,BAC,0.8127803138786415,53,15,2.687690123751669
2025-05-29,C_1,C,0.7543545376819144,45,15,2.8348439147666107
2025-05-29,C_2,C,0.7820205461616705,39,16,3.175213529734975
2025-05-29,C_3,C,0.7703597777408356,44,15,4.037924685792432
2025-05-29,C_4,C,0.7493343273498728,36,16,3.3565532757939818
2025-05-29,C_5,C,0.7365472175359637,40,15,2.580066562353708
2025-05-29,WFC_1,WFC,0.8504079831803895,44,18,1.592776572333451
2025-05-29,WFC_2,WFC,0.8298930166701559,43,17,1.3385477937549752
2025-05-29,WFC_3,WFC,0.8368042749831677,46,18,2.2265644832106197
2025-05-29,WFC_4,WFC,0.8491034153053263,44,18,1.2997892148457844
2025-05-29,WFC_5,WFC,0.8215014707835833,47,16,0.9210088659255089
2025-05-30,JPM_1,JPM,0.869266661860993,46,17,2.1784546255772237
2025-05-30,JPM_2,JPM,0.8845371106093172,42,17,0.7926415761506989
2025-05-30,JPM_3,JPM,0.896236463147301,51,19,2.5191470302576313
2025-05-30,JPM_4,JPM,0.8798764558981265,41,19,1.0395514583911012
2025-05-30,JPM_5,JPM,0.8780135060422806,40,16,0.8402525533777457
2025-05-30,BAC_1,BAC,0.7899888476779184,48,16,3.1767160006025623
2025-05-30,BAC_2,BAC,0.8132568278974247,46,16,1.7696906042510263
2025-05-30,BAC_3,BAC,0.7921354186609496,38,16,2.1887894514755435
2025-05-30,BAC_4,BAC,0.8025264887915523,44,16,2.1624904380514316
2025-05-30,BAC_5,BAC,0.7762603812214959,39,15,3.0101433891212834
2025-05-30,C_1,C,0.7612151265563196,46,14,1.1840250969870063
2025-05-30,C_2,C,0.775456445896935,43,16,2.6490957614607615
2025-05-30,C_3,C,0.7801789504025664,43,16,1.9483072965735853
2025-05-30,C_4,C,0.7644159898361752,42,15,2.878251179595302
2025-05-30,C_5,C,0.7986588165200401,41,16,3.0200723673327072
2025-05-30,WFC_1,WFC,0.8254891888099801,50,16,0.9607724122008594
2025-05-30,WFC_2,WFC,0.8279642492969499,48,16,2.187392639270184
2025-05-30,WFC_3,WFC,0.8206892030144424,39,16,2.228319921029726
2025-05-30,WFC_4,WFC,0.8088933062451747,46,18,2.6251347829501235
2025-05-30,WFC_5,WFC,0.7941765782399833,44,16,2.7981919882608914
2025-06-02,JPM_1,JPM,0.9134282678764709,54,20,1.4228760541144538
2025-06-02,JPM_2,JPM,0.9174004833954224,46,20,0.7653945040094382
2025-06-02,JPM_3,JPM,0.9036211060116572,43,19,0.6811737776364518
2025-06-02,JPM_4,JPM,0.9004882326041515,55,19,0.8716073649612397
2025-06-02,JPM_5,JPM,0.8765567732506128,44,19,1.7745314789165607
2025-06-02,BAC_1,BAC,0.8362031652377849,43,18,2.4132187471493216
2025-06-02,BAC_2,BAC,0.8209297356273618,36,17,2.1994968858284403
2025-06-02,BAC_3,BAC,0.8142833498666759,49,18,1.8043991249294593
2025-06-02,BAC_4,BAC,0.8147803258575035,51,18,2.1105845441575397
2025-06-02,BAC_5,BAC,0.8105598396015162,46,16,2.916695972953794
2025-06-02,C_1,C,0.7987916170444369,42,18,2.1133333628960274
2025-06-02,C_2,C,0.7419801715707542,50,15,2.4283174908179928
2025-06-02,C_3,C,0.7697877008158175,53,17,2.3877496680423236
2025-06-02,C_4,C,0.7748828831896981,38,17,2.8936323816766034
2025-06-02,C_5,C,0.7671436941893774,46,14,2.4278584643334398
2025-06-02,WFC_1,WFC,0.8750176313079463,38,18,1.8765244162396508
2025-06-02,WFC_2,WFC,0.8454692773792226,44,16,2.6293548949932783
2025-06-02,WFC_3,WFC,0.8477665644179443,50,18,2.4424982446533043
2025-06-02,WFC_4,WFC,0.8252655963987611,45,17,2.3632940313232385
2025-06-02,WFC_5,WFC,0.8194795461737888,42,18,3.1654088967235166
2025-06-03,JPM_1,JPM,0.9176854490123735,47,20,0.5
2025-06-03,JPM_2,JPM,0.896238296542794,48,16,0.8219612819374985
2025-06-03,JPM_3,JPM,0.9064148736821596,48,18,0.8358718196352497
2025-06-03,JPM_4,JPM,0.8777552683309329,51,17,1.4473051211352101
2025-06-03,JPM_5,JPM,0.8790830457470985,45,18,1.5917102026805712
2025-06-03,BAC_1,BAC,0.8212501420323569,50,17,1.7154054959907523
2025-06-03,BAC_2,BAC,0.8193909626195008,51,18,3.1774461623514894
2025-06-03,BAC_3,BAC,0.8063995905682794,46,15,1.7354377014846207
2025-06-03,BAC_4,BAC,0.8217963188081973,42,18,0.5
2025-06-03,BAC_5,BAC,0.7892020364061678,49,19,2.2804508710598728
2025-06-03,C_1,C,0.7879868180823707,43,17,2.6998226222506836
2025-06-03,C_2,C,0.7821562908854602,44,17,3.449670720811243
2025-06-03,C_3,C,0.779263680322936,41,16,3.0764012208842706
2025-06-03,C_4,C,0.7591889298534426,35,15,2.4229661224343575
2025-06-03,C_5,C,0.7756261020596754,41,16,2.255099700930314
2025-06-03,WFC_1,WFC,0.8379723256603478,43,15,2.613156521668742
2025-06-03,WFC_2,WFC,0.8724864453475648,42,19,2.570711123505803
2025-06-03,WFC_3,WFC,0.853495914401939,48,14,0.5
2025-06-03,WFC_4,WFC,0.8141933054845629,40,17,1.3149629073054374
2025-06-03,WFC_5,WFC,0.8231048181785653,39,17,2.2471900438331724
2025-06-04,JPM_1,JPM,0.9077640410414726,54,19,1.8152784104390967
2025-06-04,JPM_2,JPM,0.9205279078367737,44,18,0.9043241353451082
2025-06-04,JPM_3,JPM,0.911681646858765,46,17,1.060202141997585
2025-06-04,JPM_4,JPM,0.8523581437268667,49,18,1.9417112741559348
2025-06-04,JPM_5,JPM,0.8796789259423625,52,17,1.5099463120751622
2025-06-04,BAC_1,BAC,0.8202591628503101,52,18,0.5
2025-06-04,BAC_2,BAC,0.8442494225884639,45,16,1.4545161847386006
2025-06-04,BAC_3,BAC,0.7987005129260831,40,17,2.7499791910361973
2025-06-04,BAC_4,BAC,0.7962452346592387,41,17,3.0921175070157085
2025-06-04,BAC_5,BAC,0.8111046060591308,46,14,2.0608240438002894
2025-06-04,C_1,C,0.7343325302744516,40,15,2.919967793396955
2025-06-04,C_2,C,0.7866659869695515,43,14,3.2587875896112313
2025-06-04,C_3,C,0.7886803863997716,41,16,2.5084908574786753
2025-06-04,C_4,C,0.7740465253403094,37,14,2.4737743020025373
2025-06-04,C_5,C,0.7687697234628201,44,13,2.823015535126571
2025-06-04,WFC_1,WFC,0.8341682466072039,44,19,0.8456741285373923
2025-06-04,WFC_2,WFC,0.8364213818720847,42,16,1.6307651000102437
2025-06-04,WFC_3,WFC,0.8407975651802558,53,16,2.080759449574965
2025-06-04,WFC_4,WFC,0.8328171771127977,49,16,2.0322416168776205
2025-06-04,WFC_5,WFC,0.8075010499006301,45,15,2.2094540936374822
2025-06-05,JPM_1,JPM,0.8948436836076858,53,18,0.905939656789725
2025-06-05,JPM_2,JPM,0.9056648942682409,48,19,0.5
2025-06-05,JPM_3,JPM,0.924558942787762,42,18,0.5
2025-06-05,JPM_4,JPM,0.8511491117743987,45,17,1.379597043455075
2025-06-05,JPM_5,JPM,0.8851640387459263,47,18,1.546562703678656
2025-06-05,BAC_1,BAC,0.8299068206608378,40,17,1.5556167946381518
2025-06-05,BAC_2,BAC,0.7864902550993715,49,15,1.8758401834918652
2025-06-05,BAC_3,BAC,0.8050966589872385,45,17,2.1718883100563167
2025-06-05,BAC_4,BAC,0.8009830119746153,37,15,2.0373215162771023
2025-06-05,BAC_5,BAC,0.8233189315430959,47,14,1.4153026333918273
2025-06-05,C_1,C,0.788875863611018,44,15,3.412654033996745
2025-06-05,C_2,C,0.7896578900012159,48,16,2.255111920149405
2025-06-05,C_3,C,0.775021701096017,42,17,1.989752393068906
2025-06-05,C_4,C,0.7413520977290364,38,15,1.8720191211423818
2025-06-05,C_5,C,0.7796592528841119,49,19,2.7982211480884147
2025-06-05,WFC_1,WFC,0.8225681918784336,49,15,0.946412495576368
2025-06-05,WFC_2,WFC,0.8434441341279577,45,18,1.908485998686146
2025-06-05,WFC_3,WFC,0.8249130840253854,44,16,2.6560328154894015
2025-06-05,WFC_4,WFC,0.825305749088238,41,12,2.2475216478486706
2025-06-05,WFC_5,WFC,0.7749161997605662,42,16,2.327864440175135
2025-06-06,JPM_1,JPM,0.93116488270296,45,19,0.5
2025-06-06,JPM_2,JPM,0.846684168555895,47,20,1.2687984683476015
2025-06-06,JPM_3,JPM,0.8889238984312277,46,18,1.0640808352831799
2025-06-06,JPM_4,JPM,0.8673610349555373,42,20,1.0192739770785477
2025-06-06,JPM_5,JPM,0.8590172835371175,49,15,2.0807157817864828
2025-06-06,BAC_1,BAC,0.8171453154782053,41,16,1.7540150821067095
2025-06-06,BAC_2,BAC,0.8245572406068141,41,16,2.097898043852911
2025-06-06,BAC_3,BAC,0.8457994719700075,50,18,1.4351090754968876
2025-06-06,BAC_4,BAC,0.7845536606793857,47,14,2.816912961016221
2025-06-06,BAC_5,BAC,0.8080782574828416,41,16,2.1582962847097233
2025-06-06,C_1,C,0.7667761523582179,46,14,2.52843463058573
2025-06-06,C_2,C,0.7730682248741906,41,16,2.9719084269801996
2025-06-06,C_3,C,0.7547708198738677,40,15,2.6380478521580946
2025-06-06,C_4,C,0.7678714165543684,37,16,1.89253361498579
2025-06-06,C_5,C,0.7752043973929699,44,17,2.831798439960615
2025-06-06,WFC_1,WFC,0.8368437668393569,38,19,1.8484788799521592
2025-06-06,WFC_2,WFC,0.8565686372399755,52,16,1.3593128024189485
2025-06-06,WFC_3,WFC,0.8416212409949306,46,16,1.5318801603626855
2025-06-06,WFC_4,WFC,0.837338667420004,49,16,1.5740446071538918
2025-06-06,WFC_5,WFC,0.82791075047655,50,15,2.2535189775824342
2025-06-09,JPM_1,JPM,0.8931546724403098,53,18,1.9919102379417424
2025-06-09,JPM_2,JPM,0.8987072110312143,49,17,2.1819916854576276
2025-06-09,JPM_3,JPM,0.9048479214369318,43,18,1.0756533296950659
2025-06-09,JPM_4,JPM,0.9009909592455099,56,18,0.5
2025-06-09,JPM_5,JPM,0.9126298939270452,52,19,1.8853888537261487
2025-06-09,BAC_1,BAC,0.8128321620356789,51,17,2.389271387638636
2025-06-09,BAC_2,BAC,0.8326173853204114,45,18,2.339858015301535
2025-06-09,BAC_3,BAC,0.7979332358033743,47,13,2.5075567636514435
2025-06-09,BAC_4,BAC,0.8007931090655425,42,17,2.0319423172876414
2025-06-09,BAC_5,BAC,0.802954634868307,45,17,1.7138665779885556
2025-06-09,C_1,C,0.765932864825652,45,15,3.250148318950867
2025-06-09,C_2,C,0.7958041909278807,42,16,3.018872660487033
2025-06-09,C_3,C,0.7518234137035711,34,15,2.663589508068163
2025-06-09,C_4,C,0.7511514238676199,43,18,3.0581136152674895
2025-06-09,C_5,C,0.7744564988373418,46,15,2.3655601000902315
2025-06-09,WFC_1,WFC,0.8681337323317784,51,17,1.0515178704201922
2025-06-09,WFC_2,WFC,0.8335749726044172,46,17,1.576251844463391
2025-06-09,WFC_3,WFC,0.8507608374095561,46,19,1.5448574611099561
2025-06-09,WFC_4,WFC,0.847353872925089,45,16,1.0009854025269367
2025-06-09,WFC_5,WFC,0.7954778089343169,45,15,3.1209484332867445
2025-06-10,JPM_1,JPM,0.8892867666237307,48,16,1.3637469963431987
2025-06-10,JPM_2,JPM,0.896653040425051,49,18,0.5
2025-06-10,JPM_3,JPM,0.8840494904374949,52,17,0.7482703110345807
2025-06-10,JPM_4,JPM,0.8913736424743937,56,19,1.7128591229845052
2025-06-10,JPM_5,JPM,0.8695790709669438,58,20,0.8783422728312267
2025-06-10,BAC_1,BAC,0.8442833238143416,42,18,0.9240344237755846
2025-06-10,BAC_2,BAC,0.8077646611739431,46,17,2.384618817727331
2025-06-10,BAC_3,BAC,0.8226133919459514,42,18,1.6600323669398291
2025-06-10,BAC_4,BAC,0.8119097755326627,50,15,2.267372802917447
2025-06-10,BAC_5,BAC,0.8193793147010047,54,18,1.1547333233349526
2025-06-10,C_1,C,0.8041286889191827,44,15,1.6339565405683516
2025-06-10,C_2,C,0.8004531623938401,42,16,2.030952844604952
2025-06-10,C_3,C,0.753770542990265,41,17,3.2228414123874343
2025-06-10,C_4,C,0.7228986305528229,38,13,2.616374685373633
2025-06-10,C_5,C,0.7654655840839364,43,16,2.5580566077944193
2025-06-10,WFC_1,WFC,0.8554182476360538,50,18,1.7533614984589894
2025-06-10,WFC_2,WFC,0.8144424437089317,44,17,2.1785181797468423
2025-06-10,WFC_3,WFC,0.8632873305956463,48,18,0.5
2025-06-10,WFC_4,WFC,0.8269900347578781,46,15,1.6205841526654219
2025-06-10,WFC_5,WFC,0.8260380195984726,47,18,1.0666985165788345
2025-06-11,JPM_1,JPM,0.9350909127842794,50,20,1.0577486387562929
2025-06-11,JPM_2,JPM,0.8974387564392041,50,20,0.5
2025-06-11,JPM_3,JPM,0.8813129235936167,57,16,2.683051261321328
2025-06-11,JPM_4,JPM,0.9021002074686113,50,19,1.5476942131884441
2025-06-11,JPM_5,JPM,0.8892995657149956,50,17,0.8408478261510723
2025-06-11,BAC_1,BAC,0.8229495346606465,40,15,1.8151538716728999
2025-06-11,BAC_2,BAC,0.8197097705407053,42,17,2.7912000689647116
2025-06-11,BAC_3,BAC,0.8370067112399247,49,17,2.5360902284069926
2025-06-11,BAC_4,BAC,0.8097290166934807,46,17,2.096803300647028
2025-06-11,BAC_5,BAC,0.8173398679108306,41,18,2.415223554212941
2025-06-11,C_1,C,0.7543024059202807,40,15,3.364420664096904
2025-06-11,C_2,C,0.7993000807156656,46,16,1.8818849345483881
2025-06-11,C_3,C,0.8017412444359049,45,15,2.26664997016267
2025-06-11,C_4,C,0.7491265124402825,39,16,2.6242665884146104
2025-06-11,C_5,C,0.7684098249169135,38,18,2.4914299609816335
2025-06-11,WFC_1,WFC,0.8282393150896358,45,16,2.126383285000967
2025-06-11,WFC_2,WFC,0.8153610038102013,45,16,1.7349681641783277
2025-06-11,WFC_3,WFC,0.823249937265001,40,16,1.9793675228850984
2025-06-11,WFC_4,WFC,0.8461282240622267,47,18,1.6918574131627095
2025-06-11,WFC_5,WFC,0.8170446701085485,43,17,2.0178762505182313
2025-06-12,JPM_1,JPM,0.8913626699057325,46,18,1.844386023613457
2025-06-12,JPM_2,JPM,0.9095704182818158,48,18,1.9741866579086218
2025-06-12,JPM_3,JPM,0.9231998693670587,46,19,0.5
2025-06-12,JPM_4,JPM,0.8937805453396411,51,17,1.384772443409339
2025-06-12,JPM_5,JPM,0.8698246265143554,47,17,1.4529583068348821
2025-06-12,BAC_1,BAC,0.8126630956666296,42,15,1.703283352869692
2025-06-12,BAC_2,BAC,0.8562013571271425,43,17,2.345739755719732
2025-06-12,BAC_3,BAC,0.7721031086297744,39,16,1.1680313331588519
2025-06-12,BAC_4,BAC,0.8184251463053839,49,17,1.7676906928912317
2025-06-12,BAC_5,BAC,0.8159981515546504,51,19,2.042915488731083
2025-06-12,C_1,C,0.7794085737403413,45,17,1.9842199119690676
2025-06-12,C_2,C,0.7814101975573997,50,17,2.937132657665589
2025-06-12,C_3,C,0.7757499857788082,44,16,2.800796252531497
2025-06-12,C_4,C,0.7678208583641024,39,13,2.3283343452316663
2025-06-12,C_5,C,0.748990639778892,36,15,3.0933389775240334
2025-06-12,WFC_1,WFC,0.8653010427810057,46,18,2.697177479975137
2025-06-12,WFC_2,WFC,0.8337136204300638,45,17,2.205831809132036
2025-06-12,WFC_3,WFC,0.8241566632797293,36,18,2.7542916249426996
2025-06-12,WFC_4,WFC,0.8270301865380568,51,18,3.2714496219968794
2025-06-12,WFC_5,WFC,0.8834832266530953,49,18,1.599993860036165
2025-06-13,JPM_1,JPM,0.8986732581763183,53,17,0.7805893261510264
2025-06-13,JPM_2,JPM,0.9009367847727534,45,19,0.5
2025-06-13,JPM_3,JPM,0.914148792661843,46,18,0.5
2025-06-13,JPM_4,JPM,0.8862792492136198,51,16,1.7084261935600424
2025-06-13,JPM_5,JPM,0.871468690381309,44,16,0.9053685346509924
2025-06-13,BAC_1,BAC,0.8258972505392798,47,15,2.3017415091814253
2025-06-13,BAC_2,BAC,0.8295042894711026,45,15,2.627685816464331
2025-06-13,BAC_3,BAC,0.8365008319493763,40,18,2.047946356023326
2025-06-13,BAC_4,BAC,0.8059203012162482,42,14,2.4076747293809637
2025-06-13,BAC_5,BAC,0.7936272461032932,38,16,1.566387985580375
2025-06-13,C_1,C,0.7739439981570855,39,15,3.330394938509095
2025-06-13,C_2,C,0.7921212202447383,41,15,3.306387705470204
2025-06-13,C_3,C,0.7882866556383101,39,16,2.2821389456726155
2025-06-13,C_4,C,0.752102231822106,37,15,2.611995307304639
2025-06-13,C_5,C,0.742573902775336,44,16,2.8380502193861235
2025-06-13,WFC_1,WFC,0.8129994399189534,44,17,1.1974233458756123
2025-06-13,WFC_2,WFC,0.8497456455737781,51,16,1.6323847508077214
2025-06-13,WFC_3,WFC,0.8096212190065062,42,16,3.0864880783445727
2025-06-13,WFC_4,WFC,0.7862000893170078,46,15,1.9374111208952003
2025-06-13,WFC_5,WFC,0.814877983144443,42,17,1.2535098439886658
2025-06-16,JPM_1,JPM,0.9012800350998844,50,19,0.8893904298646904
2025-06-16,JPM_2,JPM,0.9054185875974344,58,20,0.8634783365512163
2025-06-16,JPM_3,JPM,0.8835991295139042,50,17,1.005348478033338
2025-06-16,JPM_4,JPM,0.9128110673851638,46,19,0.7866867436668405
2025-06-16,JPM_5,JPM,0.8538146799481534,49,15,2.2240391993893214
2025-06-16,BAC_1,BAC,0.8189965816643802,38,17,2.763700220760212
2025-06-16,BAC_2,BAC,0.8286142090565958,51,14,2.2160622947887263
2025-06-16,BAC_3,BAC,0.8222449028934454,54,17,1.3879493587117582
2025-06-16,BAC_4,BAC,0.8116539723804947,45,14,0.9108540234129905
2025-06-16,BAC_5,BAC,0.8118624567360789,48,15,2.098004368142896
2025-06-16,C_1,C,0.7883535097482132,44,16,1.6585531042667874
2025-06-16,C_2,C,0.7708190673525356,44,16,3.1006411008073553
2025-06-16,C_3,C,0.7782475868887897,44,14,2.4778313930275404
2025-06-16,C_4,C,0.7416686164361848,39,15,3.0283805234051684
2025-06-16,C_5,C,0.7847421651956884,41,16,1.7879213319104004
2025-06-16,WFC_1,WFC,0.8353511986878612,53,18,1.8694416511940692
2025-06-16,WFC_2,WFC,0.8384230220292567,41,15,0.5930595570895822
2025-06-16,WFC_3,WFC,0.8771147636790609,47,17,1.6472448094551497
2025-06-16,WFC_4,WFC,0.844085034152469,40,17,2.268747049202773
2025-06-16,WFC_5,WFC,0.8509927237818748,50,18,2.1378293448921526
2025-06-17,JPM_1,JPM,0.8859294714672566,52,18,1.2604298300214487
2025-06-17,JPM_2,JPM,0.8764845272070042,43,18,1.657088365367965
2025-06-17,JPM_3,JPM,0.893137814250228,53,18,1.8258997521495157
2025-06-17,JPM_4,JPM,0.8873383563840263,48,19,1.4915913551566473
2025-06-17,JPM_5,JPM,0.8696310445114239,40,17,0.9160967045465357
2025-06-17,BAC_1,BAC,0.8169334797343591,39,14,2.7247873552263204
2025-06-17,BAC_2,BAC,0.812165897276485,45,14,1.7749738849990835
2025-06-17,BAC_3,BAC,0.8210953299023829,45,16,2.593329501091706
2025-06-17,BAC_4,BAC,0.8084630674412339,40,18,1.5277917183425815
2025-06-17,BAC_5,BAC,0.8367272088885784,49,17,1.1743377968660882
2025-06-17,C_1,C,0.783647579809624,43,14,1.4580360276480764
2025-06-17,C_2,C,0.7444857762700371,52,15,3.5723287210477794
2025-06-17,C_3,C,0.7997625627861534,42,17,1.936393546526331
2025-06-17,C_4,C,0.7350673895679823,30,14,2.402756887710342
2025-06-17,C_5,C,0.789734758304898,37,13,1.801928251718163
2025-06-17,WFC_1,WFC,0.8355257348620178,43,16,2.5145345604736535
2025-06-17,WFC_2,WFC,0.831281877157375,48,14,1.0662739392010812
2025-06-17,WFC_3,WFC,0.8158313206469541,43,14,1.9315269613754256
2025-06-17,WFC_4,WFC,0.8008283995017069,42,16,1.5113772987661311
2025-06-17,WFC_5,WFC,0.8217968093771226,41,16,0.900859842059861
2025-06-18,JPM_1,JPM,0.8828053972389626,42,18,0.5
2025-06-18,JPM_2,JPM,0.8912776076256403,44,18,0.5
2025-06-18,JPM_3,JPM,0.8790887069507439,44,18,1.0183329288071648
2025-06-18,JPM_4,JPM,0.8876551505715329,44,16,0.8263673776189431
2025-06-18,JPM_5,JPM,0.8622305677911991,47,19,0.5765763134745837
2025-06-18,BAC_1,BAC,0.8187271070595925,40,17,2.062036520642147
2025-06-18,BAC_2,BAC,0.7997084991038262,40,18,3.260574771239523
2025-06-18,BAC_3,BAC,0.8257728440962336,46,17,1.9407096769972008
2025-06-18,BAC_4,BAC,0.8012279178605964,38,16,2.237821527535035
2025-06-18,BAC_5,BAC,0.7844682565684629,45,17,1.8853356039032874
2025-06-18,C_1,C,0.7743596040796272,39,14,2.061639519765797
2025-06-18,C_2,C,0.7892537148035995,42,17,2.8328567148140498
2025-06-18,C_3,C,0.7765604574926323,46,17,2.0538216164641545
2025-06-18,C_4,C,0.7689706071754366,47,14,2.425656171805723
2025-06-18,C_5,C,0.7565357503576451,38,15,4.54907170981193
2025-06-18,WFC_1,WFC,0.8322420631364235,43,16,2.1862762348267406
2025-06-18,WFC_2,WFC,0.8422072098694832,46,16,1.8193528571934818
2025-06-18,WFC_3,WFC,0.8246482695574312,44,17,1.9522126689149002
2025-06-18,WFC_4,WFC,0.8154147393541936,42,15,1.4095427891660948
2025-06-18,WFC_5,WFC,0.8160866588714176,45,15,1.3224030475055715
2025-06-19,JPM_1,JPM,0.9227391704093308,57,20,0.869293843451257
2025-06-19,JPM_2,JPM,0.923823413750347,52,20,0.5936589500983044
2025-06-19,JPM_3,JPM,0.8976896725158721,39,18,0.8325887898050801
2025-06-19,JPM_4,JPM,0.890516120915252,46,18,0.5
2025-06-19,JPM_5,JPM,0.8788174777158365,47,16,1.859151693150456
2025-06-19,BAC_1,BAC,0.8443164309482861,47,17,2.4335134233593907
2025-06-19,BAC_2,BAC,0.8306122721620097,45,17,1.4932047066097558
2025-06-19,BAC_3,BAC,0.8185787393625594,45,18,1.822655666036944
2025-06-19,BAC_4,BAC,0.8302843206151505,44,17,1.4775364307716743
2025-06-19,BAC_5,BAC,0.80576772750211,42,15,3.022873554625833
2025-06-19,C_1,C,0.751237230644201,45,15,2.6050141444865793
2025-06-19,C_2,C,0.7704330783075626,42,16,4.0986604050262425
2025-06-19,C_3,C,0.7877952901543757,46,15,3.0263014654624047
2025-06-19,C_4,C,0.7545275069597145,43,15,2.061189126599344
2025-06-19,C_5,C,0.7444700853599335,36,15,3.6466761523332503
2025-06-19,WFC_1,WFC,0.8107426586492692,47,18,2.78023602001249
2025-06-19,WFC_2,WFC,0.8267057584170253,52,15,1.2333003207770585
2025-06-19,WFC_3,WFC,0.8266961570383595,48,18,2.256401232865769
2025-06-19,WFC_4,WFC,0.8089808524370089,48,17,1.4463119871807737
2025-06-19,WFC_5,WFC,0.8075646156363894,49,15,1.366744209884855
2025-06-20,JPM_1,JPM,0.8850396704643851,44,17,0.5
2025-06-20,JPM_2,JPM,0.8798595467410889,48,20,1.6621786911789314
2025-06-20,JPM_3,JPM,0.8608522584209557,48,17,1.4755911335068936
2025-06-20,JPM_4,JPM,0.901556241314908,48,18,1.345468811137457
2025-06-20,JPM_5,JPM,0.8768141366544657,40,14,1.7606042044052281
2025-06-20,BAC_1,BAC,0.822202217132951,48,15,3.1311699024454107
2025-06-20,BAC_2,BAC,0.8322925738689778,43,18,1.0050909624225546
2025-06-20,BAC_3,BAC,0.8576072618539141,47,16,1.4820307348451829
2025-06-20,BAC_4,BAC,0.8298443151134045,48,18,1.0580997677787685
2025-06-20,BAC_5,BAC,0.8051149443021456,45,17,1.3863922176994161
2025-06-20,C_1,C,0.7999588018616234,39,16,2.5922687849715857
2025-06-20,C_2,C,0.7655063438855404,45,14,2.7787228665410684
2025-06-20,C_3,C,0.8018671407857497,45,15,1.8394466873686468
2025-06-20,C_4,C,0.799022598246233,45,18,2.317054041603464
2025-06-20,C_5,C,0.7732654672935786,39,14,2.513112060806363
2025-06-20,WFC_1,WFC,0.843455994610193,53,19,2.133014461632064
2025-06-20,WFC_2,WFC,0.8460142427293256,43,16,1.0119232551834567
2025-06-20,WFC_3,WFC,0.8511083371201414,50,16,1.9502761586578123
2025-06-20,WFC_4,WFC,0.841005888370486,46,17,2.1973057541512264
2025-06-20,WFC_5,WFC,0.8359038323578716,44,15,1.5331661339505804
2025-06-23,JPM_1,JPM,0.8773513533862073,38,18,1.172670994291685
2025-06-23,JPM_2,JPM,0.8667698421868898,52,17,1.2479895848555205
2025-06-23,JPM_3,JPM,0.8618140860059789,44,18,1.877481985139314
2025-06-23,JPM_4,JPM,0.8960807368233522,44,20,0.7358155984455463
2025-06-23,JPM_5,JPM,0.8869398621692426,40,17,0.7185012424068649
2025-06-23,BAC_1,BAC,0.8358368544724507,48,15,2.020460105927423
2025-06-23,BAC_2,BAC,0.8330823032490648,41,16,3.573610309557908
2025-06-23,BAC_3,BAC,0.8051899813676264,38,18,0.5
2025-06-23,BAC_4,BAC,0.8170906411439264,42,15,2.2341889075050774
2025-06-23,BAC_5,BAC,0.7880260212593558,42,15,4.030776470722092
2025-06-23,C_1,C,0.7584852232845268,45,14,1.9366413738427801
2025-06-23,C_2,C,0.7755873226091995,50,14,3.759494806628611
2025-06-23,C_3,C,0.7371682233670495,36,14,2.794112981370064
2025-06-23,C_4,C,0.7883783441613161,42,14,3.096746447132832
2025-06-23,C_5,C,0.7552161686384692,42,16,2.9080860215830664
2025-06-23,WFC_1,WFC,0.8256923790243779,45,16,2.568584831528061
2025-06-23,WFC_2,WFC,0.8585336182706226,46,16,0.9740796884656588
2025-06-23,WFC_3,WFC,0.8420006921424856,49,18,1.3135970717596979
2025-06-23,WFC_4,WFC,0.8354077939580602,42,17,2.4026706708011143
2025-06-23,WFC_5,WFC,0.8225279702884775,41,17,1.020259501273042
2025-06-24,JPM_1,JPM,0.8972795658938468,44,17,0.6811798166622052
2025-06-24,JPM_2,JPM,0.8875201388061053,45,17,0.8411456924945373
2025-06-24,JPM_3,JPM,0.9019549167915218,51,19,0.5
2025-06-24,JPM_4,JPM,0.8687948584497348,46,16,1.106340771945634
2025-06-24,JPM_5,JPM,0.8697791236225703,42,18,2.027252762997743
2025-06-24,BAC_1,BAC,0.8267037321658361,39,15,1.6038848985451
2025-06-24,BAC_2,BAC,0.8201915579667131,47,16,1.4150426949508872
2025-06-24,BAC_3,BAC,0.8138036059404404,46,17,2.5734495516281726
2025-06-24,BAC_4,BAC,0.8289630591552158,45,15,1.698949681993172
2025-06-24,BAC_5,BAC,0.8128282255188916,52,16,2.1303564133217483
2025-06-24,C_1,C,0.7865836085084646,38,14,1.1213158881798402
2025-06-24,C_2,C,0.781731910186096,36,16,2.604816349051602
2025-06-24,C_3,C,0.7723610678325153,43,16,3.1645830157574153
2025-06-24,C_4,C,0.7735034589601832,43,18,2.9275477855277456
2025-06-24,C_5,C,0.754440251937881,38,15,3.5763014475425585
2025-06-24,WFC_1,WFC,0.8298967715583818,46,16,1.8969314963827255
2025-06-24,WFC_2,WFC,0.8658374909919513,46,20,1.2047783358469855
2025-06-24,WFC_3,WFC,0.8583949462606901,48,18,0.9446022242309093
2025-06-24,WFC_4,WFC,0.8208232689245877,45,14,2.191165067191849
2025-06-24,WFC_5,WFC,0.8349463871834198,46,16,1.5657592788557388
2025-06-25,JPM_1,JPM,0.8918240456678794,48,18,2.2854881496897175
2025-06-25,JPM_2,JPM,0.886560856011549,58,19,1.6941284597187916
2025-06-25,JPM_3,JPM,0.8976143505164241,47,18,0.9259770268154006
2025-06-25,JPM_4,JPM,0.9035403642284712,49,20,1.2339153445684095
2025-06-25,JPM_5,JPM,0.8521855988223771,52,15,1.728849238612967
2025-06-25,BAC_1,BAC,0.8035560756454583,47,15,1.3305328958363103
2025-06-25,BAC_2,BAC,0.8133281937632835,51,17,2.688022140847032
2025-06-25,BAC_3,BAC,0.8293363619581903,42,17,1.273875193867676
2025-06-25,BAC_4,BAC,0.805861113724271,42,15,1.7649992241756276
2025-06-25,BAC_5,BAC,0.8041225621732544,49,15,1.9855688499957986
2025-06-25,C_1,C,0.7999442968337803,39,15,2.7765174383198485
2025-06-25,C_2,C,0.7853444867571691,40,15,2.8490903821404165
2025-06-25,C_3,C,0.7232339698513842,36,14,2.4077403641050887
2025-06-25,C_4,C,0.7748031225115282,36,14,1.837760975052262
2025-06-25,C_5,C,0.7799904575307328,45,16,2.3733188773008127
2025-06-25,WFC_1,WFC,0.8097111384871022,43,17,2.8585733825828665
2025-06-25,WFC_2,WFC,0.8563737081526119,45,17,2.513980751658387
2025-06-25,WFC_3,WFC,0.8293801044638622,42,18,2.0534122669080714
2025-06-25,WFC_4,WFC,0.8369028319322767,51,17,0.7795155600966517
2025-06-25,WFC_5,WFC,0.8217313236211001,40,16,0.5
2025-06-26,JPM_1,JPM,0.8943753884769396,43,17,0.5
2025-06-26,JPM_2,JPM,0.8659335276201292,45,18,0.5
2025-06-26,JPM_3,JPM,0.8877037321821316,44,17,0.8868684472131617
2025-06-26,JPM_4,JPM,0.893398472171511,50,17,0.8543394942685227
2025-06-26,JPM_5,JPM,0.8895204236816441,53,17,2.3837105975495594
2025-06-26,BAC_1,BAC,0.806116088322753,48,17,2.6961519995520717
2025-06-26,BAC_2,BAC,0.7765298996296499,49,15,2.8515401485351464
2025-06-26,BAC_3,BAC,0.8102905448089597,50,16,1.8734263707569105
2025-06-26,BAC_4,BAC,0.8276388062469923,48,16,0.9334559351351014
2025-06-26,BAC_5,BAC,0.8214828854401562,41,17,1.6870769393139387
2025-06-26,C_1,C,0.7811179307290689,47,15,1.5457744407939626
2025-06-26,C_2,C,0.7656038838553704,40,17,2.074050430435548
2025-06-26,C_3,C,0.8023041168353257,42,16,0.9188701423378953
2025-06-26,C_4,C,0.7600312929855919,50,15,2.4261084428564
2025-06-26,C_5,C,0.7519163634238419,38,16,4.402053964327205
2025-06-26,WFC_1,WFC,0.8388542344944229,45,15,0.991624692730623
2025-06-26,WFC_2,WFC,0.845740920613994,48,15,1.212235085612144
2025-06-26,WFC_3,WFC,0.8527186187389157,41,16,1.1322707711870295
2025-06-26,WFC_4,WFC,0.8151243083451852,43,17,2.8825774280458267
2025-06-26,WFC_5,WFC,0.817832737879032,52,16,0.924834603796225
2025-06-27,JPM_1,JPM,0.8933294907770504,49,17,1.9491798958740463
2025-06-27,JPM_2,JPM,0.8642032602302281,49,18,2.2338523689222365
2025-06-27,JPM_3,JPM,0.9048522382305477,46,18,0.6870892162429206
2025-06-27,JPM_4,JPM,0.9072878234931903,40,19,2.316808674237935
2025-06-27,JPM_5,JPM,0.8510541252151415,48,17,0.575378256467356
2025-06-27,BAC_1,BAC,0.8379059064336764,47,17,1.3617844575805376
2025-06-27,BAC_2,BAC,0.8191473525674663,41,15,2.3672957725029686
2025-06-27,BAC_3,BAC,0.8038238233202489,45,18,2.996188826190412
2025-06-27,BAC_4,BAC,0.7991974330608297,46,15,2.6891327638780025
2025-06-27,BAC_5,BAC,0.83005300956685,39,17,2.9676841428895857
2025-06-27,C_1,C,0.7904097554981904,39,14,3.6486332793635983
2025-06-27,C_2,C,0.7941470467586172,38,16,2.5875620727437636
2025-06-27,C_3,C,0.7735110977830566,40,16,1.8973011133228832
2025-06-27,C_4,C,0.7624443896133684,47,16,2.7236479605957467
2025-06-27,C_5,C,0.752378381857493,46,18,2.5443906918051606
2025-06-27,WFC_1,WFC,0.813615436341359,46,16,2.196995138614484
2025-06-27,WFC_2,WFC,0.827932516128677,45,18,0.5
2025-06-27,WFC_3,WFC,0.820054393830592,43,16,1.7974438147384189
2025-06-27,WFC_4,WFC,0.8234934169048609,47,19,1.1771857178703855
2025-06-27,WFC_5,WFC,0.8212454189851023,49,18,1.6642483330618705
2025-06-30,JPM_1,JPM,0.9157309612606318,56,16,0.9954623230705851
2025-06-30,JPM_2,JPM,0.9096680994441508,51,17,2.0781074793826457
2025-06-30,JPM_3,JPM,0.8458841110466155,39,20,2.153555508890337
2025-06-30,JPM_4,JPM,0.8798289542930989,46,17,1.5264609400475442
2025-06-30,JPM_5,JPM,0.8358667574069522,46,19,1.810334588316019
2025-06-30,BAC_1,BAC,0.7839875567824321,44,17,2.211521051466018
2025-06-30,BAC_2,BAC,0.8050099567047121,45,16,2.504914654103568
2025-06-30,BAC_3,BAC,0.7931398310541766,43,16,0.9962367029360533
2025-06-30,BAC_4,BAC,0.8037900118985934,41,16,2.0215066374406585
2025-06-30,BAC_5,BAC,0.7896768360590876,40,16,1.116958705357729
2025-06-30,C_1,C,0.7531468830298252,43,15,2.6393573228901697
2025-06-30,C_2,C,0.7539512529516935,51,14,3.819437861114622
2025-06-30,C_3,C,0.7622692771681713,37,16,2.5850912600002416
2025-06-30,C_4,C,0.7692276487702641,38,17,2.6010855404039104
2025-06-30,C_5,C,0.7936592963761328,39,14,3.140346058062821
2025-06-30,WFC_1,WFC,0.8446461645059186,43,19,1.4549042980078588
2025-06-30,WFC_2,WFC,0.8424977079361289,44,14,1.476481019030348
2025-06-30,WFC_3,WFC,0.828459183285698,48,17,2.2221372111090396
2025-06-30,WFC_4,WFC,0.8293897493957783,45,18,0.5
2025-06-30,WFC_5,WFC,0.8347352430615589,48,16,1.7660778437184967
2025-07-01,JPM_1,JPM,0.9254185546186491,51,18,0.5
2025-07-01,JPM_2,JPM,0.9021218367382347,43,20,1.3248905827685542
2025-07-01,JPM_3,JPM,0.8828797661970184,43,17,1.6272579344638785
2025-07-01,JPM_4,JPM,0.8912588833191054,51,19,1.9504045147360785
2025-07-01,JPM_5,JPM,0.8262578409116298,46,19,1.777350881824023
2025-07-01,BAC_1,BAC,0.7980820660949303,45,15,1.9026569906489734
2025-07-01,BAC_2,BAC,0.7980620438979735,43,17,0.959982881469432
2025-07-01,BAC_3,BAC,0.8043618049103969,45,14,1.9684895502428752
2025-07-01,BAC_4,BAC,0.8147050712166874,48,18,1.272496007915282
2025-07-01,BAC_5,BAC,0.7851246420385867,42,15,2.6813279968359014
2025-07-01,C_1,C,0.7835505690867431,44,16,1.8862263574448364
2025-07-01,C_2,C,0.7507032438290034,38,16,2.4723468693166972
2025-07-01,C_3,C,0.7968994856401339,44,16,2.637826133246868
2025-07-01,C_4,C,0.7769861554493329,37,15,1.8961874312583604
2025-07-01,C_5,C,0.7483773234494696,40,15,3.4267479280747155
2025-07-01,WFC_1,WFC,0.8418923210117021,45,17,2.573249742318973
2025-07-01,WFC_2,WFC,0.8316488258609519,47,14,1.5783398105410613
2025-07-01,WFC_3,WFC,0.8357731789928885,41,18,1.0655379251801327
2025-07-01,WFC_4,WFC,0.8237419044702473,43,19,2.5412266705656594
2025-07-01,WFC_5,WFC,0.8139536717058554,46,16,2.4881145770317423
2025-07-02,JPM_1,JPM,0.9024663180622695,47,19,0.6370653906708652
2025-07-02,JPM_2,JPM,0.8686138041713096,53,18,1.2724372399109565
2025-07-02,JPM_3,JPM,0.8816899009903936,49,18,1.5076290830082344
2025-07-02,JPM_4,JPM,0.8506906035254517,45,19,2.0075444190662286
2025-07-02,JPM_5,JPM,0.8678411729436253,55,17,2.3676394334505426
2025-07-02,BAC_1,BAC,0.7939840636537604,35,18,2.298932941756352
2025-07-02,BAC_2,BAC,0.812435179780997,35,18,2.2904005785531774
2025-07-02,BAC_3,BAC,0.8047119718864634,40,15,1.946955790729561
2025-07-02,BAC_4,BAC,0.8085944581075035,42,14,0.866075099559886
2025-07-02,BAC_5,BAC,0.7611503136107427,40,16,2.3356348132087157
2025-07-02,C_1,C,0.7761577495713456,46,14,2.9916130099160174
2025-07-02,C_2,C,0.7643021035152726,40,15,2.7608388876398045
2025-07-02,C_3,C,0.7809464882578973,48,14,1.573592560984936
2025-07-02,C_4,C,0.7508907738929756,42,14,1.7858527426163338
2025-07-02,C_5,C,0.7529348828055374,41,16,2.0010892587511986
2025-07-02,WFC_1,WFC,0.8318204255055727,46,16,2.130590520809441
2025-07-02,WFC_2,WFC,0.8868909968538006,48,18,2.3785738276977404
2025-07-02,WFC_3,WFC,0.8394586346918625,43,17,2.2330479073715352
2025-07-02,WFC_4,WFC,0.8057659613623245,45,15,1.664964725198561
2025-07-02,WFC_5,WFC,0.8176578641417216,43,17,1.8495283768815896
2025-07-03,JPM_1,JPM,0.9251231936429519,45,17,0.5478961553932589
2025-07-03,JPM_2,JPM,0.897837470660749,52,19,1.9025810973509443
2025-07-03,JPM_3,JPM,0.8539056019806115,42,17,1.456430543596516
2025-07-03,JPM_4,JPM,0.8548999337274902,43,19,0.5
2025-07-03,JPM_5,JPM,0.8618124321514347,49,16,0.5
2025-07-03,BAC_1,BAC,0.815188146536207,46,17,1.427418147230136
2025-07-03,BAC_2,BAC,0.8245896739621515,42,17,2.5267015626315623
2025-07-03,BAC_3,BAC,0.8348301288542757,45,18,2.3740344708154844
2025-07-03,BAC_4,BAC,0.8010749686736962,42,16,2.2051728746100814
2025-07-03,BAC_5,BAC,0.7978179008000332,46,15,1.7516968243343307
2025-07-03,C_1,C,0.7835063371358232,44,14,2.0347064045553784
2025-07-03,C_2,C,0.7575948200096103,50,16,2.069116659493835
2025-07-03,C_3,C,0.7619622416851543,36,16,2.790207610403045
2025-07-03,C_4,C,0.7828895226921662,43,16,2.8480099198098685
2025-07-03,C_5,C,0.768069008246152,38,16,1.6194848562079027
2025-07-03,WFC_1,WFC,0.8588948929976945,44,18,1.6834252187893761
2025-07-03,WFC_2,WFC,0.8090862843418285,40,17,0.9665713179680788
2025-07-03,WFC_3,WFC,0.8371221031313545,43,16,2.6158771972249335
2025-07-03,WFC_4,WFC,0.8309665613264334,45,18,1.563925619208755
2025-07-03,WFC_5,WFC,0.8168094458070179,40,17,1.6314083411132128
2025-07-04,JPM_1,JPM,0.9026255134179477,48,17,0.7826670600047306
2025-07-04,JPM_2,JPM,0.8743189291377813,50,16,1.8195855632985634
2025-07-04,JPM_3,JPM,0.8894368731580728,48,17,0.9969672076881211
2025-07-04,JPM_4,JPM,0.8672179779687752,41,17,2.1401179875925846
2025-07-04,JPM_5,JPM,0.8801251557297902,46,18,2.3464645426218906
2025-07-04,BAC_1,BAC,0.8309377958074703,46,15,1.6189595561999988
2025-07-04,BAC_2,BAC,0.8234638358689674,52,17,3.1366907044857455
2025-07-04,BAC_3,BAC,0.8287108077577723,44,17,1.3616543790855777
2025-07-04,BAC_4,BAC,0.8467561728771837,42,16,2.296082564883044
2025-07-04,BAC_5,BAC,0.7747620765422779,43,16,2.4578583759520396
2025-07-04,C_1,C,0.7965488584467102,45,18,1.109621857808948
2025-07-04,C_2,C,0.7893784266199023,39,15,2.831491396290068
2025-07-04,C_3,C,0.7875675514990672,39,15,2.5196658253668445
2025-07-04,C_4,C,0.7787143911153446,39,15,2.921950210104186
2025-07-04,C_5,C,0.7706473831595749,44,13,2.86809497461595
2025-07-04,WFC_1,WFC,0.8488716548492382,35,17,1.9959045516277696
2025-07-04,WFC_2,WFC,0.8704202065514508,49,18,1.8298593189870145
2025-07-04,WFC_3,WFC,0.8100811943007717,41,16,1.7864257724927375
2025-07-04,WFC_4,WFC,0.8008744131254398,46,14,1.3852909871903096
2025-07-04,WFC_5,WFC,0.8355654256912035,48,15,2.6297440262853318
2025-07-07,JPM_1,JPM,0.8738197861398762,51,16,0.9309254859981562
2025-07-07,JPM_2,JPM,0.8994150395213976,56,18,1.566839930236545
2025-07-07,JPM_3,JPM,0.9029488803127566,51,18,1.515710920305947
2025-07-07,JPM_4,JPM,0.8895540568418052,50,16,0.8633568579226564
2025-07-07,JPM_5,JPM,0.851317299842757,45,19,1.8651440478361534
2025-07-07,BAC_1,BAC,0.847595453488776,43,17,1.959308281760507
2025-07-07,BAC_2,BAC,0.8195512933359036,51,16,2.255854998429495
2025-07-07,BAC_3,BAC,0.7671228523604707,46,15,2.988187297216262
2025-07-07,BAC_4,BAC,0.8390376488508685,46,14,2.2978870211142883
2025-07-07,BAC_5,BAC,0.785215474548924,39,15,1.2437009441957663
2025-07-07,C_1,C,0.7863317390861932,44,15,2.7845136623537288
2025-07-07,C_2,C,0.7913613052081883,40,16,2.5354783180390372
2025-07-07,C_3,C,0.7717383981445486,42,14,1.5026746044677788
2025-07-07,C_4,C,0.7638091021089793,39,15,2.471720197559915
2025-07-07,C_5,C,0.7537859523582507,38,16,3.3355575910400415
2025-07-07,WFC_1,WFC,0.8545508405161166,42,20,1.3720526100289947
2025-07-07,WFC_2,WFC,0.8428993168724879,48,18,2.064915127569366
2025-07-07,WFC_3,WFC,0.8296847945765626,44,16,1.4171604802525473
2025-07-07,WFC_4,WFC,0.8500155424316818,44,15,2.0420816828963857
2025-07-07,WFC_5,WFC,0.8165506608012975,42,16,0.9620844397575414
2025-07-08,JPM_1,JPM,0.9049238949321273,43,20,1.0537627505646696
2025-07-08,JPM_2,JPM,0.8726925838420486,45,16,1.951917514166996
2025-07-08,JPM_3,JPM,0.8861258626121143,48,18,1.3474887598009255
2025-07-08,JPM_4,JPM,0.8720310482354819,57,17,1.6056539545755597
2025-07-08,JPM_5,JPM,0.8710131163350391,46,18,1.3346592721637098
2025-07-08,BAC_1,BAC,0.8175007493362506,43,16,0.7522623469604512
2025-07-08,BAC_2,BAC,0.7950412166471221,40,14,2.8988404373101777
2025-07-08,BAC_3,BAC,0.8282264706787149,38,17,2.6939964552132283
2025-07-08,BAC_4,BAC,0.8047267472249161,45,16,2.50782275567775
2025-07-08,BAC_5,BAC,0.7744882033066286,43,16,1.892216229022516
2025-07-08,C_1,C,0.7717858276379036,39,15,2.719308431417185
2025-07-08,C_2,C,0.7526100151061208,51,14,1.7700716667822638
2025-07-08,C_3,C,0.771942807384428,38,17,2.8016435237152715
2025-07-08,C_4,C,0.7517069719955595,43,16,3.440141267618801
2025-07-08,C_5,C,0.7351810682177313,38,17,3.1128805038737597
2025-07-08,WFC_1,WFC,0.8831386183678179,48,18,0.6517295227433283
2025-07-08,WFC_2,WFC,0.8105435801446185,43,16,2.227987119458843
2025-07-08,WFC_3,WFC,0.8404697218110906,45,16,1.2669824315175457
2025-07-08,WFC_4,WFC,0.8049610442306093,45,17,3.0972900132936503
2025-07-08,WFC_5,WFC,0.8108557163478155,41,17,2.3073415055485538
2025-07-09,JPM_1,JPM,0.9064607087407588,52,19,2.014291872587431
2025-07-09,JPM_2,JPM,0.9081368760149857,53,18,0.5
2025-07-09,JPM_3,JPM,0.8742199310779646,50,19,2.3276182189266916
2025-07-09,JPM_4,JPM,0.8825907397716795,49,16,1.084538990688159
2025-07-09,JPM_5,JPM,0.8498483642508091,50,18,1.792822831240024
2025-07-09,BAC_1,BAC,0.8146679118714104,47,15,1.3514547073841707
2025-07-09,BAC_2,BAC,0.7622575739953663,43,16,2.4557354340223987
2025-07-09,BAC_3,BAC,0.7766717026585587,40,16,1.767001766697307
2025-07-09,BAC_4,BAC,0.8131276306931723,46,18,2.40627885941378
2025-07-09,BAC_5,BAC,0.7989424252650895,48,16,1.571140230293211
2025-07-09,C_1,C,0.7518355460377418,37,13,2.09592650435826
2025-07-09,C_2,C,0.795266908262708,39,14,1.7346667602898034
2025-07-09,C_3,C,0.7874144153873365,35,15,3.26684691994013
2025-07-09,C_4,C,0.7370921886450266,37,14,3.3255299821413216
2025-07-09,C_5,C,0.7624418378234129,44,15,2.360609304846684
2025-07-09,WFC_1,WFC,0.8623542564107387,47,20,1.9636315556116872
2025-07-09,WFC_2,WFC,0.8631603933883417,48,17,0.512101586835161
2025-07-09,WFC_3,WFC,0.8022076682416885,49,17,2.611894544661613
2025-07-09,WFC_4,WFC,0.8136332340163425,50,14,1.8446645922829321
2025-07-09,WFC_5,WFC,0.8196183271860548,44,18,1.3067808551063211
2025-07-10,JPM_1,JPM,0.8967136167214448,46,16,0.9788854544871908
2025-07-10,JPM_2,JPM,0.8835293901265493,56,19,0.9578764100529598
2025-07-10,JPM_3,JPM,0.8935235803770806,50,18,0.5346643863700533
2025-07-10,JPM_4,JPM,0.8740120164142705,50,17,1.227541958027777
2025-07-10,JPM_5,JPM,0.8848390277967462,49,16,1.0316265513987002
2025-07-10,BAC_1,BAC,0.8474509493942208,39,18,0.6829723578608375
2025-07-10,BAC_2,BAC,0.8090461248386228,48,17,2.260323367466202
2025-07-10,BAC_3,BAC,0.7924219564405931,42,17,2.1613099857029257
2025-07-10,BAC_4,BAC,0.8022167256989927,42,17,2.5464078238123995
2025-07-10,BAC_5,BAC,0.7959465423694371,43,15,2.133192537178593
2025-07-10,C_1,C,0.7870481669564519,45,16,2.5992587641296336
2025-07-10,C_2,C,0.8144709751257142,37,14,2.5287317944818346
2025-07-10,C_3,C,0.7711969395599821,37,15,2.844213057711962
2025-07-10,C_4,C,0.7514806675598079,40,18,3.2442252371266127
2025-07-10,C_5,C,0.7459866713406857,39,14,2.86816139934472
2025-07-10,WFC_1,WFC,0.827883533990095,40,17,1.3581640995605242
2025-07-10,WFC_2,WFC,0.8272445118594961,48,17,1.7349234403685523
2025-07-10,WFC_3,WFC,0.8281939119546868,48,17,1.3914146335228068
2025-07-10,WFC_4,WFC,0.8701695001523565,47,16,1.0360292134603821
2025-07-10,WFC_5,WFC,0.7995222196735564,39,15,2.723829220391885
2025-07-11,JPM_1,JPM,0.8651154737631472,50,15,0.5196059770996334
2025-07-11,JPM_2,JPM,0.9157488672712679,55,18,0.8230214357679031
2025-07-11,JPM_3,JPM,0.859566113998785,42,15,1.6721694743347284
2025-07-11,JPM_4,JPM,0.8706576654526883,58,17,1.4041318458130019
2025-07-11,JPM_5,JPM,0.8885472111031179,55,17,1.2086176394029304
2025-07-11,BAC_1,BAC,0.8589600413808032,45,19,2.193401060918303
2025-07-11,BAC_2,BAC,0.8366258447262377,43,17,1.3645349833156968
2025-07-11,BAC_3,BAC,0.8177744491506411,40,17,2.4181118430752884
2025-07-11,BAC_4,BAC,0.8240691153746241,47,17,2.423196369435965
2025-07-11,BAC_5,BAC,0.7995268093860443,47,17,3.1640246990863137
2025-07-11,C_1,C,0.8084075145190459,49,14,2.3647525083191
2025-07-11,C_2,C,0.7931499586270859,44,16,2.448248314470581
2025-07-11,C_3,C,0.7643956202426012,37,14,3.227952799847482
2025-07-11,C_4,C,0.7573440615210175,48,15,3.27749208445704
2025-07-11,C_5,C,0.792691602755374,49,15,0.9591260600090836
2025-07-11,WFC_1,WFC,0.824648374257766,48,17,2.3287946328639384
2025-07-11,WFC_2,WFC,0.8628241680531838,47,17,2.1581309040583507
2025-07-11,WFC_3,WFC,0.7866105154908423,45,16,3.641666946517141
2025-07-11,WFC_4,WFC,0.7993530903669858,40,13,2.41895447339633
2025-07-11,WFC_5,WFC,0.8483486702266512,46,17,2.531588506586435
2025-07-14,JPM_1,JPM,0.8934731303637762,47,19,0.8245480867099122
2025-07-14,JPM_2,JPM,0.8980624249786564,54,17,1.1540023639338421
2025-07-14,JPM_3,JPM,0.8936803302992732,57,20,0.5760470818063597
2025-07-14,JPM_4,JPM,0.8977523507388517,52,15,0.9521775509868989
2025-07-14,JPM_5,JPM,0.8709235117308671,47,18,1.4108818181900786
2025-07-14,BAC_1,BAC,0.800732486778181,45,19,2.253257269670628
2025-07-14,BAC_2,BAC,0.8066943395632705,48,16,2.6433497220751727
2025-07-14,BAC_3,BAC,0.8187898793215936,35,17,2.777766956592115
2025-07-14,BAC_4,BAC,0.8382621303236657,52,16,2.5854067465494674
2025-07-14,BAC_5,BAC,0.8164822336113665,44,16,2.6663234771084783
2025-07-14,C_1,C,0.7945163567438052,51,17,2.334279407697038
2025-07-14,C_2,C,0.7885243219030295,42,15,1.7558998423792724
2025-07-14,C_3,C,0.7828824643708149,41,16,2.366974260941769
2025-07-14,C_4,C,0.7849739601766796,42,14,1.242859000723324
2025-07-14,C_5,C,0.7818094392461502,54,15,2.315654575703896
2025-07-14,WFC_1,WFC,0.8020785168130941,47,16,2.462237944460972
2025-07-14,WFC_2,WFC,0.8281209082020511,48,17,2.6900336155975983
2025-07-14,WFC_3,WFC,0.8698713179331639,50,17,1.7055519023810874
2025-07-14,WFC_4,WFC,0.8281255503328016,41,17,2.8433642298666326
2025-07-14,WFC_5,WFC,0.819323056998598,44,15,1.4590196192891467
2025-07-15,JPM_1,JPM,0.9101612382118179,59,20,0.5
2025-07-15,JPM_2,JPM,0.9187937155860888,55,17,0.896894745527335
2025-07-15,JPM_3,JPM,0.9205779283308277,49,18,0.5
2025-07-15,JPM_4,JPM,0.8755557066311059,48,16,1.1098812932861062
2025-07-15,JPM_5,JPM,0.8559418641940587,45,16,1.0581130900673932
2025-07-15,BAC_1,BAC,0.7772169907473849,41,15,3.2513188228482215
2025-07-15,BAC_2,BAC,0.8161924601495252,46,16,2.0912990760606323
2025-07-15,BAC_3,BAC,0.784526537530782,40,16,2.176177234786418
2025-07-15,BAC_4,BAC,0.8092079887837456,41,17,2.9003104031521207
2025-07-15,BAC_5,BAC,0.7855165820552878,41,16,2.348070929436196
2025-07-15,C_1,C,0.7844658347212817,43,15,1.559246696331188
2025-07-15,C_2,C,0.8029052553159914,40,16,2.844562482857822
2025-07-15,C_3,C,0.8017748926191584,40,15,2.7045511484465856
2025-07-15,C_4,C,0.7982266155564118,39,17,1.2688449512108946
2025-07-15,C_5,C,0.7707304410051371,42,15,2.5128897412755027
2025-07-15,WFC_1,WFC,0.8598961257403804,51,18,2.7500016230150006
2025-07-15,WFC_2,WFC,0.8702092278383052,49,17,1.9850479861561632
2025-07-15,WFC_3,WFC,0.8434184660094035,40,18,1.3919572117878802
2025-07-15,WFC_4,WFC,0.811309935807375,52,15,2.86605702574485
2025-07-15,WFC_5,WFC,0.8002964799106872,42,16,1.8842589150599018
2025-07-16,JPM_1,JPM,0.9080376985604222,47,20,0.5807781598158308
2025-07-16,JPM_2,JPM,0.8785080333209584,41,17,0.5
2025-07-16,JPM_3,JPM,0.8798645888104215,41,16,1.6602064321997085
2025-07-16,JPM_4,JPM,0.9104728302242888,45,17,1.9421258192354482
2025-07-16,JPM_5,JPM,0.8657890805645365,50,19,0.5
2025-07-16,BAC_1,BAC,0.8160032737869849,47,16,2.0620083051073155
2025-07-16,BAC_2,BAC,0.8267405346245095,46,19,1.1428996445309565
2025-07-16,BAC_3,BAC,0.8283445382266311,48,17,1.748459379987763
2025-07-16,BAC_4,BAC,0.824412389450608,40,16,2.6220675352131884
2025-07-16,BAC_5,BAC,0.7970343604582413,50,14,2.452064631838705
2025-07-16,C_1,C,0.7764204364679766,47,16,2.486956031138474
2025-07-16,C_2,C,0.7694408765367244,40,13,3.1602325604704786
2025-07-16,C_3,C,0.771474135412668,42,15,3.0839953879896878
2025-07-16,C_4,C,0.7572469432564481,41,16,3.2562895178217994
2025-07-16,C_5,C,0.7713777131919349,41,17,2.391793739554571
2025-07-16,WFC_1,WFC,0.8305273732435503,49,17,1.565288365462762
2025-07-16,WFC_2,WFC,0.826183511702517,44,14,2.2123017795897364
2025-07-16,WFC_3,WFC,0.8228698945868961,49,15,0.8844645732175596
2025-07-16,WFC_4,WFC,0.8221062151348492,43,16,2.145727749057435
2025-07-16,WFC_5,WFC,0.8036137758202601,43,15,2.405159544304797
2025-07-17,JPM_1,JPM,0.8841044691652512,50,20,0.5857008807102208
2025-07-17,JPM_2,JPM,0.8683875012560948,47,17,1.1685769541216047
2025-07-17,JPM_3,JPM,0.8687823486035561,45,18,1.4527591896705174
2025-07-17,JPM_4,JPM,0.8675559606180047,47,17,1.1660648871891677
2025-07-17,JPM_5,JPM,0.8493227763740198,46,17,1.2545121195480535
2025-07-17,BAC_1,BAC,0.7993003891934821,42,15,1.96546790425282
2025-07-17,BAC_2,BAC,0.8070991975794498,51,15,1.8476418723040184
2025-07-17,BAC_3,BAC,0.7908366473682829,47,14,1.7313617679404736
2025-07-17,BAC_4,BAC,0.8147928358716439,41,16,2.2688518769804835
2025-07-17,BAC_5,BAC,0.8081613232185556,41,19,2.853802752753591
2025-07-17,C_1,C,0.798207393963112,48,18,2.0572412787903445
2025-07-17,C_2,C,0.7825062702951527,42,18,2.356007700886494
2025-07-17,C_3,C,0.7670648685985091,38,14,2.7040898066947787
2025-07-17,C_4,C,0.7650665191053303,42,15,3.6164779708303016
2025-07-17,C_5,C,0.7795975208646484,46,15,3.486376655636902
2025-07-17,WFC_1,WFC,0.8292219374046319,41,16,2.682580402801552
2025-07-17,WFC_2,WFC,0.8498704681699463,44,16,1.9908932150492904
2025-07-17,WFC_3,WFC,0.8252067794132302,47,15,2.043192584776073
2025-07-17,WFC_4,WFC,0.8572458368670813,47,14,2.45304006461356
2025-07-17,WFC_5,WFC,0.8096770815479787,41,16,1.8228576905441938
2025-07-18,JPM_1,JPM,0.8966301290578317,44,17,1.3207022730625657
2025-07-18,JPM_2,JPM,0.8761898915299176,52,16,0.5
2025-07-18,JPM_3,JPM,0.8904128638713021,49,19,1.9619435494455415
2025-07-18,JPM_4,JPM,0.8809866772627217,48,17,1.7154945583643202
2025-07-18,JPM_5,JPM,0.8771427823516454,51,18,0.5
2025-07-18,BAC_1,BAC,0.840585681998542,51,16,2.2498840081718288
2025-07-18,BAC_2,BAC,0.8278371673558799,41,16,2.696763624536484
2025-07-18,BAC_3,BAC,0.8036258541350888,42,18,2.550479631324838
2025-07-18,BAC_4,BAC,0.824367037239068,39,18,1.6606680440801274
2025-07-18,BAC_5,BAC,0.8062749066097616,43,16,1.4200818922694824
2025-07-18,C_1,C,0.771590524326313,46,14,2.709411927363184
2025-07-18,C_2,C,0.7425527456301109,39,16,3.1692173411968603
2025-07-18,C_3,C,0.7526644742870268,45,15,2.162083364553798
2025-07-18,C_4,C,0.7432085253552332,48,14,3.384077532406628
2025-07-18,C_5,C,0.7406579570327391,45,15,2.7855961027550413
2025-07-18,WFC_1,WFC,0.8346506046426988,43,15,2.31246253449127
2025-07-18,WFC_2,WFC,0.8600046181915377,47,17,1.8992976157412125
2025-07-18,WFC_3,WFC,0.8220833048072176,49,18,1.7080023737479062
2025-07-18,WFC_4,WFC,0.8372802082694762,42,15,1.7068723314001342
2025-07-18,WFC_5,WFC,0.8189875400221885,44,15,1.4369443539288753
2025-07-21,JPM_1,JPM,0.9089440366326972,56,20,0.5
2025-07-21,JPM_2,JPM,0.9398008221527313,48,20,0.5685724324595505
2025-07-21,JPM_3,JPM,0.8952783021600099,52,19,0.5
2025-07-21,JPM_4,JPM,0.8711972660796181,48,17,2.2243406157218946
2025-07-21,JPM_5,JPM,0.8786932317464902,46,18,1.0749126853966655
2025-07-21,BAC_1,BAC,0.8160755596037725,40,16,2.744031709274994
2025-07-21,BAC_2,BAC,0.8323495955763932,49,16,1.868478903361531
2025-07-21,BAC_3,BAC,0.7899635635540504,52,17,2.5871625856752267
2025-07-21,BAC_4,BAC,0.8151695401003914,45,18,3.2368447629248633
2025-07-21,BAC_5,BAC,0.8233430150478365,48,17,1.7898129166498384
2025-07-21,C_1,C,0.7808872427995064,49,16,1.828429824300363
2025-07-21,C_2,C,0.7737890784354212,49,16,2.467688174861843
2025-07-21,C_3,C,0.7807698857641332,43,15,2.0540973921636514
2025-07-21,C_4,C,0.7655327205813026,44,15,2.7343407416056014
2025-07-21,C_5,C,0.7378489710591927,36,14,2.683655915758221
2025-07-21,WFC_1,WFC,0.8498520712589536,43,18,0.5227844420602186
2025-07-21,WFC_2,WFC,0.861783639902058,42,18,1.5073291924026297
2025-07-21,WFC_3,WFC,0.8261677798000739,54,15,1.1076726700257342
2025-07-21,WFC_4,WFC,0.8100301389681784,41,17,0.9714241556661483
2025-07-21,WFC_5,WFC,0.8106059121514864,48,17,2.000507956631485
2025-07-22,JPM_1,JPM,0.8767163875013128,46,19,1.9606319378256707
2025-07-22,JPM_2,JPM,0.8831965267403923,47,18,1.8011707737378804
2025-07-22,JPM_3,JPM,0.8892802244322024,47,17,1.2975325161828632
2025-07-22,JPM_4,JPM,0.8863754444276067,54,17,2.0176611189629194
2025-07-22,JPM_5,JPM,0.8812801565444675,50,18,0.5
2025-07-22,BAC_1,BAC,0.8148370175596895,48,16,2.5566757884080102
2025-07-22,BAC_2,BAC,0.8103732292270033,46,17,3.290454708533808
2025-07-22,BAC_3,BAC,0.8212397207847398,53,17,1.8543208071048372
2025-07-22,BAC_4,BAC,0.8128467598921748,47,17,3.1330612887257576
2025-07-22,BAC_5,BAC,0.8151179209321188,47,16,0.9539382133475189
2025-07-22,C_1,C,0.7762540233248065,42,13,3.203748707704914
2025-07-22,C_2,C,0.8040467793692965,46,16,1.4986538511208916
2025-07-22,C_3,C,0.7384336543061177,39,16,2.310725032559772
2025-07-22,C_4,C,0.7718186961494742,44,14,2.456617479246316
2025-07-22,C_5,C,0.7508453048902254,42,15,2.751125955536179
2025-07-22,WFC_1,WFC,0.8313919818144735,43,16,1.9864018886289285
2025-07-22,WFC_2,WFC,0.8442712761333948,41,17,2.1082987071162274
2025-07-22,WFC_3,WFC,0.8147620061657371,40,17,1.540336297552054
2025-07-22,WFC_4,WFC,0.8182095705064445,44,19,2.098849038712186
2025-07-22,WFC_5,WFC,0.8192670898899774,45,15,1.2455512925275958
2025-07-23,JPM_1,JPM,0.899731872357984,46,18,0.9270639554723363
2025-07-23,JPM_2,JPM,0.9099746688471595,57,19,1.4215940351577787
2025-07-23,JPM_3,JPM,0.8884107756954539,49,17,1.3455419901551902
2025-07-23,JPM_4,JPM,0.8627310529347608,49,19,1.7154589719395872
2025-07-23,JPM_5,JPM,0.863989031857177,51,17,0.5766917108626818
2025-07-23,BAC_1,BAC,0.8213496510776411,48,18,1.207115431512357
2025-07-23,BAC_2,BAC,0.8141856186391461,47,16,1.57684705512289
2025-07-23,BAC_3,BAC,0.8025916704902417,45,16,2.1849548769028284
2025-07-23,BAC_4,BAC,0.774688092138389,42,13,2.755017860216392
2025-07-23,BAC_5,BAC,0.8388466976059077,42,19,2.101601250674787
2025-07-23,C_1,C,0.8117899520031956,43,14,1.197480166887964
2025-07-23,C_2,C,0.7913396764400054,40,15,2.935856215063555
2025-07-23,C_3,C,0.756581217910802,41,17,2.4185409020768067
2025-07-23,C_4,C,0.7405614938317866,41,15,3.6437708139114453
2025-07-23,C_5,C,0.7593797290833567,42,14,2.8115723300341675
2025-07-23,WFC_1,WFC,0.8440545863810026,47,15,0.5
2025-07-23,WFC_2,WFC,0.827809611221679,46,17,2.2570700206691994
2025-07-23,WFC_3,WFC,0.8334956649842855,37,14,1.160296463554162
2025-07-23,WFC_4,WFC,0.8193852085598591,48,15,2.081614556037828
2025-07-23,WFC_5,WFC,0.8220457910722285,48,19,1.2078289886580302
2025-07-24,JPM_1,JPM,0.8900832938704348,53,16,1.3683822781880701
2025-07-24,JPM_2,JPM,0.9013665749494334,44,18,1.5352230314640978
2025-07-24,JPM_3,JPM,0.9017525134598211,52,19,1.7101054463503598
2025-07-24,JPM_4,JPM,0.887475495756087,49,18,1.372994695729179
2025-07-24,JPM_5,JPM,0.8672878093737515,43,18,1.8463570048211653
2025-07-24,BAC_1,BAC,0.8344753114646405,47,14,0.9125425331183226
2025-07-24,BAC_2,BAC,0.8424439231259586,40,16,2.027423664111413
2025-07-24,BAC_3,BAC,0.8095654487435193,49,16,1.3695479766835224
2025-07-24,BAC_4,BAC,0.8031580706872932,47,16,2.579873233693906
2025-07-24,BAC_5,BAC,0.7716204083117109,47,17,2.579222057456254
2025-07-24,C_1,C,0.8127112834488496,47,18,1.8568035557045992
2025-07-24,C_2,C,0.7733817692872464,44,15,2.3293108658144974
2025-07-24,C_3,C,0.7777914478087515,44,16,2.3313732617658136
2025-07-24,C_4,C,0.7394089524817661,41,14,2.8478841175591687
2025-07-24,C_5,C,0.7628914392070695,41,15,3.385360230796409
2025-07-24,WFC_1,WFC,0.8322737284687526,46,17,1.9872010254023256
2025-07-24,WFC_2,WFC,0.8313938529904594,46,16,1.5781407284958373
2025-07-24,WFC_3,WFC,0.8307023487951628,45,17,1.8462790871069514
2025-07-24,WFC_4,WFC,0.8368021287414033,45,17,1.5953593069164205
2025-07-24,WFC_5,WFC,0.8237254503944943,49,16,1.6336632393291282
2025-07-25,JPM_1,JPM,0.9248443740455101,45,18,0.8982701817018406
2025-07-25,JPM_2,JPM,0.9120025969048201,52,18,1.2014450441474716
2025-07-25,JPM_3,JPM,0.9020384275832631,48,18,1.2303256609593962
2025-07-25,JPM_4,JPM,0.8841377786163529,45,19,1.8382574632750561
2025-07-25,JPM_5,JPM,0.8492330227879417,41,17,1.780097656464999
2025-07-25,BAC_1,BAC,0.7904661697877802,46,17,2.2692338866576063
2025-07-25,BAC_2,BAC,0.8016687170723094,47,16,2.9193034116806453
2025-07-25,BAC_3,BAC,0.7869627200089858,47,15,2.2708905989741055
2025-07-25,BAC_4,BAC,0.7848134797058822,42,15,1.5246682246679129
2025-07-25,BAC_5,BAC,0.8051987677744841,45,16,1.80850903627891
2025-07-25,C_1,C,0.7303624602657189,40,14,2.341991914981198
2025-07-25,C_2,C,0.7766919104747765,37,18,2.2263533425080015
2025-07-25,C_3,C,0.78695684204547,50,15,2.17727000144857
2025-07-25,C_4,C,0.7678915543082061,45,13,2.8552664351632653
2025-07-25,C_5,C,0.7820325713277652,52,17,2.283026142017944
2025-07-25,WFC_1,WFC,0.8201538814196612,47,16,0.7993418525042628
2025-07-25,WFC_2,WFC,0.8277462013362814,45,18,1.7483570435464542
2025-07-25,WFC_3,WFC,0.8142333695859689,45,17,1.78399741474051
2025-07-25,WFC_4,WFC,0.8439486515922668,47,17,1.9784198129915085
2025-07-25,WFC_5,WFC,0.8135319564745999,41,14,2.7499342964104025
2025-07-28,JPM_1,JPM,0.8967003512383143,48,18,1.122434924064234
2025-07-28,JPM_2,JPM,0.8957241191178417,42,19,0.5036346167853495
2025-07-28,JPM_3,JPM,0.8877944467969182,54,19,0.7664973157966899
2025-07-28,JPM_4,JPM,0.9240060124253916,45,19,0.5
2025-07-28,JPM_5,JPM,0.8605455755490243,41,17,3.4654404651178763
2025-07-28,BAC_1,BAC,0.8483531742573636,48,16,1.5702207514930462
2025-07-28,BAC_2,BAC,0.8140595578584469,44,16,2.8893937201502076
2025-07-28,BAC_3,BAC,0.8213379306511468,43,15,1.692394922702557
2025-07-28,BAC_4,BAC,0.8427670380070257,49,19,1.0996051640183437
2025-07-28,BAC_5,BAC,0.7687924243591794,49,15,2.7646838479819182
2025-07-28,C_1,C,0.7412273693810272,35,17,3.299446520662713
2025-07-28,C_2,C,0.7808566120088747,35,17,1.9984159904774503
2025-07-28,C_3,C,0.8021667863036689,45,16,2.8130506579159933
2025-07-28,C_4,C,0.7379708463332159,41,17,3.285171976522568
2025-07-28,C_5,C,0.7388269425307652,41,14,2.64357127417051
2025-07-28,WFC_1,WFC,0.8365318757206252,47,17,1.549239837843049
2025-07-28,WFC_2,WFC,0.852859583374608,51,16,1.4675884259279184
2025-07-28,WFC_3,WFC,0.8206328894958815,44,15,2.4827804492590158
2025-07-28,WFC_4,WFC,0.8370356661983227,45,16,2.339479277719033
2025-07-28,WFC_5,WFC,0.8332901940262724,49,16,1.245585358963483
2025-07-29,JPM_1,JPM,0.9022828263802807,59,19,0.5
2025-07-29,JPM_2,JPM,0.8953752261530337,51,17,2.455582674268663
2025-07-29,JPM_3,JPM,0.887774214658618,43,16,1.0537341647772425
2025-07-29,JPM_4,JPM,0.855880451244822,44,16,1.0501241985305922
2025-07-29,JPM_5,JPM,0.8717016853849179,45,18,0.5
2025-07-29,BAC_1,BAC,0.8100079562276286,50,16,2.0943570011270816
2025-07-29,BAC_2,BAC,0.8255026763036649,47,17,1.7635664413655272
2025-07-29,BAC_3,BAC,0.7897100570092717,38,17,3.1981234029686707
2025-07-29,BAC_4,BAC,0.828036788448759,49,18,3.4721795347503925
2025-07-29,BAC_5,BAC,0.8127921605445015,45,16,2.062726501354982
2025-07-29,C_1,C,0.7901163878470522,49,16,2.021371436642304
2025-07-29,C_2,C,0.7538338338061165,45,17,2.9924804258816033
2025-07-29,C_3,C,0.7793660484393555,49,17,0.7830216617605557
2025-07-29,C_4,C,0.7509206279993468,43,15,3.157204791804741
2025-07-29,C_5,C,0.7776687033376404,38,15,2.4122798759259427
2025-07-29,WFC_1,WFC,0.825382643151387,38,17,1.8862251002356174
2025-07-29,WFC_2,WFC,0.8465085920714924,50,17,1.5857529811787128
2025-07-29,WFC_3,WFC,0.8269198369657287,40,14,2.819809276647389
2025-07-29,WFC_4,WFC,0.8236496117053591,44,16,1.431752765902029
2025-07-29,WFC_5,WFC,0.7917138867011374,38,15,2.028113854087029
2025-07-30,JPM_1,JPM,0.8823235785738542,50,17,0.8316897399254473
2025-07-30,JPM_2,JPM,0.9080866808444104,47,17,0.5
2025-07-30,JPM_3,JPM,0.8714720764169975,57,18,0.5959018296481442
2025-07-30,JPM_4,JPM,0.8796740914295099,43,18,2.4685033454807472
2025-07-30,JPM_5,JPM,0.8751367785900702,50,18,1.6444210130838435
2025-07-30,BAC_1,BAC,0.8397449709780622,41,18,1.7920166561357975
2025-07-30,BAC_2,BAC,0.8367555397865765,44,17,1.4336203003088643
2025-07-30,BAC_3,BAC,0.7967567925228173,39,20,2.2565824378861676
2025-07-30,BAC_4,BAC,0.8321886643737066,41,18,0.5
2025-07-30,BAC_5,BAC,0.8321792431836139,46,17,2.405745930675307
2025-07-30,C_1,C,0.7661532186724354,41,15,2.814735784896491
2025-07-30,C_2,C,0.7474732805903382,49,15,3.6900395251706892
2025-07-30,C_3,C,0.8031849173511971,46,15,2.4010208216597357
2025-07-30,C_4,C,0.7331367933326022,43,16,4.570836977526102
2025-07-30,C_5,C,0.7600303610964936,49,14,2.4995678809959907
2025-07-30,WFC_1,WFC,0.8626886580634614,51,18,1.968886070027505
2025-07-30,WFC_2,WFC,0.8238580063247135,46,16,1.75150450518286
2025-07-30,WFC_3,WFC,0.8065675694651765,38,17,2.7335106712652077
2025-07-30,WFC_4,WFC,0.8418191535338082,46,18,2.5974132409270196
2025-07-30,WFC_5,WFC,0.8084990145167252,41,16,2.6137001969599543
2025-07-31,JPM_1,JPM,0.8673527127718874,42,17,1.6824536164063013
2025-07-31,JPM_2,JPM,0.8896861614799657,43,16,2.1704087915514085
2025-07-31,JPM_3,JPM,0.9090157942666601,52,18,0.7629966123352212
2025-07-31,JPM_4,JPM,0.8593507751699865,56,17,1.826082297004804
2025-07-31,JPM_5,JPM,0.8861013952824257,46,18,1.5275983729517453
2025-07-31,BAC_1,BAC,0.8123849115457082,51,16,1.757565838314318
2025-07-31,BAC_2,BAC,0.8402793803792473,48,16,1.6177186888251052
2025-07-31,BAC_3,BAC,0.816208677187042,47,15,1.8716017691902906
2025-07-31,BAC_4,BAC,0.8080842721545691,40,15,2.1912589272231107
2025-07-31,BAC_5,BAC,0.7880624444788481,45,18,1.537832171270181
2025-07-31,C_1,C,0.8256827382326596,42,17,1.8527690973637343
2025-07-31,C_2,C,0.7946247279242256,46,16,1.4691496568717177
2025-07-31,C_3,C,0.762626749388741,33,16,2.3244402113616833
2025-07-31,C_4,C,0.7770259754763209,32,16,3.0843863956727744
2025-07-31,C_5,C,0.7697965449326086,43,14,2.2532479540754196
2025-07-31,WFC_1,WFC,0.8421283797346145,48,16,1.9663498922066434
2025-07-31,WFC_2,WFC,0.85825790456493,45,17,1.8220473198027922
2025-07-31,WFC_3,WFC,0.8146477744860919,49,17,2.2375903818811422
2025-07-31,WFC_4,WFC,0.795849068455909,42,14,1.987528500157839
2025-07-31,WFC_5,WFC,0.8241365467866097,43,15,2.9134459381624493
2025-08-01,JPM_1,JPM,0.8975124198886807,49,17,1.7222083352528288
2025-08-01,JPM_2,JPM,0.8759868394992579,49,18,1.3691760042785102
2025-08-01,JPM_3,JPM,0.9081041564368264,47,18,0.5
2025-08-01,JPM_4,JPM,0.8866400944416847,46,19,1.2421709349020302
2025-08-01,JPM_5,JPM,0.8889371585520413,49,19,1.6655292503051595
2025-08-01,BAC_1,BAC,0.8275127205483296,49,18,3.322275457986353
2025-08-01,BAC_2,BAC,0.8080767182376603,45,18,1.8217139313503528
2025-08-01,BAC_3,BAC,0.7994248143907718,41,15,1.399611431348746
2025-08-01,BAC_4,BAC,0.8102251278605056,40,18,1.496131344021726
2025-08-01,BAC_5,BAC,0.7843407420178902,38,14,2.3083220242219555
2025-08-01,C_1,C,0.7746612438743579,43,18,2.2676829442378206
2025-08-01,C_2,C,0.7625258235847207,42,14,2.6758477968074064
2025-08-01,C_3,C,0.7650517847438348,41,14,3.62034008057636
2025-08-01,C_4,C,0.7719623385312062,44,15,2.9659064893596336
2025-08-01,C_5,C,0.7595516837827672,44,15,2.386983232266448
2025-08-01,WFC_1,WFC,0.8548237586204558,48,17,2.0321792189774026
2025-08-01,WFC_2,WFC,0.8106076967856174,47,15,2.9378222628797106
2025-08-01,WFC_3,WFC,0.8303636601182852,43,17,1.9789335680114775
2025-08-01,WFC_4,WFC,0.7895562801744559,43,14,1.6829167965779626
2025-08-01,WFC_5,WFC,0.8366759492259704,42,17,2.210564859652764
2025-08-04,JPM_1,JPM,0.8556377249056979,46,16,1.550918389984126
2025-08-04,JPM_2,JPM,0.9014953889118001,47,19,2.011647612126996
2025-08-04,JPM_3,JPM,0.8961122540738042,54,17,0.833773429024357
2025-08-04,JPM_4,JPM,0.8752768063485528,51,16,1.3718530702270406
2025-08-04,JPM_5,JPM,0.8823106874230298,46,18,1.5344851628933365
2025-08-04,BAC_1,BAC,0.8228321731423817,41,16,1.9583653006201207
2025-08-04,BAC_2,BAC,0.7969009269747369,41,16,3.1103212596397296
2025-08-04,BAC_3,BAC,0.8046568010459785,40,14,1.4618326305896794
2025-08-04,BAC_4,BAC,0.8296759884345913,42,15,3.0031257159899916
2025-08-04,BAC_5,BAC,0.8304032544367411,39,16,1.5555089995778348
2025-08-04,C_1,C,0.7676993375720402,38,14,1.5775631862191686
2025-08-04,C_2,C,0.7676966824910735,36,13,1.8647551941939282
2025-08-04,C_3,C,0.742119666031382,38,15,2.507036751972665
2025-08-04,C_4,C,0.764482210283635,40,16,2.682509819579518
2025-08-04,C_5,C,0.7821032096608469,38,15,2.2690833700045587
2025-08-04,WFC_1,WFC,0.8330102625563272,41,16,2.403097004603074
2025-08-04,WFC_2,WFC,0.8596102808428682,46,17,1.1778659160946878
2025-08-04,WFC_3,WFC,0.8132318483028841,44,16,0.8263590012313942
2025-08-04,WFC_4,WFC,0.8416429604095965,43,16,1.7650920833539427
2025-08-04,WFC_5,WFC,0.8104265840767396,48,17,2.249395787702605
2025-08-05,JPM_1,JPM,0.898458146173473,48,17,1.002177455387001
2025-08-05,JPM_2,JPM,0.8765539489692212,43,16,0.5
2025-08-05,JPM_3,JPM,0.8620385879359604,49,16,1.9089440527777732
2025-08-05,JPM_4,JPM,0.8753186651372038,49,18,0.8186649242902101
2025-08-05,JPM_5,JPM,0.8913618817823283,51,17,0.5502745333902609
2025-08-05,BAC_1,BAC,0.8299947379426214,47,15,2.6986186782687227
2025-08-05,BAC_2,BAC,0.8090934637384831,41,17,2.848362063271205
2025-08-05,BAC_3,BAC,0.8204791290366953,40,16,2.228641853376422
2025-08-05,BAC_4,BAC,0.7837672224659838,48,16,2.6689272296595545
2025-08-05,BAC_5,BAC,0.8003539325686586,44,15,1.6909409036777614
2025-08-05,C_1,C,0.7793997690806456,37,18,1.2454804863126365
2025-08-05,C_2,C,0.7512258536473573,45,15,3.223735851271171
2025-08-05,C_3,C,0.7517620265415581,45,16,2.7555937528347516
2025-08-05,C_4,C,0.7564126633871822,38,16,2.050465869512992
2025-08-05,C_5,C,0.769249110400508,37,17,1.8869018651796732
2025-08-05,WFC_1,WFC,0.8418052156540166,51,16,1.4965869695208658
2025-08-05,WFC_2,WFC,0.8314190796187905,41,17,0.5662770168829834
2025-08-05,WFC_3,WFC,0.8305521137055872,46,15,2.3408162853697894
2025-08-05,WFC_4,WFC,0.8266087338436306,50,14,2.196492456389702
2025-08-05,WFC_5,WFC,0.823582691569335,42,17,1.3353326503127105
2025-08-06,JPM_1,JPM,0.8936074353327843,46,18,0.5871694337343439
2025-08-06,JPM_2,JPM,0.9052371342154214,50,20,0.5
2025-08-06,JPM_3,JPM,0.895989670501794,48,16,0.664596361562416
2025-08-06,JPM_4,JPM,0.8766566337635773,49,17,0.9928339607204593
2025-08-06,JPM_5,JPM,0.8791882133187222,45,19,0.9386620918066247
2025-08-06,BAC_1,BAC,0.8020973234840726,47,17,1.8060190163829817
2025-08-06,BAC_2,BAC,0.8366542404756216,42,17,1.5792159400290178
2025-08-06,BAC_3,BAC,0.8343557682333141,41,16,1.7241191857325038
2025-08-06,BAC_4,BAC,0.7702094657090612,39,16,3.13091538463035
2025-08-06,BAC_5,BAC,0.7996674707260342,47,16,2.536268381738148
2025-08-06,C_1,C,0.7555458678409067,40,17,3.2995916016767977
2025-08-06,C_2,C,0.7721447070166797,43,15,2.217254591081994
2025-08-06,C_3,C,0.7945333967782445,44,17,1.7764855965301019
2025-08-06,C_4,C,0.7506487740191446,43,11,3.9052344982411107
2025-08-06,C_5,C,0.7499345718126291,38,14,4.521028977737533
2025-08-06,WFC_1,WFC,0.8542938602468461,53,17,1.8170599771090359
2025-08-06,WFC_2,WFC,0.8409558843076356,49,18,2.1228851410237675
2025-08-06,WFC_3,WFC,0.8146085162217056,47,19,1.926624114955316
2025-08-06,WFC_4,WFC,0.825688429141171,42,15,2.5521155562232885
2025-08-06,WFC_5,WFC,0.8083326148072884,47,16,3.017181087783956
2025-08-07,JPM_1,JPM,0.8804985512515341,43,20,0.9727209709902856
2025-08-07,JPM_2,JPM,0.8982828483780728,47,18,1.4532528860650271
2025-08-07,JPM_3,JPM,0.889173773242093,46,18,0.8741908697099738
2025-08-07,JPM_4,JPM,0.8985526213643666,49,20,1.4546233800013297
2025-08-07,JPM_5,JPM,0.876409834703128,44,17,0.5069050557394762
2025-08-07,BAC_1,BAC,0.8531311647459766,41,14,1.9272299521274876
2025-08-07,BAC_2,BAC,0.8145240966425217,42,16,1.8777278481710595
2025-08-07,BAC_3,BAC,0.7830226463100945,41,18,2.5577884833031113
2025-08-07,BAC_4,BAC,0.7971415456331874,39,15,2.9180634345020935
2025-08-07,BAC_5,BAC,0.7917586330831999,46,17,1.4911542764777994
2025-08-07,C_1,C,0.7946206405091762,45,14,2.12803420141208
2025-08-07,C_2,C,0.7621406105924344,47,17,1.8846140038006993
2025-08-07,C_3,C,0.7659511961399984,38,15,1.993018341738817
2025-08-07,C_4,C,0.748552959247803,38,19,2.7192483114329757
2025-08-07,C_5,C,0.7570934517671265,36,16,2.216812081298996
2025-08-07,WFC_1,WFC,0.8592799469542315,47,16,1.5501015160525606
2025-08-07,WFC_2,WFC,0.8317190884151375,45,16,1.343993070240237
2025-08-07,WFC_3,WFC,0.8395461299701985,45,18,0.9446908311112905
2025-08-07,WFC_4,WFC,0.8164271257679233,40,17,1.1613371124131358
2025-08-07,WFC_5,WFC,0.8091283005078335,40,16,2.6416387737269043
2025-08-08,JPM_1,JPM,0.8993135675756575,45,19,1.724848502111219
2025-08-08,JPM_2,JPM,0.8644309889620867,60,17,1.1113328006851668
2025-08-08,JPM_3,JPM,0.8864935721170843,46,19,0.5
2025-08-08,JPM_4,JPM,0.8846062857185915,50,19,1.230581548122455
2025-08-08,JPM_5,JPM,0.8718152234842987,56,17,0.8405169525128122
2025-08-08,BAC_1,BAC,0.7973010054905305,39,17,2.951202911102592
2025-08-08,BAC_2,BAC,0.7906319151001314,48,17,2.8049213598864173
2025-08-08,BAC_3,BAC,0.777880699841835,39,15,3.01916070001627
2025-08-08,BAC_4,BAC,0.7770410589397584,43,15,2.9420892219586996
2025-08-08,BAC_5,BAC,0.8116658765109136,42,16,2.2417540449972897
2025-08-08,C_1,C,0.7693043478312952,41,15,2.079665804596774
2025-08-08,C_2,C,0.7814871941046488,38,16,4.100673817630453
2025-08-08,C_3,C,0.7294112460499405,32,15,2.1200359955988817
2025-08-08,C_4,C,0.730437994169681,37,16,3.3320961014917936
2025-08-08,C_5,C,0.747443737834937,33,13,3.1779044717533385
2025-08-08,WFC_1,WFC,0.8976976342186175,58,20,0.5
2025-08-08,WFC_2,WFC,0.8504903327665618,51,16,1.489772731498861
2025-08-08,WFC_3,WFC,0.8351910687199672,44,17,2.554533648656707
2025-08-08,WFC_4,WFC,0.8208263032262414,41,17,2.9413434687334803
2025-08-08,WFC_5,WFC,0.8052009801588852,51,18,1.5781462589784416
2025-08-11,JPM_1,JPM,0.8867274230335939,46,18,1.5536497001156775
2025-08-11,JPM_2,JPM,0.8898773794832454,51,18,1.0682325468943772
2025-08-11,JPM_3,JPM,0.9109149254784,54,19,1.4315152069078394
2025-08-11,JPM_4,JPM,0.8651637604069691,40,16,0.5
2025-08-11,JPM_5,JPM,0.848534407650728,42,18,2.342456848178076
2025-08-11,BAC_1,BAC,0.7972974413302242,45,16,2.0930586245045233
2025-08-11,BAC_2,BAC,0.8154593022640922,45,17,0.5
2025-08-11,BAC_3,BAC,0.8306870218186402,46,17,2.4074354568672507
2025-08-11,BAC_4,BAC,0.813701545238193,45,16,2.4456473501452307
2025-08-11,BAC_5,BAC,0.8102309110696263,50,16,2.699519057624098
2025-08-11,C_1,C,0.7562752150898765,43,18,3.324568635260337
2025-08-11,C_2,C,0.813086792940062,45,16,2.1550988976538044
2025-08-11,C_3,C,0.7771108448583537,47,17,2.491830905413646
2025-08-11,C_4,C,0.753449718010759,40,15,2.342045933723884
2025-08-11,C_5,C,0.7972431314910864,44,14,2.5520158041239154
2025-08-11,WFC_1,WFC,0.8168995160542146,45,15,1.8426663910765155
2025-08-11,WFC_2,WFC,0.8486344885789942,44,17,1.9515204884820685
2025-08-11,WFC_3,WFC,0.8141083876865588,46,15,2.019437129711418
2025-08-11,WFC_4,WFC,0.7900946034310659,47,17,2.920274165167666
2025-08-11,WFC_5,WFC,0.8514935106188148,51,15,1.0977506732003144
2025-08-12,JPM_1,JPM,0.9135732682667174,55,17,1.4831635702277577
2025-08-12,JPM_2,JPM,0.8775405588590257,37,18,2.1035324209609083
2025-08-12,JPM_3,JPM,0.9049467452454287,46,16,0.9218999074449312
2025-08-12,JPM_4,JPM,0.8750942579748449,53,16,0.5
2025-08-12,JPM_5,JPM,0.8703973568306352,46,16,1.8608792337188325
2025-08-12,BAC_1,BAC,0.8076382327918528,49,17,1.9521730935192152
2025-08-12,BAC_2,BAC,0.8026569214277163,47,14,2.1989095009843074
2025-08-12,BAC_3,BAC,0.7976602477800283,46,14,2.549837870719523
2025-08-12,BAC_4,BAC,0.8172069780448529,43,17,2.187204847301213
2025-08-12,BAC_5,BAC,0.7595862923520057,40,14,2.501289199032782
2025-08-12,C_1,C,0.8019930479435851,39,15,1.7041648037535775
2025-08-12,C_2,C,0.7438828775862822,38,14,3.470489911399153
2025-08-12,C_3,C,0.7728890250828855,38,14,2.4716294171622684
2025-08-12,C_4,C,0.7692266589960006,45,16,3.3158588301108765
2025-08-12,C_5,C,0.7477757427455245,40,13,2.944133835428101
2025-08-12,WFC_1,WFC,0.8359382160967663,49,16,0.9435759159664503
2025-08-12,WFC_2,WFC,0.8265815462716833,51,17,2.4441293604455083
2025-08-12,WFC_3,WFC,0.8508119478186245,50,17,1.3030964524620494
2025-08-12,WFC_4,WFC,0.836836964668135,48,17,1.3862113000279386
2025-08-12,WFC_5,WFC,0.8175678922416435,48,15,2.667347218452804
2025-08-13,JPM_1,JPM,0.9138453007547244,52,18,0.5
2025-08-13,JPM_2,JPM,0.888246804270267,51,17,2.735137416107579
2025-08-13,JPM_3,JPM,0.8782004788134301,48,18,1.5265313098816147
2025-08-13,JPM_4,JPM,0.9082840177779202,49,20,1.1808350104793024
2025-08-13,JPM_5,JPM,0.8495602126543582,42,16,2.1919418726461846
2025-08-13,BAC_1,BAC,0.8555353780189232,40,17,0.9328304257983828
2025-08-13,BAC_2,BAC,0.8529679781344919,51,17,0.5
2025-08-13,BAC_3,BAC,0.7546230708715321,42,15,2.105889351635322
2025-08-13,BAC_4,BAC,0.7931354705563765,48,16,3.062393067061202
2025-08-13,BAC_5,BAC,0.7949286788437802,44,18,1.6405802442803603
2025-08-13,C_1,C,0.7761680017494967,47,16,3.13983013944945
2025-08-13,C_2,C,0.7991342284225357,44,16,2.602334175431021
2025-08-13,C_3,C,0.7628576905890698,38,13,3.1594067192213258
2025-08-13,C_4,C,0.7825836325363498,40,16,2.3179026889715124
2025-08-13,C_5,C,0.7506176689239031,44,14,1.6955826074070195
2025-08-13,WFC_1,WFC,0.83267548706589,46,18,1.4927741313380745
2025-08-13,WFC_2,WFC,0.8114050313578558,49,16,1.519595036694704
2025-08-13,WFC_3,WFC,0.8481450266433964,39,14,1.3371151727569952
2025-08-13,WFC_4,WFC,0.8953632206481315,55,15,1.1076824558999818
2025-08-13,WFC_5,WFC,0.8514769341882468,54,19,2.3500882248323784
2025-08-14,JPM_1,JPM,0.9097295335592653,46,18,1.5850985608004047
2025-08-14,JPM_2,JPM,0.9109186232036748,49,20,1.3149033551040463
2025-08-14,JPM_3,JPM,0.8596000859667872,45,18,1.4315194332166414
2025-08-14,JPM_4,JPM,0.8734379389915712,46,17,1.0778065745973773
2025-08-14,JPM_5,JPM,0.87178460120446,50,18,1.4581367443749516
2025-08-14,BAC_1,BAC,0.825017980922498,44,17,1.635835157916737
2025-08-14,BAC_2,BAC,0.824221743987535,46,17,2.2788375648934918
2025-08-14,BAC_3,BAC,0.8419909885291168,46,17,1.3036858874375596
2025-08-14,BAC_4,BAC,0.8038437021185251,51,17,1.8211179044712316
2025-08-14,BAC_5,BAC,0.8123241167183806,43,14,1.9916909630130226
2025-08-14,C_1,C,0.7703423906001863,42,17,2.8619287742111714
2025-08-14,C_2,C,0.7540400466416504,37,15,2.4055504565217407
2025-08-14,C_3,C,0.7547778382224832,38,15,3.5789424868847886
2025-08-14,C_4,C,0.7782801804511625,37,15,2.353253872728565
2025-08-14,C_5,C,0.7525294054522749,38,15,1.896780339035213
2025-08-14,WFC_1,WFC,0.854036766267342,44,18,1.8210943084612414
2025-08-14,WFC_2,WFC,0.8129888549903144,43,15,1.9262749666103203
2025-08-14,WFC_3,WFC,0.8498505767402869,38,17,1.720490253609032
2025-08-14,WFC_4,WFC,0.8140549397268186,48,17,0.7064484877195769
2025-08-14,WFC_5,WFC,0.8277064902849799,50,16,3.050932572179568
2025-08-15,JPM_1,JPM,0.9051676751184695,51,18,0.7722542179495034
2025-08-15,JPM_2,JPM,0.9002289620710752,45,16,1.988735777060194
2025-08-15,JPM_3,JPM,0.838337072550488,43,18,2.430844272592688
2025-08-15,JPM_4,JPM,0.8634796745517295,52,19,2.0251056475892097
2025-08-15,JPM_5,JPM,0.8795326656197507,50,18,1.622834575666133
2025-08-15,BAC_1,BAC,0.8136184532042486,45,16,2.858750144726602
2025-08-15,BAC_2,BAC,0.8226770955287456,47,17,1.6234002127183427
2025-08-15,BAC_3,BAC,0.7977056063736654,42,16,2.3718128723486607
2025-08-15,BAC_4,BAC,0.8181269110962937,43,16,2.1275172143618852
2025-08-15,BAC_5,BAC,0.7886686051597357,38,17,3.3498550235762927
2025-08-15,C_1,C,0.7518766829457508,44,14,2.6254720006818606
2025-08-15,C_2,C,0.7901474776030563,39,17,2.1454967140524293
2025-08-15,C_3,C,0.7386586926314228,35,15,3.7322206160893048
2025-08-15,C_4,C,0.7597198910954732,41,14,2.5447231889156
2025-08-15,C_5,C,0.7303745862208376,37,14,2.740753782140062
2025-08-15,WFC_1,WFC,0.8378857063189944,50,17,1.9783881191375723
2025-08-15,WFC_2,WFC,0.8294143072069655,42,18,2.8628129027852847
2025-08-15,WFC_3,WFC,0.8477894097691108,42,16,1.5632183441634702
2025-08-15,WFC_4,WFC,0.8381692157411703,47,16,1.3597932810217996
2025-08-15,WFC_5,WFC,0.82044876851987,52,16,3.622512990410428
2025-08-18,JPM_1,JPM,0.8825840399560546,46,18,1.7451354714871716
2025-08-18,JPM_2,JPM,0.8803417646657002,52,16,0.8542899222016851
2025-08-18,JPM_3,JPM,0.9013679993042673,49,17,0.601085556310025
2025-08-18,JPM_4,JPM,0.8854429908763669,44,19,1.4988385613622233
2025-08-18,JPM_5,JPM,0.8987780335805948,54,17,0.9542888669526747
2025-08-18,BAC_1,BAC,0.8014998204031617,44,17,2.678438207879903
2025-08-18,BAC_2,BAC,0.8146383042537806,44,14,2.7696640396423478
2025-08-18,BAC_3,BAC,0.8124697722164714,52,15,2.5478548219037336
2025-08-18,BAC_4,BAC,0.8211430422606868,48,18,2.400692086204269
2025-08-18,BAC_5,BAC,0.774579872209618,45,14,3.0845620839814214
2025-08-18,C_1,C,0.773626199974721,42,15,2.633921246142976
2025-08-18,C_2,C,0.7781814428714556,45,17,1.7092494751131473
2025-08-18,C_3,C,0.7488518685939662,41,16,3.077485398965703
2025-08-18,C_4,C,0.7638854939850203,39,12,2.682811811731554
2025-08-18,C_5,C,0.7703276507600173,43,14,2.6477831147934987
2025-08-18,WFC_1,WFC,0.8443326766941492,44,17,0.8346543937618919
2025-08-18,WFC_2,WFC,0.8352000828269859,45,16,3.1156892482523495
2025-08-18,WFC_3,WFC,0.8320451970819853,49,18,1.4825651262481836
2025-08-18,WFC_4,WFC,0.7857168354545075,45,18,2.363772534190368
2025-08-18,WFC_5,WFC,0.8190341700308362,40,16,1.628283847069186
2025-08-19,JPM_1,JPM,0.9031520847982264,51,18,1.2311889947337382
2025-08-19,JPM_2,JPM,0.8983617583893381,48,18,0.5
2025-08-19,JPM_3,JPM,0.8754178795217941,52,18,1.2241352705362545
2025-08-19,JPM_4,JPM,0.8725497455523199,52,19,0.7920235636631033
2025-08-19,JPM_5,JPM,0.8696765035268977,47,17,1.6171438962520321
2025-08-19,BAC_1,BAC,0.8026466127596862,45,16,2.0001496050472674
2025-08-19,BAC_2,BAC,0.8386580113921351,52,16,0.90813151961308
2025-08-19,BAC_3,BAC,0.8332004515189754,38,15,2.5998050150259195
2025-08-19,BAC_4,BAC,0.8001370010453267,49,15,2.136002001952631
2025-08-19,BAC_5,BAC,0.777021065395793,40,16,3.525506829525403
2025-08-19,C_1,C,0.7845312050333376,43,19,2.7846207730872883
2025-08-19,C_2,C,0.7650706319943301,38,17,1.8370801239217078
2025-08-19,C_3,C,0.7748062181664772,43,18,2.8713411493802896
2025-08-19,C_4,C,0.7309106892613059,47,14,3.361552905005714
2025-08-19,C_5,C,0.7172343601448725,35,14,2.5513961385538857
2025-08-19,WFC_1,WFC,0.882951490317182,52,17,1.1570068107645446
2025-08-19,WFC_2,WFC,0.8401908247201685,46,19,1.0581294050499483
2025-08-19,WFC_3,WFC,0.8111941598541238,51,17,2.8946467453472686
2025-08-19,WFC_4,WFC,0.7640699067610355,44,16,2.2811079254370856
2025-08-19,WFC_5,WFC,0.8117408096467443,46,16,2.931497882596647
2025-08-20,JPM_1,JPM,0.8989727130468702,50,17,1.0659067193666478
2025-08-20,JPM_2,JPM,0.8822205607444109,51,17,1.3705843376491218
2025-08-20,JPM_3,JPM,0.8702419710570874,45,18,2.6292228440683756
2025-08-20,JPM_4,JPM,0.8941403143053006,51,19,0.8669444158851911
2025-08-20,JPM_5,JPM,0.8684500635126097,59,18,1.0164910291140357
2025-08-20,BAC_1,BAC,0.807828682812077,40,17,1.048834710438906
2025-08-20,BAC_2,BAC,0.8065780020564102,39,19,2.3439168760693474
2025-08-20,BAC_3,BAC,0.8175608571989016,39,19,2.660290658800552
2025-08-20,BAC_4,BAC,0.8104675812872915,40,17,2.215167732682188
2025-08-20,BAC_5,BAC,0.8021275292704526,47,17,1.3974664894890063
2025-08-20,C_1,C,0.7433698394764221,37,15,1.4595644926769298
2025-08-20,C_2,C,0.7720553146868168,48,17,1.9607660609260975
2025-08-20,C_3,C,0.7803324389131929,44,15,2.785970573289341
2025-08-20,C_4,C,0.7854080367220224,48,16,3.5119065630492687
2025-08-20,C_5,C,0.772542668542983,39,14,1.4051979786028546
2025-08-20,WFC_1,WFC,0.8164536264462466,41,18,2.203948270992909
2025-08-20,WFC_2,WFC,0.8351462565318493,38,16,1.2619885123799748
2025-08-20,WFC_3,WFC,0.7887640444969938,45,16,3.430699313558332
2025-08-20,WFC_4,WFC,0.8165791206519409,42,16,2.476672190969761
2025-08-20,WFC_5,WFC,0.7968501470517788,45,15,1.1909640353927213
2025-08-21,JPM_1,JPM,0.9290410527592315,54,19,1.3273614351903888
2025-08-21,JPM_2,JPM,0.9210699057558651,48,19,1.3468019376043805
2025-08-21,JPM_3,JPM,0.8922648713214966,43,17,0.5639700406460451
2025-08-21,JPM_4,JPM,0.9031818022690827,50,16,0.5
2025-08-21,JPM_5,JPM,0.9098033036820307,47,17,1.0535977486051755
2025-08-21,BAC_1,BAC,0.824790143064615,35,15,1.4638972480023726
2025-08-21,BAC_2,BAC,0.8158066080192613,52,17,3.9155678699841348
2025-08-21,BAC_3,BAC,0.8198865052442602,37,14,0.9805582351126743
2025-08-21,BAC_4,BAC,0.8296874825397258,53,16,1.627009665408111
2025-08-21,BAC_5,BAC,0.7802223669611484,41,15,2.9145348872204218
2025-08-21,C_1,C,0.7554168829128546,38,12,2.7563627147125453
2025-08-21,C_2,C,0.7963314433313148,41,16,1.8049209711451206
2025-08-21,C_3,C,0.7748806112338277,39,15,3.8792845946020185
2025-08-21,C_4,C,0.7513688472853429,34,16,2.4195892807984754
2025-08-21,C_5,C,0.752715853006078,47,15,2.181286630276886
2025-08-21,WFC_1,WFC,0.8585925551512902,51,16,1.8618617995948599
2025-08-21,WFC_2,WFC,0.8396270034001427,49,15,2.422788534767502
2025-08-21,WFC_3,WFC,0.8240442492036377,42,17,2.630390897012636
2025-08-21,WFC_4,WFC,0.8406229396231678,45,19,2.565490794473292
2025-08-21,WFC_5,WFC,0.8430195562607743,50,16,1.3464914971323942
2025-08-22,JPM_1,JPM,0.8499490740195002,47,14,1.5256526418730523
2025-08-22,JPM_2,JPM,0.9218277656239109,49,18,0.5
2025-08-22,JPM_3,JPM,0.8717855560705579,51,18,1.1099647699913469
2025-08-22,JPM_4,JPM,0.8925546861151058,49,18,1.1975130249942014
2025-08-22,JPM_5,JPM,0.8628562646778402,47,17,1.2788693370008666
2025-08-22,BAC_1,BAC,0.8134002355633517,42,15,1.2849045398838737
2025-08-22,BAC_2,BAC,0.8008944330179925,45,17,3.048214677760895
2025-08-22,BAC_3,BAC,0.8215184774300479,51,17,2.07570378270337
2025-08-22,BAC_4,BAC,0.798056707028858,43,18,2.7392189897062833
2025-08-22,BAC_5,BAC,0.7884205831042288,38,15,2.415590906016869
2025-08-22,C_1,C,0.7731544569857786,40,16,1.8039652269286748
2025-08-22,C_2,C,0.7742865122615089,44,14,2.2207113644859406
2025-08-22,C_3,C,0.7537341519793826,43,14,3.5162269913010675
2025-08-22,C_4,C,0.7747526050240282,39,18,2.464228027476544
2025-08-22,C_5,C,0.7309884336928628,40,16,3.103743461645622
2025-08-22,WFC_1,WFC,0.8549253652093283,47,16,2.1298372062930744
2025-08-22,WFC_2,WFC,0.8503207464448165,46,15,2.1857504093101445
2025-08-22,WFC_3,WFC,0.8253107151197435,38,15,2.1723463051851932
2025-08-22,WFC_4,WFC,0.7973845413293162,46,17,3.0042674283915902
2025-08-22,WFC_5,WFC,0.8601763945970692,46,16,1.6344779787415087
2025-08-25,JPM_1,JPM,0.9276354463737498,53,19,1.2446582623968605
2025-08-25,JPM_2,JPM,0.926290296575774,50,19,0.9466473817321548
2025-08-25,JPM_3,JPM,0.8870174524110459,57,18,0.5
2025-08-25,JPM_4,JPM,0.8846163713909797,45,18,1.2337817550069123
2025-08-25,JPM_5,JPM,0.861507519891772,42,17,1.4861741117090008
2025-08-25,BAC_1,BAC,0.8185425454378107,46,16,1.7521967875376496
2025-08-25,BAC_2,BAC,0.8208569150360253,38,17,2.076594506131371
2025-08-25,BAC_3,BAC,0.8423922084045349,49,18,2.156958036524272
2025-08-25,BAC_4,BAC,0.7728106822349005,37,16,3.4730908200172377
2025-08-25,BAC_5,BAC,0.8065815681702717,39,17,1.7302081351690695
2025-08-25,C_1,C,0.7812759444898781,42,17,2.8376964255093133
2025-08-25,C_2,C,0.7526193791814964,46,16,2.131484287303233
2025-08-25,C_3,C,0.7564743693124956,38,15,3.2597673263073697
2025-08-25,C_4,C,0.7692115226299651,41,14,3.3215940002735533
2025-08-25,C_5,C,0.7913638642703595,40,16,1.7051537241769212
2025-08-25,WFC_1,WFC,0.8290897343770993,51,16,1.8692471394574506
2025-08-25,WFC_2,WFC,0.8161686964379702,45,15,2.2832716195205087
2025-08-25,WFC_3,WFC,0.8489335045770923,35,17,2.1371084340551363
2025-08-25,WFC_4,WFC,0.825218070883502,45,15,2.1643003412863977
2025-08-25,WFC_5,WFC,0.8164192688378291,40,18,2.972782415579542
2025-08-26,JPM_1,JPM,0.9046585400050569,46,18,1.026646777691668
2025-08-26,JPM_2,JPM,0.9039709374224673,48,17,0.5083277447672477
2025-08-26,JPM_3,JPM,0.8857958120279452,54,20,1.4513239440968706
2025-08-26,JPM_4,JPM,0.8844995384975296,44,17,1.49978610372288
2025-08-26,JPM_5,JPM,0.8504633061571009,49,17,2.152419121365456
2025-08-26,BAC_1,BAC,0.806825809276786,47,17,2.707620465998588
2025-08-26,BAC_2,BAC,0.817976012242915,48,15,1.7754750884372879
2025-08-26,BAC_3,BAC,0.8078001033774288,43,15,1.8538659036187293
2025-08-26,BAC_4,BAC,0.8167650199439267,43,15,1.9854018407307177
2025-08-26,BAC_5,BAC,0.7965173879891198,37,14,1.0606600794518561
2025-08-26,C_1,C,0.765352974772368,37,15,2.077917009808761
2025-08-26,C_2,C,0.7724332846892328,45,15,1.5484097641610708
2025-08-26,C_3,C,0.7703880767592832,41,14,2.3480948621482596
2025-08-26,C_4,C,0.7427241312826283,37,16,2.8225792911596033
2025-08-26,C_5,C,0.73494128774046,41,14,2.8289533945180896
2025-08-26,WFC_1,WFC,0.8837283633268233,49,15,0.5
2025-08-26,WFC_2,WFC,0.8181081492839161,48,15,2.3605252539367814
2025-08-26,WFC_3,WFC,0.8169264263625307,41,18,2.337097512541964
2025-08-26,WFC_4,WFC,0.8365538872672713,45,16,1.0790705503025246
2025-08-26,WFC_5,WFC,0.819922769887453,38,17,2.137169047949276
2025-08-27,JPM_1,JPM,0.883688498677191,53,19,0.9036352031120617
2025-08-27,JPM_2,JPM,0.8752359637977608,54,16,1.2504475343343249
2025-08-27,JPM_3,JPM,0.8823072258507987,50,19,0.865182759111224
2025-08-27,JPM_4,JPM,0.8762450873974945,37,19,1.7159314119521234
2025-08-27,JPM_5,JPM,0.868063952834998,55,16,2.0318284989501967
2025-08-27,BAC_1,BAC,0.8029075129814606,42,17,1.2537029941672935
2025-08-27,BAC_2,BAC,0.8151393451768618,45,15,2.0698704860211175
2025-08-27,BAC_3,BAC,0.8305910622989808,45,16,2.1215649309951377
2025-08-27,BAC_4,BAC,0.8068645121141906,49,17,1.570552209186122
2025-08-27,BAC_5,BAC,0.8027283927207961,48,17,3.0029210041756333
2025-08-27,C_1,C,0.7451434986770412,43,14,3.249524439674779
2025-08-27,C_2,C,0.7831782434251288,39,14,1.9053301664927995
2025-08-27,C_3,C,0.7860088559608274,41,16,1.2740504971407833
2025-08-27,C_4,C,0.7751732100360601,37,17,1.9636664939166697
2025-08-27,C_5,C,0.7547676725486209,44,17,2.8103990264098138
2025-08-27,WFC_1,WFC,0.8705034374844851,48,17,1.7130703314607998
2025-08-27,WFC_2,WFC,0.8338758674132997,45,18,1.9578100870229873
2025-08-27,WFC_3,WFC,0.8545548319254354,48,15,1.7007403059328259
2025-08-27,WFC_4,WFC,0.8364145970521791,45,14,1.811393705855578
2025-08-27,WFC_5,WFC,0.815725053343231,44,17,2.514801940570327
2025-08-28,JPM_1,JPM,0.8835747125278293,50,19,1.1884810027422095
2025-08-28,JPM_2,JPM,0.885592208825928,49,18,0.5
2025-08-28,JPM_3,JPM,0.8815924665947691,51,19,0.807831342434931
2025-08-28,JPM_4,JPM,0.8416722255998256,48,15,0.5
2025-08-28,JPM_5,JPM,0.8700072203295199,41,19,1.7141524899685217
2025-08-28,BAC_1,BAC,0.8053421375215218,45,15,2.870620045924417
2025-08-28,BAC_2,BAC,0.8237390139787025,50,16,1.7600975818936309
2025-08-28,BAC_3,BAC,0.8065550553282611,38,15,2.8099817733132126
2025-08-28,BAC_4,BAC,0.7765215730830989,42,13,1.7325932797113266
2025-08-28,BAC_5,BAC,0.8031067589335195,45,15,1.249895210172981
2025-08-28,C_1,C,0.7735064113995352,48,17,2.688724398805181
2025-08-28,C_2,C,0.7743470853739672,41,14,1.6139356054693725
2025-08-28,C_3,C,0.7409610878331621,35,16,2.291002909836716
2025-08-28,C_4,C,0.8108336629594122,38,17,1.3082572096673188
2025-08-28,C_5,C,0.7521063352632558,50,14,3.5580128672909037
2025-08-28,WFC_1,WFC,0.8182274515068154,40,16,1.304265617723431
2025-08-28,WFC_2,WFC,0.8416026877613513,46,17,0.921578863641578
2025-08-28,WFC_3,WFC,0.8535031995798302,51,18,1.9429214832312791
2025-08-28,WFC_4,WFC,0.7860171756327418,44,17,1.27299591493475
2025-08-28,WFC_5,WFC,0.806726224872696,41,16,1.8791289122251216
2025-08-29,JPM_1,JPM,0.9188921548989799,55,17,0.8768633188959514
2025-08-29,JPM_2,JPM,0.9155756659241971,45,18,0.7668885398587214
2025-08-29,JPM_3,JPM,0.8968237667364356,49,18,1.2217157223134483
2025-08-29,JPM_4,JPM,0.8600516944136222,47,18,1.4544244189063817
2025-08-29,JPM_5,JPM,0.9018490590740839,50,19,1.5446426246831535
2025-08-29,BAC_1,BAC,0.8220377651523926,42,17,2.182706605068712
2025-08-29,BAC_2,BAC,0.8100411697569573,45,18,2.978617981186094
2025-08-29,BAC_3,BAC,0.8088971353434,54,14,2.6646020003218753
2025-08-29,BAC_4,BAC,0.805114681783163,47,17,2.4871687579545685
2025-08-29,BAC_5,BAC,0.7764191669383054,38,16,2.7610564570908123
2025-08-29,C_1,C,0.7623539911737484,43,15,2.355933526328222
2025-08-29,C_2,C,0.8065859410001298,39,18,1.6247376586851088
2025-08-29,C_3,C,0.7427172265969775,49,14,3.015802776282943
2025-08-29,C_4,C,0.7694329096753564,38,16,2.877224574212563
2025-08-29,C_5,C,0.7289723756662596,44,15,3.5602944049558674
2025-08-29,WFC_1,WFC,0.8476086531730259,45,15,1.8380374617160151
2025-08-29,WFC_2,WFC,0.820073346524725,41,15,2.3814356718446903
2025-08-29,WFC_3,WFC,0.8415193212601093,46,19,2.136840708832769
2025-08-29,WFC_4,WFC,0.8282911156127286,46,17,1.8882245922970444
2025-08-29,WFC_5,WFC,0.8124369242768381,48,18,1.5348965947778375
2025-09-01,JPM_1,JPM,0.8768089448692363,45,17,0.8356009822368442
2025-09-01,JPM_2,JPM,0.9022239158244324,38,18,0.5
2025-09-01,JPM_3,JPM,0.9260016277367062,53,19,0.5619035520982798
2025-09-01,JPM_4,JPM,0.9181391155785318,56,20,0.8904459120840843
2025-09-01,JPM_5,JPM,0.8690050168635106,50,19,1.3556930735842525
2025-09-01,BAC_1,BAC,0.8226712631989604,44,15,0.5
2025-09-01,BAC_2,BAC,0.8173898196995583,41,14,2.7750802757105135
2025-09-01,BAC_3,BAC,0.7685237657892724,42,17,2.7465853635967377
2025-09-01,BAC_4,BAC,0.7742877899202689,42,15,2.4221759075479063
2025-09-01,BAC_5,BAC,0.803560184012619,54,15,1.826580981189223
2025-09-01,C_1,C,0.7791159235292039,39,16,2.5304247918430853
2025-09-01,C_2,C,0.7936304585696652,42,16,1.3471710734489513
2025-09-01,C_3,C,0.788545742901298,42,16,1.7836716197052493
2025-09-01,C_4,C,0.7484156291475776,35,16,2.279950262392095
2025-09-01,C_5,C,0.7541524027871356,35,16,2.8037214769732977
2025-09-01,WFC_1,WFC,0.8623627684215133,46,17,1.6609390596409996
2025-09-01,WFC_2,WFC,0.8460089521991723,44,17,2.4454067676821305
2025-09-01,WFC_3,WFC,0.8326165699093916,49,17,2.4544532591772583
2025-09-01,WFC_4,WFC,0.866641105540188,44,19,2.5574837847303318
2025-09-01,WFC_5,WFC,0.7831789298035191,46,15,1.9146849728033695
2025-09-02,JPM_1,JPM,0.8962544383086275,54,18,0.7351612170152869
2025-09-02,JPM_2,JPM,0.8926590986984895,46,20,0.6553538925159764
2025-09-02,JPM_3,JPM,0.9014634700934445,45,17,1.1952031876929952
2025-09-02,JPM_4,JPM,0.8435620968411518,40,17,3.009090818292999
2025-09-02,JPM_5,JPM,0.8836193108273176,44,18,1.277946043484523
2025-09-02,BAC_1,BAC,0.819252758489309,42,16,2.118320681839571
2025-09-02,BAC_2,BAC,0.805130548313981,47,16,2.203433704978651
2025-09-02,BAC_3,BAC,0.7993379915418487,51,18,3.1403642801405636
2025-09-02,BAC_4,BAC,0.8213689314664622,37,18,2.5765627817540437
2025-09-02,BAC_5,BAC,0.805956485173548,53,17,1.5023401924016526
2025-09-02,C_1,C,0.7783797852415583,43,15,1.3133088834473206
2025-09-02,C_2,C,0.7911770911161751,45,16,2.4117068402738013
2025-09-02,C_3,C,0.758357852801627,44,16,2.6543297938356054
2025-09-02,C_4,C,0.7822306898511401,39,16,2.389450275083109
2025-09-02,C_5,C,0.7474255076021875,36,15,2.2197312003699725
2025-09-02,WFC_1,WFC,0.8513703228866201,47,18,1.900180640735993
2025-09-02,WFC_2,WFC,0.8655161390499528,49,18,2.1202666330428017
2025-09-02,WFC_3,WFC,0.8169207832978524,45,17,2.0306389815489836
2025-09-02,WFC_4,WFC,0.8253510339884796,45,13,1.4250816966331734
2025-09-02,WFC_5,WFC,0.8296487531409646,43,17,1.2947421922193663
2025-09-03,JPM_1,JPM,0.8949340166751044,43,18,1.8033504135746523
2025-09-03,JPM_2,JPM,0.8866781055603655,52,19,0.9102132882052415
2025-09-03,JPM_3,JPM,0.8790125509026504,45,17,1.262868995809681
2025-09-03,JPM_4,JPM,0.9296426464966481,54,19,0.5
2025-09-03,JPM_5,JPM,0.8646022712795287,48,15,0.5346292072414751
2025-09-03,BAC_1,BAC,0.8192611724623755,46,13,2.9136937628140833
2025-09-03,BAC_2,BAC,0.8177629121268878,44,18,2.8897662916292925
2025-09-03,BAC_3,BAC,0.8334183605195138,48,15,1.3114298035873992
2025-09-03,BAC_4,BAC,0.8126725201068578,42,15,1.9149201299191503
2025-09-03,BAC_5,BAC,0.8028003286925368,43,16,2.474821607312827
2025-09-03,C_1,C,0.7885793488595609,40,16,2.438882174181964
2025-09-03,C_2,C,0.7809786270462203,41,15,2.8394700970164872
2025-09-03,C_3,C,0.762572727552804,40,14,1.0712623093295508
2025-09-03,C_4,C,0.7391676413241185,43,16,2.7221018194708972
2025-09-03,C_5,C,0.7617854116645008,43,15,2.164647923265333
2025-09-03,WFC_1,WFC,0.8343687549611516,46,16,1.342382848551268
2025-09-03,WFC_2,WFC,0.8459944299516898,54,16,1.544275103346327
2025-09-03,WFC_3,WFC,0.8576167559179037,49,18,2.402788989093894
2025-09-03,WFC_4,WFC,0.8456111614629173,42,16,1.9525117817773436
2025-09-03,WFC_5,WFC,0.8024856186980466,45,16,2.163770375162036
2025-09-04,JPM_1,JPM,0.8834471619334661,47,18,0.5
2025-09-04,JPM_2,JPM,0.8638076605927303,46,19,1.281823237351716
2025-09-04,JPM_3,JPM,0.9313680815346328,50,18,1.1195369193213554
2025-09-04,JPM_4,JPM,0.8701491541942318,44,18,1.2384372465603122
2025-09-04,JPM_5,JPM,0.8710155321226706,51,19,0.6046046089701718
2025-09-04,BAC_1,BAC,0.816850663365131,45,16,2.3316724016014914
2025-09-04,BAC_2,BAC,0.8175069052238838,44,17,2.159415032688026
2025-09-04,BAC_3,BAC,0.7993943638148983,39,16,1.2777487280960864
2025-09-04,BAC_4,BAC,0.7903383194624141,40,15,2.3336132682732247
2025-09-04,BAC_5,BAC,0.8163036443085193,50,15,1.50569083517015
2025-09-04,C_1,C,0.7801649981489586,40,15,2.4795264400707957
2025-09-04,C_2,C,0.7697546662223869,37,16,2.708046043590157
2025-09-04,C_3,C,0.7479262450598133,47,15,3.5437296384692543
2025-09-04,C_4,C,0.7536902808148698,46,14,2.7430107810784943
2025-09-04,C_5,C,0.7130208756067525,39,13,2.7981786803230517
2025-09-04,WFC_1,WFC,0.8284605031330873,58,17,2.350340388361154
2025-09-04,WFC_2,WFC,0.8542071775132032,48,17,2.4621714466801476
2025-09-04,WFC_3,WFC,0.8514220161976855,47,17,1.229690826261188
2025-09-04,WFC_4,WFC,0.836744065557377,47,16,1.9362544514553746
2025-09-04,WFC_5,WFC,0.7857091261595527,46,17,2.530185394308093
2025-09-05,JPM_1,JPM,0.907717730734744,50,18,1.1899520768013818
2025-09-05,JPM_2,JPM,0.916641023743105,46,18,1.25790460694639
2025-09-05,JPM_3,JPM,0.8859058974748418,48,19,0.7942172143426576
2025-09-05,JPM_4,JPM,0.9015341079927082,45,18,1.8755149406439546
2025-09-05,JPM_5,JPM,0.8934436990921067,52,19,1.1787539591104295
2025-09-05,BAC_1,BAC,0.8182040948595546,46,19,2.4268406791626878
2025-09-05,BAC_2,BAC,0.8194939906130272,46,15,1.7909021930311515
2025-09-05,BAC_3,BAC,0.8094157786611238,51,15,2.3227006375853563
2025-09-05,BAC_4,BAC,0.7736501329020485,44,11,1.5245339434008167
2025-09-05,BAC_5,BAC,0.8028024394554452,48,17,2.018831336328824
2025-09-05,C_1,C,0.7884015286670834,47,16,2.2778069950144415
2025-09-05,C_2,C,0.7747352493289132,46,17,2.866517205147353
2025-09-05,C_3,C,0.7996139527418642,44,14,2.730997304453134
2025-09-05,C_4,C,0.7830400139366017,39,15,2.892004778323722
2025-09-05,C_5,C,0.7571775208947776,46,16,2.505072020618757
2025-09-05,WFC_1,WFC,0.850262189635099,44,19,1.9335517579723227
2025-09-05,WFC_2,WFC,0.8711186182887579,48,17,1.0333262709709747
2025-09-05,WFC_3,WFC,0.7983664666702104,45,15,1.9343522743579904
2025-09-05,WFC_4,WFC,0.812460004715499,39,20,1.2747056493132574
2025-09-05,WFC_5,WFC,0.7984949427628854,42,15,2.7659198336029185
2025-09-08,JPM_1,JPM,0.8892683519403559,47,18,1.129474620525491
2025-09-08,JPM_2,JPM,0.9072261308909692,43,20,0.7798737068631865
2025-09-08,JPM_3,JPM,0.8747826735486429,50,18,1.8851002775073855
2025-09-08,JPM_4,JPM,0.9237290119499947,52,20,0.5
2025-09-08,JPM_5,JPM,0.8597530574517485,44,17,1.890805258718852
2025-09-08,BAC_1,BAC,0.821753589324241,45,18,0.9451490232091813
2025-09-08,BAC_2,BAC,0.840854797528901,43,17,2.240681395406068
2025-09-08,BAC_3,BAC,0.7780164704290411,40,17,1.773024923810318
2025-09-08,BAC_4,BAC,0.8158745467563343,48,17,1.720920440442841
2025-09-08,BAC_5,BAC,0.8038628610929811,46,18,1.9746373977452565
2025-09-08,C_1,C,0.7682781469681906,39,17,2.639405503550717
2025-09-08,C_2,C,0.7743492213958773,47,15,1.8563577095332229
2025-09-08,C_3,C,0.7704298161286408,44,17,1.57376859017248
2025-09-08,C_4,C,0.7587533662597806,47,13,3.484371574344994
2025-09-08,C_5,C,0.7615704626629923,42,16,2.2170494350060026
2025-09-08,WFC_1,WFC,0.824456470839448,42,14,1.3841033246592578
2025-09-08,WFC_2,WFC,0.8084715362025477,37,15,2.332159848788338
2025-09-08,WFC_3,WFC,0.8281758049022774,45,17,2.7045415612505703
2025-09-08,WFC_4,WFC,0.7987555877153522,42,17,1.7038346047191768
2025-09-08,WFC_5,WFC,0.8246182147012776,46,19,1.0754010407171908
2025-09-09,JPM_1,JPM,0.8984146991348377,48,18,1.0908595353136075
2025-09-09,JPM_2,JPM,0.8849293781046302,52,18,1.4788505197010664
2025-09-09,JPM_3,JPM,0.8824893352107351,46,18,2.218312218930956
2025-09-09,JPM_4,JPM,0.8732597981000794,41,17,2.214346158152102
2025-09-09,JPM_5,JPM,0.8871661429679261,48,20,1.1100879583764975
2025-09-09,BAC_1,BAC,0.842446214903058,45,19,1.3280275464539963
2025-09-09,BAC_2,BAC,0.8328580484375023,50,17,1.2159299473915421
2025-09-09,BAC_3,BAC,0.829037100428096,44,18,1.8406123343530238
2025-09-09,BAC_4,BAC,0.7907120855448625,37,18,2.4250750644819465
2025-09-09,BAC_5,BAC,0.8057244399615424,46,15,1.7467083949529192
2025-09-09,C_1,C,0.8020544826419982,40,16,1.6119260516124083
2025-09-09,C_2,C,0.7989538380618973,46,17,2.3321022717328863
2025-09-09,C_3,C,0.7868485328424978,40,16,2.573476072164206
2025-09-09,C_4,C,0.775130056884285,34,16,3.357597124542723
2025-09-09,C_5,C,0.7528893870661382,35,15,4.028977132573774
2025-09-09,WFC_1,WFC,0.8358021053343119,51,17,2.2983664071083436
2025-09-09,WFC_2,WFC,0.8578448775763216,41,18,1.406601910211665
2025-09-09,WFC_3,WFC,0.8508070524836071,47,17,2.184936596279856
2025-09-09,WFC_4,WFC,0.7955829817968633,42,17,2.88192846418275
2025-09-09,WFC_5,WFC,0.8015625449946314,48,15,1.5164899252697714
2025-09-10,JPM_1,JPM,0.9085285819786233,53,20,0.6630948175818776
2025-09-10,JPM_2,JPM,0.8464372757928353,44,19,1.8359221030440027
2025-09-10,JPM_3,JPM,0.8832460770585683,52,17,1.5958628568563755
2025-09-10,JPM_4,JPM,0.8828575623612587,53,17,1.5983063188557927
2025-09-10,JPM_5,JPM,0.8712193539123603,49,17,1.6404477572910923
2025-09-10,BAC_1,BAC,0.8527680617221657,44,17,2.945562520847578
2025-09-10,BAC_2,BAC,0.8163831363054267,47,17,1.5284863990278497
2025-09-10,BAC_3,BAC,0.7804924241299789,43,15,1.3770749280469594
2025-09-10,BAC_4,BAC,0.8015526200273143,43,15,2.349664295739551
2025-09-10,BAC_5,BAC,0.8054583942783546,48,19,3.388732546890062
2025-09-10,C_1,C,0.7638291113843465,44,14,1.4435907206181857
2025-09-10,C_2,C,0.7474118051783812,42,12,3.1231752772477375
2025-09-10,C_3,C,0.7952351820405655,38,17,2.6073477541183916
2025-09-10,C_4,C,0.7857063162399823,42,16,2.6275647922471146
2025-09-10,C_5,C,0.746180312497781,39,15,1.3785208163413214
2025-09-10,WFC_1,WFC,0.8669959452531096,47,19,1.6586125101868483
2025-09-10,WFC_2,WFC,0.8066079387970735,43,16,1.3693521827143105
2025-09-10,WFC_3,WFC,0.8449812411415796,49,16,1.3263996280494323
2025-09-10,WFC_4,WFC,0.8332215732910612,47,17,1.5878500557052757
2025-09-10,WFC_5,WFC,0.8128499162545243,37,15,2.9168468112740467
2025-09-11,JPM_1,JPM,0.9269934172411178,49,18,0.6272205421923427
2025-09-11,JPM_2,JPM,0.911288126371942,48,20,1.6691571393317306
2025-09-11,JPM_3,JPM,0.8652795053670218,47,17,0.6195626018539284
2025-09-11,JPM_4,JPM,0.8848625819708492,43,18,2.0971795672014357
2025-09-11,JPM_5,JPM,0.8669747330328795,43,17,2.225505016905241
2025-09-11,BAC_1,BAC,0.8216883963424119,42,16,1.766482003479356
2025-09-11,BAC_2,BAC,0.8285876462244001,45,16,2.2959966919429435
2025-09-11,BAC_3,BAC,0.809107596539792,44,17,1.1141696936773693
2025-09-11,BAC_4,BAC,0.7906762797196415,40,16,2.298933257565821
2025-09-11,BAC_5,BAC,0.8179584284579613,44,16,1.8415267112903884
2025-09-11,C_1,C,0.7638103390103793,42,13,3.616976350900402
2025-09-11,C_2,C,0.7637812966744078,43,16,2.4336522565225494
2025-09-11,C_3,C,0.766887156120217,38,16,3.1319167489062987
2025-09-11,C_4,C,0.7722538290552663,44,15,3.075582347216388
2025-09-11,C_5,C,0.7440027056792253,42,16,1.813114955691308
2025-09-11,WFC_1,WFC,0.8326194331280882,43,15,0.9254143400777741
2025-09-11,WFC_2,WFC,0.8413844352424401,46,16,1.7964517461466643
2025-09-11,WFC_3,WFC,0.8434912703474456,42,17,1.4682871481931117
2025-09-11,WFC_4,WFC,0.832061116942861,43,16,2.3585425907662096
2025-09-11,WFC_5,WFC,0.8063313914324781,43,15,1.0927813025932236
2025-09-12,JPM_1,JPM,0.9047335574452748,53,17,0.6790031928186238
2025-09-12,JPM_2,JPM,0.8704460624459481,48,17,0.574107667832682
2025-09-12,JPM_3,JPM,0.8994885301825204,50,20,0.632583403305583
2025-09-12,JPM_4,JPM,0.8611059343120662,44,18,2.106402505843966
2025-09-12,JPM_5,JPM,0.8385553655868703,47,16,2.4372571451743923
2025-09-12,BAC_1,BAC,0.8030079413324972,42,14,2.9814970217975474
2025-09-12,BAC_2,BAC,0.8137290315732241,45,18,2.3770271131753624
2025-09-12,BAC_3,BAC,0.8068773679563952,39,18,1.6456041565306094
2025-09-12,BAC_4,BAC,0.8195824574376683,42,16,3.012206247236679
2025-09-12,BAC_5,BAC,0.8058325029931456,43,16,2.0880868938230654
2025-09-12,C_1,C,0.8086321621418218,38,17,2.057392923744621
2025-09-12,C_2,C,0.7695924541257728,37,16,1.3156564069910017
2025-09-12,C_3,C,0.7644278191205942,46,16,2.117981933255397
2025-09-12,C_4,C,0.7536926794011028,40,14,3.1454741345886315
2025-09-12,C_5,C,0.7694154348430287,46,16,1.7238707929692918
2025-09-12,WFC_1,WFC,0.8423401037747235,49,15,2.6471665558197026
2025-09-12,WFC_2,WFC,0.8060132943859415,43,18,1.7385186375276176
2025-09-12,WFC_3,WFC,0.8316254173070842,49,17,2.230383379786829
2025-09-12,WFC_4,WFC,0.7677378475786375,40,16,3.054149829204145
2025-09-12,WFC_5,WFC,0.8007011187115054,41,16,1.6587098093373012
2025-09-15,JPM_1,JPM,0.9659735162504898,54,19,0.6238102379556552
2025-09-15,JPM_2,JPM,0.9058117581759488,51,20,1.2944053277803718
2025-09-15,JPM_3,JPM,0.8825610632832688,55,19,2.0048971372741233
2025-09-15,JPM_4,JPM,0.8617839082309912,46,18,1.5837608611432066
2025-09-15,JPM_5,JPM,0.900431879901734,50,20,1.056068758013428
2025-09-15,BAC_1,BAC,0.8180403394142595,45,14,2.9609949930316444
2025-09-15,BAC_2,BAC,0.772113770285332,46,16,1.8993281717485988
2025-09-15,BAC_3,BAC,0.8064750844090168,54,15,2.4032496518803406
2025-09-15,BAC_4,BAC,0.823491681808088,46,18,1.5591128349615866
2025-09-15,BAC_5,BAC,0.7936015882719626,49,15,1.4221791693358847
2025-09-15,C_1,C,0.7622077403964804,50,14,1.868840989136284
2025-09-15,C_2,C,0.7822016772289285,40,16,2.7134934464924085
2025-09-15,C_3,C,0.7850643013971836,44,15,1.9058529812821665
2025-09-15,C_4,C,0.7661022994072502,35,17,2.4378009623646215
2025-09-15,C_5,C,0.755338179116455,37,16,4.237053148249737
2025-09-15,WFC_1,WFC,0.8241732664805551,45,17,2.168559721505584
2025-09-15,WFC_2,WFC,0.8138743296056121,50,16,1.806060329972244
2025-09-15,WFC_3,WFC,0.8254637123446344,45,16,1.4908892285180353
2025-09-15,WFC_4,WFC,0.8185453063185939,45,16,2.513625916336897
2025-09-15,WFC_5,WFC,0.8065524119492671,50,16,2.048846792781952
2025-09-16,JPM_1,JPM,0.9178189998600056,51,17,0.5
2025-09-16,JPM_2,JPM,0.8968898492501789,41,17,0.7947655491268177
2025-09-16,JPM_3,JPM,0.8626819260938187,38,18,1.1883022700569776
2025-09-16,JPM_4,JPM,0.8690976610637745,45,17,0.9749705452822899
2025-09-16,JPM_5,JPM,0.8845266782991199,54,20,1.2547959326687674
2025-09-16,BAC_1,BAC,0.8265912222823412,45,16,2.1999906935906584
2025-09-16,BAC_2,BAC,0.7974451697645719,43,16,2.5654995767512228
2025-09-16,BAC_3,BAC,0.8125702882747798,39,17,2.279761469625182
2025-09-16,BAC_4,BAC,0.8259466799806846,44,18,2.6133081940134506
2025-09-16,BAC_5,BAC,0.7809072164253663,45,18,1.6930558812746495
2025-09-16,C_1,C,0.7750694001705873,42,16,3.1453938786796067
2025-09-16,C_2,C,0.7224923792108319,37,14,3.135597064369145
2025-09-16,C_3,C,0.7505782966006194,41,13,2.95076372303284
2025-09-16,C_4,C,0.7500464492256081,49,14,2.4494244267873686
2025-09-16,C_5,C,0.7658803398231107,40,14,1.8861472533920751
2025-09-16,WFC_1,WFC,0.8345290064803608,42,18,1.1020577296058676
2025-09-16,WFC_2,WFC,0.8297161129232306,37,17,1.7004080229774277
2025-09-16,WFC_3,WFC,0.853649267994128,46,16,1.307368173186968
2025-09-16,WFC_4,WFC,0.8273324823730775,43,16,0.6870899797541388
2025-09-16,WFC_5,WFC,0.8172956410733454,46,19,1.8788311510782776
2025-09-17,JPM_1,JPM,0.8975960415036294,48,17,1.3572763439602058
2025-09-17,JPM_2,JPM,0.8969431564754451,46,18,0.6587171464178275
2025-09-17,JPM_3,JPM,0.9029134130864424,48,17,2.33569195364519
2025-09-17,JPM_4,JPM,0.9084865316032791,55,18,0.5992716694444679
2025-09-17,JPM_5,JPM,0.8755722623558153,50,17,0.5
2025-09-17,BAC_1,BAC,0.7979341635292019,41,16,2.667789212134541
2025-09-17,BAC_2,BAC,0.7985111088405434,34,17,1.4670362814098952
2025-09-17,BAC_3,BAC,0.8147993145661555,42,16,2.338426663026446
2025-09-17,BAC_4,BAC,0.7937602012972367,44,18,3.0818914751666
2025-09-17,BAC_5,BAC,0.7882348197173674,46,15,3.478022005980418
2025-09-17,C_1,C,0.7539070547599541,39,15,2.731483480829462
2025-09-17,C_2,C,0.7791934704328822,44,15,1.9114339187777403
2025-09-17,C_3,C,0.7770868545545153,41,16,2.604757256970907
2025-09-17,C_4,C,0.8080458234290927,42,17,2.3944752466543795
2025-09-17,C_5,C,0.7521811220385001,40,16,2.985261033078863
2025-09-17,WFC_1,WFC,0.8321273387818499,50,16,2.1639035746662296
2025-09-17,WFC_2,WFC,0.82075963971166,47,16,1.0924480280655005
2025-09-17,WFC_3,WFC,0.8424237422145376,42,18,2.2271612953621855
2025-09-17,WFC_4,WFC,0.8425510101751226,45,16,0.5
2025-09-17,WFC_5,WFC,0.7918456861464974,43,15,2.4029693338817935
2025-09-18,JPM_1,JPM,0.8776075046929012,51,18,1.4177925172862484
2025-09-18,JPM_2,JPM,0.909426386385754,52,18,1.8114787889086388
2025-09-18,JPM_3,JPM,0.9035055632717601,52,17,0.6251258202274896
2025-09-18,JPM_4,JPM,0.8861644848117022,56,17,1.611328187000643
2025-09-18,JPM_5,JPM,0.8647601440985972,56,16,1.6278385489768836
2025-09-18,BAC_1,BAC,0.814427491453169,43,16,2.165209888914313
2025-09-18,BAC_2,BAC,0.8078978012987278,46,16,0.9904720158249476
2025-09-18,BAC_3,BAC,0.800489177874507,50,17,3.1411651715149533
2025-09-18,BAC_4,BAC,0.7758191172702664,38,16,2.507741506778238
2025-09-18,BAC_5,BAC,0.7926534542232095,39,15,2.6395339283190276
2025-09-18,C_1,C,0.8005632946624244,50,17,3.2825292169031353
2025-09-18,C_2,C,0.7893693832224107,46,15,2.7616783654297863
2025-09-18,C_3,C,0.750922770858356,35,17,2.527052310458713
2025-09-18,C_4,C,0.7472874419108243,43,13,2.4527992301317947
2025-09-18,C_5,C,0.7444771286756773,38,17,2.787982254768131
2025-09-18,WFC_1,WFC,0.8327735654402963,52,18,2.190417658633094
2025-09-18,WFC_2,WFC,0.8287938950497489,42,18,1.9098885195870932
2025-09-18,WFC_3,WFC,0.8467462720406107,45,17,1.9943017647816195
2025-09-18,WFC_4,WFC,0.8202971002818333,46,16,1.4434045828149555
2025-09-18,WFC_5,WFC,0.7927876166583009,45,17,1.1488637061507785
2025-09-19,JPM_1,JPM,0.8725913321379276,43,20,0.5
2025-09-19,JPM_2,JPM,0.9217281394751669,55,18,0.8750413423565915
2025-09-19,JPM_3,JPM,0.8934173847225401,44,18,0.8398637146546534
2025-09-19,JPM_4,JPM,0.8504237906734484,44,17,2.079554723761932
2025-09-19,JPM_5,JPM,0.8746940149990102,51,17,1.7624381769395328
2025-09-19,BAC_1,BAC,0.8257818568532591,48,17,1.480061128962042
2025-09-19,BAC_2,BAC,0.8319603395927493,46,17,2.257942078480628
2025-09-19,BAC_3,BAC,0.795513250980634,35,15,1.965187528638488
2025-09-19,BAC_4,BAC,0.7991158767518728,46,16,1.5470683659189097
2025-09-19,BAC_5,BAC,0.7972045621613307,48,17,2.195215645237713
2025-09-19,C_1,C,0.7536607907190631,42,18,3.406293479527199
2025-09-19,C_2,C,0.7984787827994891,43,16,1.5686543174037895
2025-09-19,C_3,C,0.776290702316199,41,16,2.302092196738142
2025-09-19,C_4,C,0.7297181688499107,46,18,2.778861172131473
2025-09-19,C_5,C,0.7417979124252504,45,16,4.221644609091675
2025-09-19,WFC_1,WFC,0.8374232049574061,46,18,2.2850568793358987
2025-09-19,WFC_2,WFC,0.8371973874726941,45,16,1.0728991615709713
2025-09-19,WFC_3,WFC,0.8660941662230494,44,17,1.4254425559656616
2025-09-19,WFC_4,WFC,0.7950339666187258,37,16,1.820565273744584
2025-09-19,WFC_5,WFC,0.8324357593447066,39,19,1.7355873877020702
2025-09-22,JPM_1,JPM,0.9052470347853242,49,17,1.367444277868147
2025-09-22,JPM_2,JPM,0.8853567429118887,47,18,1.6542350315967733
2025-09-22,JPM_3,JPM,0.89745488128259,52,19,0.5422153460489834
2025-09-22,JPM_4,JPM,0.8773185286960851,52,16,1.0549070618661838
2025-09-22,JPM_5,JPM,0.8508646370547215,46,17,1.082591272180508
2025-09-22,BAC_1,BAC,0.8275217272573607,45,16,2.0051679729503853
2025-09-22,BAC_2,BAC,0.8121022547668758,44,15,2.0092203235993527
2025-09-22,BAC_3,BAC,0.8078479730683645,42,14,2.454779863344504
2025-09-22,BAC_4,BAC,0.8150100759616992,45,16,2.6270961653276337
2025-09-22,BAC_5,BAC,0.7866672740227763,42,15,2.8333015773700003
2025-09-22,C_1,C,0.8062142088256654,48,13,1.2685484377416265
2025-09-22,C_2,C,0.7710825655169996,43,15,2.4294170141154705
2025-09-22,C_3,C,0.7899190601690189,45,15,2.802002016546539
2025-09-22,C_4,C,0.791819055521757,41,17,2.557866644009202
2025-09-22,C_5,C,0.7438862421599652,42,15,2.9276169133578223
2025-09-22,WFC_1,WFC,0.8200524183514842,50,17,1.91289584659755
2025-09-22,WFC_2,WFC,0.8175618448062434,45,17,2.3123204507901614
2025-09-22,WFC_3,WFC,0.8063476526753058,47,17,1.8415560212308948
2025-09-22,WFC_4,WFC,0.8147068231971134,41,18,1.8540797863480254
2025-09-22,WFC_5,WFC,0.8111122666867497,45,14,2.7895808658664443
2025-09-23,JPM_1,JPM,0.914899884981992,57,20,1.6140499659400935
2025-09-23,JPM_2,JPM,0.9122947279698571,57,18,1.4301480643581759
2025-09-23,JPM_3,JPM,0.8783115054745292,51,18,1.2720351478939005
2025-09-23,JPM_4,JPM,0.873909633714879,49,18,0.5
2025-09-23,JPM_5,JPM,0.8750159735541776,41,18,0.8281163843064391
2025-09-23,BAC_1,BAC,0.8265733161506863,47,14,3.078343178283172
2025-09-23,BAC_2,BAC,0.8080388011189255,44,16,2.7600215263030474
2025-09-23,BAC_3,BAC,0.786290270243753,41,15,3.121787619521409
2025-09-23,BAC_4,BAC,0.8139666194911928,44,17,1.211096765737659
2025-09-23,BAC_5,BAC,0.7856283879584325,42,16,1.6971304323319312
2025-09-23,C_1,C,0.7697162091698115,39,15,3.352786429655689
2025-09-23,C_2,C,0.7412344733696346,39,15,0.9003043818817653
2025-09-23,C_3,C,0.7790923101529174,38,16,2.838360901948499
2025-09-23,C_4,C,0.777761163443784,47,17,2.6956479622452534
2025-09-23,C_5,C,0.7787876311673002,42,17,2.126028194257325
2025-09-23,WFC_1,WFC,0.8474949145003368,52,18,1.932165945503718
2025-09-23,WFC_2,WFC,0.8621033419007778,46,19,1.3340040737998633
2025-09-23,WFC_3,WFC,0.8074692556083137,48,16,2.8931337122192318
2025-09-23,WFC_4,WFC,0.8341768584822968,44,17,1.1488504569885885
2025-09-23,WFC_5,WFC,0.7949569328170952,47,15,2.231463888245565
2025-09-24,JPM_1,JPM,0.8961467038230693,45,17,0.7142033379085126
2025-09-24,JPM_2,JPM,0.8786777831933557,48,18,1.1250924335406562
2025-09-24,JPM_3,JPM,0.869442723550133,46,17,1.6212455229943572
2025-09-24,JPM_4,JPM,0.8856297298763508,52,18,1.8975520740765264
2025-09-24,JPM_5,JPM,0.8412018297503631,55,17,2.368295605642005
2025-09-24,BAC_1,BAC,0.8326262539125607,41,16,1.4491636288478316
2025-09-24,BAC_2,BAC,0.8084250386258827,44,16,2.435330555534064
2025-09-24,BAC_3,BAC,0.8081115373282889,49,15,1.9311725753787552
2025-09-24,BAC_4,BAC,0.7986446790579568,49,15,2.138389576786158
2025-09-24,BAC_5,BAC,0.7888667529326246,38,17,2.4882633321025653
2025-09-24,C_1,C,0.7905932011852748,46,18,2.9094926758485196
2025-09-24,C_2,C,0.7725122068725093,39,15,2.3284296528048136
2025-09-24,C_3,C,0.7628916415396273,41,15,2.8824264931527237
2025-09-24,C_4,C,0.7365070848471098,41,16,2.2479830396448066
2025-09-24,C_5,C,0.7447361957274978,36,15,2.573825013086943
2025-09-24,WFC_1,WFC,0.8314530023298639,46,18,2.0920572681145684
2025-09-24,WFC_2,WFC,0.8428298295683152,48,16,1.6262943658006357
2025-09-24,WFC_3,WFC,0.8194651050885103,43,16,1.8012746310086394
2025-09-24,WFC_4,WFC,0.8285249028787717,49,19,1.869674515211469
2025-09-24,WFC_5,WFC,0.8172418961167454,48,18,2.010519763844132
2025-09-25,JPM_1,JPM,0.8983542648733885,51,18,1.777884167454633
2025-09-25,JPM_2,JPM,0.9375253627862861,55,18,1.4730046951203564
2025-09-25,JPM_3,JPM,0.8789903153326005,49,19,2.276212893798835
2025-09-25,JPM_4,JPM,0.8993410930162085,45,17,0.5
2025-09-25,JPM_5,JPM,0.883941953912296,53,20,1.1903603123062223
2025-09-25,BAC_1,BAC,0.786481863905061,50,17,2.567972920815081
2025-09-25,BAC_2,BAC,0.823323008017947,43,17,3.064363285118795
2025-09-25,BAC_3,BAC,0.8068155283226074,44,16,1.153740328304035
2025-09-25,BAC_4,BAC,0.8219125719344961,50,18,2.137976247852394
2025-09-25,BAC_5,BAC,0.8069093690186535,44,19,2.1112971517747035
2025-09-25,C_1,C,0.8034222067626333,41,17,2.1304663593249775
2025-09-25,C_2,C,0.7451959310732353,43,17,2.1879589998390503
2025-09-25,C_3,C,0.7590327499274248,39,15,3.347290506252228
2025-09-25,C_4,C,0.7764046729346279,44,16,2.451581533727201
2025-09-25,C_5,C,0.7162574610641219,40,13,3.5141487999007013
2025-09-25,WFC_1,WFC,0.844902997949163,49,18,1.9853387324616771
2025-09-25,WFC_2,WFC,0.8462234408246238,49,19,1.5577897045960043
2025-09-25,WFC_3,WFC,0.8514271674596713,47,17,1.9985041170821092
2025-09-25,WFC_4,WFC,0.8293348112637485,42,16,1.9135616999531269
2025-09-25,WFC_5,WFC,0.7993204841981145,50,13,1.9098016735930092
2025-09-26,JPM_1,JPM,0.9049831201966199,53,20,1.5306681793744246
2025-09-26,JPM_2,JPM,0.8918035513529672,48,16,0.9076955315667387
2025-09-26,JPM_3,JPM,0.8796322474222076,47,18,1.1424756384955583
2025-09-26,JPM_4,JPM,0.8634841142446922,47,16,0.9458847772020306
2025-09-26,JPM_5,JPM,0.8471837394143431,43,17,1.7756569898063217
2025-09-26,BAC_1,BAC,0.8275903478103819,43,17,2.843333678217497
2025-09-26,BAC_2,BAC,0.8002988293079493,39,16,2.7093891176062144
2025-09-26,BAC_3,BAC,0.7853885537083409,44,14,2.551463717833136
2025-09-26,BAC_4,BAC,0.7866434110121965,48,17,2.59800711814893
2025-09-26,BAC_5,BAC,0.7781971036488998,41,13,2.0897933631437087
2025-09-26,C_1,C,0.7963082123183284,42,17,1.6286871401992222
2025-09-26,C_2,C,0.7915631993571134,46,18,1.9146004188047137
2025-09-26,C_3,C,0.7580873558880451,40,16,2.333812612094547
2025-09-26,C_4,C,0.767399668729122,40,14,1.3529773935603113
2025-09-26,C_5,C,0.75573460396964,35,16,2.583251822740788
2025-09-26,WFC_1,WFC,0.8245221766508113,51,16,2.107726084476113
2025-09-26,WFC_2,WFC,0.7822717183046364,47,16,1.1847859884045016
2025-09-26,WFC_3,WFC,0.8404622999983534,44,17,2.264144558247997
2025-09-26,WFC_4,WFC,0.799514010851158,41,15,1.4860445119958818
2025-09-26,WFC_5,WFC,0.8199199256338879,46,17,2.42271959083626
2025-09-29,JPM_1,JPM,0.8985286360395331,53,19,1.2705258774054753
2025-09-29,JPM_2,JPM,0.8802236438615391,44,17,0.6678631986681964
2025-09-29,JPM_3,JPM,0.8897498837524623,45,18,0.9368331599125713
2025-09-29,JPM_4,JPM,0.8747469379497851,46,17,2.0881600037359367
2025-09-29,JPM_5,JPM,0.8965493664989419,49,17,1.2380678153242846
2025-09-29,BAC_1,BAC,0.8366751818291684,41,18,0.5
2025-09-29,BAC_2,BAC,0.8490088103839368,47,16,1.5276539525280404
2025-09-29,BAC_3,BAC,0.8149604327209737,39,16,1.8694360740081775
2025-09-29,BAC_4,BAC,0.8060367848785822,44,14,2.6029008464406047
2025-09-29,BAC_5,BAC,0.8104580334738192,39,19,2.4870379382063126
2025-09-29,C_1,C,0.7833720931690398,38,13,2.1909742577003404
2025-09-29,C_2,C,0.7591294383945388,37,15,2.4987863318961767
2025-09-29,C_3,C,0.7573712494982583,44,16,1.577938448730237
2025-09-29,C_4,C,0.7480172308144083,42,16,3.8790660747142827
2025-09-29,C_5,C,0.7697976856171199,38,16,3.650114659164671
2025-09-29,WFC_1,WFC,0.8485687954814954,48,18,1.2123885563978853
2025-09-29,WFC_2,WFC,0.8068915195892596,44,16,2.7232419175053466
2025-09-29,WFC_3,WFC,0.8338304980049556,48,18,2.8464678803798087
2025-09-29,WFC_4,WFC,0.8258704389731119,39,15,3.218464180661149
2025-09-29,WFC_5,WFC,0.8078272914548101,42,16,3.833062575264874
2025-09-30,JPM_1,JPM,0.9151144486856705,54,19,0.8382156343357384
2025-09-30,JPM_2,JPM,0.8816221794537593,55,17,1.5569102257400087
2025-09-30,JPM_3,JPM,0.8698807492204721,49,19,2.711686839838947
2025-09-30,JPM_4,JPM,0.8709783922861337,47,18,1.9347808555484804
2025-09-30,JPM_5,JPM,0.8579371381472906,47,18,1.6165807668347432
2025-09-30,BAC_1,BAC,0.8121734733942781,35,15,2.625506106994248
2025-09-30,BAC_2,BAC,0.8353313332050485,43,19,3.7369737687826516
2025-09-30,BAC_3,BAC,0.8137468760754608,42,16,1.8501008255388078
2025-09-30,BAC_4,BAC,0.7761015753410802,44,14,1.632595856303933
2025-09-30,BAC_5,BAC,0.7995750964213918,36,15,2.9601487098305217
2025-09-30,C_1,C,0.7315681528143853,45,15,2.081646628823773
2025-09-30,C_2,C,0.7705531719005175,31,15,2.306635314699362
2025-09-30,C_3,C,0.7624459106476391,46,16,3.6292445393001525
2025-09-30,C_4,C,0.7830710523784885,37,14,3.5260868361933397
2025-09-30,C_5,C,0.7844989888588659,44,18,2.6166185725625186
2025-09-30,WFC_1,WFC,0.8349620568074061,48,16,3.2363541840921224
2025-09-30,WFC_2,WFC,0.8382955694602809,48,16,2.83923114527396
2025-09-30,WFC_3,WFC,0.8277081163995522,40,16,1.7365846238743377
2025-09-30,WFC_4,WFC,0.7959888605211395,45,15,2.3891995817152734
2025-09-30,WFC_5,WFC,0.8264700183961626,49,15,0.7800394844596776
2025-10-01,JPM_1,JPM,0.9398078997874137,45,17,1.1919031043756312
2025-10-01,JPM_2,JPM,0.8935562252519689,50,20,0.5
2025-10-01,JPM_3,JPM,0.9087434786702312,49,19,0.6152269215720947
2025-10-01,JPM_4,JPM,0.8580480767305029,45,16,1.326712347331379
2025-10-01,JPM_5,JPM,0.8409617320664243,47,16,1.3431432338534792
2025-10-01,BAC_1,BAC,0.8331728231492034,52,14,2.8646805790509426
2025-10-01,BAC_2,BAC,0.837423918416852,41,17,1.232299702686212
2025-10-01,BAC_3,BAC,0.7772040369478644,43,14,1.7500327587358482
2025-10-01,BAC_4,BAC,0.8147988476325554,42,16,1.7898741614328373
2025-10-01,BAC_5,BAC,0.7758238511752001,45,16,2.14949618080661
2025-10-01,C_1,C,0.7966770845103877,46,16,1.1518974201809593
2025-10-01,C_2,C,0.7685850576163722,36,18,2.628703165140765
2025-10-01,C_3,C,0.7694002085680115,37,16,3.17883461823646
2025-10-01,C_4,C,0.7430582467414445,44,15,3.339696082733344
2025-10-01,C_5,C,0.7637393778247047,38,15,2.725138892703952
2025-10-01,WFC_1,WFC,0.8740077449942287,53,18,1.9320994427838354
2025-10-01,WFC_2,WFC,0.8236514379513057,45,17,2.590698188652776
2025-10-01,WFC_3,WFC,0.8583871391199817,49,18,1.9216936793639612
2025-10-01,WFC_4,WFC,0.8068501515137243,43,17,1.8340132014758515
2025-10-01,WFC_5,WFC,0.8094423559506827,51,18,1.6219079131943612
2025-10-02,JPM_1,JPM,0.8504148201628419,45,15,1.0592284932035998
2025-10-02,JPM_2,JPM,0.9120557747385483,50,19,1.9760150798454956
2025-10-02,JPM_3,JPM,0.9181698339699305,52,17,1.4063664846075579
2025-10-02,JPM_4,JPM,0.9228448089229713,56,18,1.868428566575531
2025-10-02,JPM_5,JPM,0.8787585383194908,46,18,0.5055356144526413
2025-10-02,BAC_1,BAC,0.8245203046861497,42,19,1.6386816043059198
2025-10-02,BAC_2,BAC,0.8518143113091505,46,17,2.8361568612341514
2025-10-02,BAC_3,BAC,0.8424737938466341,42,18,2.5382655450781897
2025-10-02,BAC_4,BAC,0.8005810242502357,43,17,2.3897536061226092
2025-10-02,BAC_5,BAC,0.7815623605425608,46,15,4.161555437058335
2025-10-02,C_1,C,0.7907031752229327,43,17,2.580079775837063
2025-10-02,C_2,C,0.814202984500404,55,17,2.1873906513291153
2025-10-02,C_3,C,0.7921741055571669,49,18,1.7780829184007998
2025-10-02,C_4,C,0.739960214401078,40,13,2.5451650983182756
2025-10-02,C_5,C,0.7571441346373134,50,17,2.6043032932951604
2025-10-02,WFC_1,WFC,0.8300970766110353,53,15,0.501382672113529
2025-10-02,WFC_2,WFC,0.7960270281449487,51,16,3.256626291147435
2025-10-02,WFC_3,WFC,0.842135287795654,57,17,2.247210710697404
2025-10-02,WFC_4,WFC,0.8656270917162883,46,18,1.0798247841729036
2025-10-02,WFC_5,WFC,0.8258092781987512,44,15,1.8494687439131146
2025-10-03,JPM_1,JPM,0.919379643842961,50,19,1.2731322337606865
2025-10-03,JPM_2,JPM,0.8646742567177934,45,18,1.2235936533927467
2025-10-03,JPM_3,JPM,0.8613985956383019,45,16,1.6759183355564504
2025-10-03,JPM_4,JPM,0.8733600986336664,39,19,0.6880217464729749
2025-10-03,JPM_5,JPM,0.8841788307074981,48,19,0.5
2025-10-03,BAC_1,BAC,0.8287018133405717,43,16,2.1040114722649585
2025-10-03,BAC_2,BAC,0.8416170266032064,40,16,1.4007202298353307
2025-10-03,BAC_3,BAC,0.8330433426435804,41,15,1.2941789712795817
2025-10-03,BAC_4,BAC,0.7837196285172947,32,15,3.6557512298348445
2025-10-03,BAC_5,BAC,0.8162882800851244,40,14,2.7476580335822898
2025-10-03,C_1,C,0.7661034953550934,44,14,2.198263334359161
2025-10-03,C_2,C,0.7797881163057538,44,16,2.768077524646783
2025-10-03,C_3,C,0.7407524906042602,40,16,2.62745781655484
2025-10-03,C_4,C,0.7618024191365113,37,15,3.285946338247459
2025-10-03,C_5,C,0.7114431058124382,35,16,2.6742632761179115
2025-10-03,WFC_1,WFC,0.8368094248200673,46,17,1.8456690300424923
2025-10-03,WFC_2,WFC,0.838491399462617,42,17,1.419699018996574
2025-10-03,WFC_3,WFC,0.8307125478828213,50,15,1.959293939551422
2025-10-03,WFC_4,WFC,0.8415480925264821,47,16,2.400713426900779
2025-10-03,WFC_5,WFC,0.8125223987220634,46,15,2.334403284442543
2025-10-06,JPM_1,JPM,0.9026934044648189,46,19,0.7683638589386078
2025-10-06,JPM_2,JPM,0.9080726031813304,52,20,1.422920429077787
2025-10-06,JPM_3,JPM,0.8725707065197328,50,17,1.255444155006383
2025-10-06,JPM_4,JPM,0.9086218501173787,52,20,1.0684400032039605
2025-10-06,JPM_5,JPM,0.8479411814038494,37,18,1.6987522657063168
2025-10-06,BAC_1,BAC,0.8004087726708329,39,16,1.9795736381823588
2025-10-06,BAC_2,BAC,0.8166286147185252,48,17,2.1425399317209504
2025-10-06,BAC_3,BAC,0.8082561483973819,47,17,2.413056611928369
2025-10-06,BAC_4,BAC,0.8005354059549906,43,17,1.8717709373487041
2025-10-06,BAC_5,BAC,0.8174127170373373,41,16,2.455071171259452
2025-10-06,C_1,C,0.7483841079417364,41,16,2.187564104081516
2025-10-06,C_2,C,0.7937503625852094,44,17,1.3338699599341262
2025-10-06,C_3,C,0.7497950974087173,36,14,2.7532888664964883
2025-10-06,C_4,C,0.7643834230295032,39,18,1.8068200507910497
2025-10-06,C_5,C,0.7059409369447581,30,14,3.3316150477350517
2025-10-06,WFC_1,WFC,0.8185464117239097,43,17,1.8040760162158405
2025-10-06,WFC_2,WFC,0.8510347957477018,50,15,1.2515150387389438
2025-10-06,WFC_3,WFC,0.8339069347347446,49,17,2.3946789194236437
2025-10-06,WFC_4,WFC,0.7917412826747351,40,18,3.1592716307124014
2025-10-06,WFC_5,WFC,0.8047622299064092,43,15,3.110661064841963
2025-10-07,JPM_1,JPM,0.8865062869683537,50,18,1.3621753685979217
2025-10-07,JPM_2,JPM,0.8822319679679052,49,17,0.8326817697493792
2025-10-07,JPM_3,JPM,0.8679612244596755,41,19,1.4887029392513507
2025-10-07,JPM_4,JPM,0.8704952908821274,57,19,1.3740866087032704
2025-10-07,JPM_5,JPM,0.8721842171394413,48,19,1.4290217105623195
2025-10-07,BAC_1,BAC,0.837971465345385,54,17,1.4583968294988328
2025-10-07,BAC_2,BAC,0.8427533745352599,37,17,2.03169675286264
2025-10-07,BAC_3,BAC,0.8110019756523082,35,14,2.287029789374637
2025-10-07,BAC_4,BAC,0.8204485602062064,40,18,2.16925094087446
2025-10-07,BAC_5,BAC,0.7982711798857092,39,15,1.909841374283567
2025-10-07,C_1,C,0.7770916121507533,36,15,1.9815135067959257
2025-10-07,C_2,C,0.7246090212164384,38,14,4.811750444192062
2025-10-07,C_3,C,0.7641876652687627,42,16,3.575531919837366
2025-10-07,C_4,C,0.744635690735387,41,16,1.646492322330757
2025-10-07,C_5,C,0.7864438264827196,41,14,1.9082214830141266
2025-10-07,WFC_1,WFC,0.8511569247693817,45,17,1.5805286212716658
2025-10-07,WFC_2,WFC,0.8262232184830622,44,16,2.54038407485866
2025-10-07,WFC_3,WFC,0.8192826149207698,43,15,2.0186624681508487
2025-10-07,WFC_4,WFC,0.8180016931216907,38,16,2.9831834357654676
2025-10-07,WFC_5,WFC,0.8182063602064706,48,15,2.475027660787635
2025-10-08,JPM_1,JPM,0.9038212076446135,51,19,0.903676504011119
2025-10-08,JPM_2,JPM,0.8817739506972714,47,18,1.1951968209919035
2025-10-08,JPM_3,JPM,0.8573799125303078,51,18,2.207901263426195
2025-10-08,JPM_4,JPM,0.876365198454946,44,20,1.576175967512058
2025-10-08,JPM_5,JPM,0.8581618032428154,49,19,0.5
2025-10-08,BAC_1,BAC,0.8106411876905539,45,15,1.844875598073578
2025-10-08,BAC_2,BAC,0.7860326079143191,42,16,2.755511757618334
2025-10-08,BAC_3,BAC,0.7932106574486297,45,16,2.07738604442971
2025-10-08,BAC_4,BAC,0.8026632159714977,44,19,1.3118430357565978
2025-10-08,BAC_5,BAC,0.7995856143336564,43,15,2.0056857433299906
2025-10-08,C_1,C,0.7902246188692849,48,15,2.238985733317551
2025-10-08,C_2,C,0.7690245361946523,39,15,2.3477324183583086
2025-10-08,C_3,C,0.7562745781667829,40,16,3.5405071528722396
2025-10-08,C_4,C,0.7322946027876452,41,15,3.225792288010574
2025-10-08,C_5,C,0.7518988772837852,45,14,2.1578803405747333
2025-10-08,WFC_1,WFC,0.8045800847914639,38,16,3.5260764224079573
2025-10-08,WFC_2,WFC,0.8221420369551604,42,17,1.864531405144115
2025-10-08,WFC_3,WFC,0.8352913801896731,46,16,1.538388342853727
2025-10-08,WFC_4,WFC,0.8058759008564286,45,17,1.0755136297830874
2025-10-08,WFC_5,WFC,0.8043154659444651,49,17,1.976225469098731
2025-10-09,JPM_1,JPM,0.8884756730101678,47,19,0.5
2025-10-09,JPM_2,JPM,0.8849628895235853,53,17,0.900584356029754
2025-10-09,JPM_3,JPM,0.8491289067404644,48,18,1.6189939534903108
2025-10-09,JPM_4,JPM,0.8750420058132464,40,20,1.5971035059728176
2025-10-09,JPM_5,JPM,0.8639577477028562,51,16,1.339471323823684
2025-10-09,BAC_1,BAC,0.8229062104975593,40,17,2.0453878702239945
2025-10-09,BAC_2,BAC,0.7991573440081791,42,16,1.612446144223085
2025-10-09,BAC_3,BAC,0.8101709201036527,42,17,2.19753095871062
2025-10-09,BAC_4,BAC,0.777095207275959,47,17,2.437191709761836
2025-10-09,BAC_5,BAC,0.7494078358739386,47,16,2.3321125586225575
2025-10-09,C_1,C,0.779237128099305,53,15,2.392217259630967
2025-10-09,C_2,C,0.7688602260265249,41,15,2.361180146637466
2025-10-09,C_3,C,0.7926679292321688,42,17,1.8396725610193556
2025-10-09,C_4,C,0.7536604450885697,47,15,2.0654802202685323
2025-10-09,C_5,C,0.7647821677751349,49,14,2.3617015015884206
2025-10-09,WFC_1,WFC,0.8391270599277625,42,16,1.5558931010709538
2025-10-09,WFC_2,WFC,0.8368537961381698,42,14,1.5590193614644239
2025-10-09,WFC_3,WFC,0.8459771101879007,42,17,2.0718068834561763
2025-10-09,WFC_4,WFC,0.8000257829766426,42,18,2.12240257771266
2025-10-09,WFC_5,WFC,0.8418507163760629,41,15,1.2831888691988915
2025-10-10,JPM_1,JPM,0.9060379515258793,56,19,1.5831105179944567
2025-10-10,JPM_2,JPM,0.9186368728332756,52,17,1.1411677045062434
2025-10-10,JPM_3,JPM,0.8951862772532795,50,19,1.5294334803500584
2025-10-10,JPM_4,JPM,0.905959218155106,49,16,0.5756552465041882
2025-10-10,JPM_5,JPM,0.8859460826135663,52,19,1.6560974618701847
2025-10-10,BAC_1,BAC,0.8382583441941929,42,16,1.6785918713957637
2025-10-10,BAC_2,BAC,0.7970713804469461,42,14,3.104154526577105
2025-10-10,BAC_3,BAC,0.794437434190043,41,14,1.4788661341312628
2025-10-10,BAC_4,BAC,0.8087876815167443,41,16,1.975681030742895
2025-10-10,BAC_5,BAC,0.7613621880285861,46,15,3.272228547457647
2025-10-10,C_1,C,0.7461490969998809,34,15,2.2245824878165097
2025-10-10,C_2,C,0.7534170883423481,40,14,2.1978792007776744
2025-10-10,C_3,C,0.7762211952147143,41,14,3.3633665906502523
2025-10-10,C_4,C,0.7759430879590613,44,16,2.754020259555783
2025-10-10,C_5,C,0.7403323818772397,40,15,2.5287081155284237
2025-10-10,WFC_1,WFC,0.8451744250174738,47,19,1.6553454048277985
2025-10-10,WFC_2,WFC,0.8230820646534643,50,17,2.6266292735808046
2025-10-10,WFC_3,WFC,0.820438778932825,49,17,1.8939230231773407
2025-10-10,WFC_4,WFC,0.8166642259014555,45,16,1.4640616586413013
2025-10-10,WFC_5,WFC,0.7613344051151131,42,12,3.245623169317873
2025-10-13,JPM_1,JPM,0.8603124920862306,56,18,2.328250080583279
2025-10-13,JPM_2,JPM,0.9175227162226373,51,20,1.734653114152823
2025-10-13,JPM_3,JPM,0.8695273179921348,46,17,0.5
2025-10-13,JPM_4,JPM,0.887791958780109,51,14,1.3693367459126844
2025-10-13,JPM_5,JPM,0.8547654432550776,41,15,1.2850018545421773
2025-10-13,BAC_1,BAC,0.8381946114646696,43,17,2.196056342006265
2025-10-13,BAC_2,BAC,0.7939075654834153,43,16,2.450511433619603
2025-10-13,BAC_3,BAC,0.7903276138515983,47,16,1.9152266694405626
2025-10-13,BAC_4,BAC,0.7876562743877535,46,14,1.8038632329110433
2025-10-13,BAC_5,BAC,0.8038379974319361,41,16,1.0204565675052342
2025-10-13,C_1,C,0.778968065643785,45,16,3.144392101735382
2025-10-13,C_2,C,0.7537867521735924,45,16,3.0136906993262023
2025-10-13,C_3,C,0.7475412002717863,40,13,3.4811084527442078
2025-10-13,C_4,C,0.7557846584450542,44,15,1.896247492156586
2025-10-13,C_5,C,0.7432512202940392,39,15,3.1300200990817464
2025-10-13,WFC_1,WFC,0.85843999164872,44,17,1.636884932466287
2025-10-13,WFC_2,WFC,0.8444346283397803,60,17,3.050317263831967
2025-10-13,WFC_3,WFC,0.8459541642986043,47,16,1.094123348617894
2025-10-13,WFC_4,WFC,0.7804757279226044,40,15,2.3760442105186543
2025-10-13,WFC_5,WFC,0.8187627937425622,40,16,2.125737593034962
2025-10-14,JPM_1,JPM,0.8877002345499279,51,17,1.4870029354823762
2025-10-14,JPM_2,JPM,0.8889431496136713,47,20,0.5
2025-10-14,JPM_3,JPM,0.8858113918815123,52,17,0.7319097866098009
2025-10-14,JPM_4,JPM,0.8879857722435069,47,20,2.5847720153774896
2025-10-14,JPM_5,JPM,0.8691623550566323,51,18,1.4432349689404642
2025-10-14,BAC_1,BAC,0.836099326780498,50,17,1.0720858781985865
2025-10-14,BAC_2,BAC,0.8254637343839819,45,18,2.427397581440524
2025-10-14,BAC_3,BAC,0.8156211382036691,52,17,1.4620622550318485
2025-10-14,BAC_4,BAC,0.8139304589334542,44,14,1.0433208969749423
2025-10-14,BAC_5,BAC,0.782732606807626,42,15,3.3241411374560017
2025-10-14,C_1,C,0.7590870627059912,44,17,1.8315463756526915
2025-10-14,C_2,C,0.8199771573981993,45,17,2.843819443548936
2025-10-14,C_3,C,0.7810342244851826,39,16,2.4651769360045312
2025-10-14,C_4,C,0.7686726495820323,40,15,2.337036046110204
2025-10-14,C_5,C,0.7948862031674638,45,16,3.4838442879543123
2025-10-14,WFC_1,WFC,0.8481144717210499,45,19,2.5742627141465575
2025-10-14,WFC_2,WFC,0.8618370103750543,49,17,0.6080321857454855
2025-10-14,WFC_3,WFC,0.8154428651516452,39,18,1.7135143738194072
2025-10-14,WFC_4,WFC,0.7946054666089666,39,16,1.8177944053843613
2025-10-14,WFC_5,WFC,0.8262957429706712,45,16,2.181502239211193
2025-10-15,JPM_1,JPM,0.9074272703867312,58,17,0.5
2025-10-15,JPM_2,JPM,0.8813473598251007,46,18,1.4679730063245713
2025-10-15,JPM_3,JPM,0.9033637213186473,52,17,1.3369922404496017
2025-10-15,JPM_4,JPM,0.8477272492597291,47,16,1.9846973856526922
2025-10-15,JPM_5,JPM,0.8973134363720942,47,16,1.0336519692088377
2025-10-15,BAC_1,BAC,0.791969739619955,40,17,2.2297387808627374
2025-10-15,BAC_2,BAC,0.8113056091665503,45,15,2.330317065092292
2025-10-15,BAC_3,BAC,0.826926741403546,46,17,2.5969141428058653
2025-10-15,BAC_4,BAC,0.7909558416684255,43,18,2.628647771130274
2025-10-15,BAC_5,BAC,0.7727184992266278,40,15,2.637178894377269
2025-10-15,C_1,C,0.7912019830095222,41,17,1.5740185776462985
2025-10-15,C_2,C,0.7769239024931129,37,14,2.5349777255671873
2025-10-15,C_3,C,0.7362413274303146,29,15,3.207367668991225
2025-10-15,C_4,C,0.7446655578430579,43,15,3.0676673021785184
2025-10-15,C_5,C,0.7037221232349126,43,13,3.083557275818399
2025-10-15,WFC_1,WFC,0.8427854033228217,43,18,1.2292182996006538
2025-10-15,WFC_2,WFC,0.8025070597978309,41,15,2.064790206120009
2025-10-15,WFC_3,WFC,0.8126809018865647,48,16,1.3358514378770472
2025-10-15,WFC_4,WFC,0.8308080243475422,49,17,2.2004674740016696
2025-10-15,WFC_5,WFC,0.8099677062552032,46,17,2.613372386918193
2025-10-16,JPM_1,JPM,0.9226771208236414,52,20,1.5855554254273234
2025-10-16,JPM_2,JPM,0.8882233346229355,44,19,0.8617981004091197
2025-10-16,JPM_3,JPM,0.8845936404195265,39,19,0.8333867319124493
2025-10-16,JPM_4,JPM,0.898232842983125,50,19,1.8318040944139753
2025-10-16,JPM_5,JPM,0.8830917412499015,49,18,1.9363910747439181
2025-10-16,BAC_1,BAC,0.8254426852896338,39,18,2.4415540856487525
2025-10-16,BAC_2,BAC,0.8315504927175523,42,16,2.428304185212165
2025-10-16,BAC_3,BAC,0.7872507771950608,39,15,2.659484396708127
2025-10-16,BAC_4,BAC,0.7831905051479497,39,15,2.4214237334841004
2025-10-16,BAC_5,BAC,0.8011235448695979,38,16,2.2860924831808402
2025-10-16,C_1,C,0.8002774469721129,42,15,2.6656186817725476
2025-10-16,C_2,C,0.781734192785572,47,15,2.4978722074785513
2025-10-16,C_3,C,0.7951255891094753,45,17,2.0267243392502308
2025-10-16,C_4,C,0.7724858391289224,40,18,2.5711964896216726
2025-10-16,C_5,C,0.7426036695853233,36,17,2.34220156141833
2025-10-16,WFC_1,WFC,0.8419568903962027,50,17,1.7912078363286394
2025-10-16,WFC_2,WFC,0.8290387484907037,42,17,1.9829693094079217
2025-10-16,WFC_3,WFC,0.8309342067337201,45,16,1.0413683907421003
2025-10-16,WFC_4,WFC,0.8224340973839791,44,14,1.9342166134353265
2025-10-16,WFC_5,WFC,0.851633068821334,47,16,1.7460328849276794
2025-10-17,JPM_1,JPM,0.9161089494787122,45,20,0.8069577703522679
2025-10-17,JPM_2,JPM,0.8973589080216261,48,17,0.5
2025-10-17,JPM_3,JPM,0.8721182365582596,49,17,1.8505622428475426
2025-10-17,JPM_4,JPM,0.8610898790562905,46,19,1.9520077180210442
2025-10-17,JPM_5,JPM,0.8768083461947388,49,16,2.7280625710294837
2025-10-17,BAC_1,BAC,0.8413045575355833,47,15,2.7415164016866562
2025-10-17,BAC_2,BAC,0.7996470418461942,49,13,0.625856495348291
2025-10-17,BAC_3,BAC,0.8060348458084742,42,17,2.1234087643781376
2025-10-17,BAC_4,BAC,0.7989095927079859,48,16,1.896532933695119
2025-10-17,BAC_5,BAC,0.75445408412033,45,14,3.0470706025285255
2025-10-17,C_1,C,0.782028864456342,45,15,2.8724971368665884
2025-10-17,C_2,C,0.7510296835038133,42,17,3.187010570219398
2025-10-17,C_3,C,0.747068557929357,37,16,2.1961838770072752
2025-10-17,C_4,C,0.7773496953177916,45,16,3.628089732265174
2025-10-17,C_5,C,0.7543070545658309,43,15,3.237290247997823
2025-10-17,WFC_1,WFC,0.8371878783710159,47,16,2.074526819306663
2025-10-17,WFC_2,WFC,0.8163500012146473,42,18,1.872867392870298
2025-10-17,WFC_3,WFC,0.8055986022792333,37,17,1.86646475395214
2025-10-17,WFC_4,WFC,0.838103273699152,38,15,2.12810953460739
2025-10-17,WFC_5,WFC,0.7922989132638538,53,17,2.982149201458585
2025-10-20,JPM_1,JPM,0.9232436453938022,50,19,0.8389580694937617
2025-10-20,JPM_2,JPM,0.909587060989237,46,16,2.3296370516402156
2025-10-20,JPM_3,JPM,0.9169601049445155,50,18,0.5
2025-10-20,JPM_4,JPM,0.9073000748590776,53,17,2.1719590265710598
2025-10-20,JPM_5,JPM,0.8639605931938488,44,19,0.898698224555758
2025-10-20,BAC_1,BAC,0.8179143286641818,46,16,2.277168531476828
2025-10-20,BAC_2,BAC,0.8337120210617717,43,19,1.1832135047736134
2025-10-20,BAC_3,BAC,0.8149837698284331,53,14,1.8094033692628269
2025-10-20,BAC_4,BAC,0.7929237250643693,46,14,2.2769553003106475
2025-10-20,BAC_5,BAC,0.8063864399530831,40,14,0.5
2025-10-20,C_1,C,0.8099594868734806,43,15,2.2031024091292277
2025-10-20,C_2,C,0.8002615123755312,41,16,1.7165806262653436
2025-10-20,C_3,C,0.7681846429901241,44,15,2.579895942163585
2025-10-20,C_4,C,0.7869151417834515,41,16,1.658897126210345
2025-10-20,C_5,C,0.7637506359585535,47,13,3.7332794729651035
2025-10-20,WFC_1,WFC,0.8351584658072814,48,19,0.5
2025-10-20,WFC_2,WFC,0.8256996889116051,46,17,2.9447472074524867
2025-10-20,WFC_3,WFC,0.8445612533113264,39,17,2.5563615786783562
2025-10-20,WFC_4,WFC,0.8269928267685221,43,16,2.0922887250858544
2025-10-20,WFC_5,WFC,0.813091792214705,50,17,1.9627582292734325
2025-10-21,JPM_1,JPM,0.9064716931190172,47,18,0.7745937204694704
2025-10-21,JPM_2,JPM,0.8922232382852602,52,18,0.5
2025-10-21,JPM_3,JPM,0.8875909201493369,51,18,1.8912071243371027
2025-10-21,JPM_4,JPM,0.9032094019731034,51,18,1.2925919660333682
2025-10-21,JPM_5,JPM,0.8816751189574032,50,17,1.19684704142152
2025-10-21,BAC_1,BAC,0.8304982425057216,47,16,1.7222884140644874
2025-10-21,BAC_2,BAC,0.8212332411966767,46,18,1.2257565796388654
2025-10-21,BAC_3,BAC,0.8105802834913248,52,17,0.9603414439181543
2025-10-21,BAC_4,BAC,0.7871415803073271,48,16,2.495637876569305
2025-10-21,BAC_5,BAC,0.7755341030683901,49,16,1.9145639084184878
2025-10-21,C_1,C,0.7850152060195281,43,14,2.5296709738304393
2025-10-21,C_2,C,0.7502693807155651,40,15,1.3596349290030405
2025-10-21,C_3,C,0.8082984177188633,43,18,2.1848530651277027
2025-10-21,C_4,C,0.766860557245241,40,14,3.232303312871003
2025-10-21,C_5,C,0.747226450387667,40,13,2.2208487683572553
2025-10-21,WFC_1,WFC,0.852802111494242,47,17,0.8454534862150297
2025-10-21,WFC_2,WFC,0.8267835604323797,50,15,2.020937551024226
2025-10-21,WFC_3,WFC,0.8156802458340363,47,15,2.823038283287013
2025-10-21,WFC_4,WFC,0.8195451162515914,41,18,2.8499232163540196
2025-10-21,WFC_5,WFC,0.7972461957103498,46,14,2.7734843472231
2025-10-22,JPM_1,JPM,0.906876187431535,53,16,1.4852984116982537
2025-10-22,JPM_2,JPM,0.8807833005839658,50,17,1.8209056406748614
2025-10-22,JPM_3,JPM,0.9164142205905594,47,19,1.3303006263924109
2025-10-22,JPM_4,JPM,0.8954809014930566,53,18,1.028550199464779
2025-10-22,JPM_5,JPM,0.8717230519067144,58,17,1.4725211926555946
2025-10-22,BAC_1,BAC,0.8263893921602398,46,16,2.021651371836437
2025-10-22,BAC_2,BAC,0.7956749023342615,41,18,1.4908986557739654
2025-10-22,BAC_3,BAC,0.8127841517686923,45,16,2.323339631565931
2025-10-22,BAC_4,BAC,0.8068068316332018,46,17,2.2761261361606784
2025-10-22,BAC_5,BAC,0.8101975754739246,42,16,1.0505482439476086
2025-10-22,C_1,C,0.777244828356342,40,15,2.1989343316804058
2025-10-22,C_2,C,0.7811034973410022,37,17,2.627422164494528
2025-10-22,C_3,C,0.7146314453523706,38,17,3.6758319660551324
2025-10-22,C_4,C,0.7745876565184613,41,14,2.826763865203171
2025-10-22,C_5,C,0.7868921382223949,47,15,1.5067531005461992
2025-10-22,WFC_1,WFC,0.8454824226018296,51,17,0.6845437542812307
2025-10-22,WFC_2,WFC,0.8445065724406225,46,17,1.4961159511245594
2025-10-22,WFC_3,WFC,0.801968044680273,37,17,1.7022305345843123
2025-10-22,WFC_4,WFC,0.8106058640447312,42,16,2.220349010712359
2025-10-22,WFC_5,WFC,0.8431975298048309,46,17,1.667047241838619
2025-10-23,JPM_1,JPM,0.8905425644407702,44,18,0.5
2025-10-23,JPM_2,JPM,0.9060408062553604,48,18,0.8119740470535487
2025-10-23,JPM_3,JPM,0.8904686895810349,45,19,1.147249982512454
2025-10-23,JPM_4,JPM,0.8968457205184857,48,17,0.7899996108861473
2025-10-23,JPM_5,JPM,0.8683632983395194,40,19,1.8011075215582908
2025-10-23,BAC_1,BAC,0.8191664631017656,43,15,2.2548564859225095
2025-10-23,BAC_2,BAC,0.8321828601157553,53,16,1.349504168013811
2025-10-23,BAC_3,BAC,0.8077171936244508,45,16,2.6737460419967647
2025-10-23,BAC_4,BAC,0.810432975388693,50,16,2.5426659586753266
2025-10-23,BAC_5,BAC,0.8072871856996999,46,18,2.4572671167685414
2025-10-23,C_1,C,0.7679544443162408,39,15,2.296713413444991
2025-10-23,C_2,C,0.7914895879662501,41,15,3.501535736293137
2025-10-23,C_3,C,0.7586535055005289,43,13,1.4799519083392119
2025-10-23,C_4,C,0.7633405173441747,52,14,2.9873292641781366
2025-10-23,C_5,C,0.7428416247679647,43,13,2.608987185841646
2025-10-23,WFC_1,WFC,0.8671555506904436,42,17,1.8308091708682348
2025-10-23,WFC_2,WFC,0.8600891150535478,43,16,1.2781200396598618
2025-10-23,WFC_3,WFC,0.8169391612468773,46,18,1.0205227517419142
2025-10-23,WFC_4,WFC,0.792995570187002,47,15,2.4780187466477663
2025-10-23,WFC_5,WFC,0.8380614814411904,43,16,1.664006500944844
2025-10-24,JPM_1,JPM,0.8735346207993778,54,16,1.2833874823663451
2025-10-24,JPM_2,JPM,0.9040319760729181,48,19,1.3108148670844915
2025-10-24,JPM_3,JPM,0.8623383282270447,42,18,1.5522870025924218
2025-10-24,JPM_4,JPM,0.8727161443244692,51,19,0.9470117546043786
2025-10-24,JPM_5,JPM,0.8753864745145324,44,17,2.679521526479533
2025-10-24,BAC_1,BAC,0.8233608889085697,41,17,2.091001345651236
2025-10-24,BAC_2,BAC,0.8195668836593301,43,18,1.4038114242110435
2025-10-24,BAC_3,BAC,0.8063753024614884,37,16,1.9513796421191556
2025-10-24,BAC_4,BAC,0.8007422698986009,39,18,2.093958137745821
2025-10-24,BAC_5,BAC,0.8019770103554181,37,15,2.2376472913244365
2025-10-24,C_1,C,0.7760037280407163,40,14,2.73635806445361
2025-10-24,C_2,C,0.7597352268898868,42,18,2.7027741368034244
2025-10-24,C_3,C,0.7802820644442879,37,16,2.2924219077400485
2025-10-24,C_4,C,0.7263455072853663,36,15,2.199523578003781
2025-10-24,C_5,C,0.7641737824642896,40,16,2.892749787284973
2025-10-24,WFC_1,WFC,0.8557193865012376,47,17,2.4767264595309904
2025-10-24,WFC_2,WFC,0.8277768717472559,40,18,1.540726714279369
2025-10-24,WFC_3,WFC,0.8216298405585472,46,17,1.7990166946024506
2025-10-24,WFC_4,WFC,0.8346742729577015,44,15,2.3769128276342433
2025-10-24,WFC_5,WFC,0.8270098419192768,48,17,1.0990224891696356
2025-10-27,JPM_1,JPM,0.8954218052126084,49,17,0.5
2025-10-27,JPM_2,JPM,0.9058335412002205,50,17,0.5
2025-10-27,JPM_3,JPM,0.9245835010243647,54,20,1.7857575743799128
2025-10-27,JPM_4,JPM,0.8902158725678941,53,17,2.4991187642357993
2025-10-27,JPM_5,JPM,0.8927557016322551,44,19,0.9009242081208834
2025-10-27,BAC_1,BAC,0.818433276826318,42,17,2.706202704189579
2025-10-27,BAC_2,BAC,0.7980336385390158,47,17,3.082269472711781
2025-10-27,BAC_3,BAC,0.820198751362816,53,16,1.94595671597233
2025-10-27,BAC_4,BAC,0.80204991994734,45,17,2.302284143507087
2025-10-27,BAC_5,BAC,0.7972199615838794,40,17,1.7222580006419552
2025-10-27,C_1,C,0.8043591147618218,41,17,1.8467257432418311
2025-10-27,C_2,C,0.7995560491802484,40,16,2.001107046763328
2025-10-27,C_3,C,0.7784798551888068,40,13,2.3074514674849373
2025-10-27,C_4,C,0.7520873016853112,42,14,3.182839024334702
2025-10-27,C_5,C,0.7662706833844174,37,15,2.806425433970451
2025-10-27,WFC_1,WFC,0.8504089161359287,51,18,1.7267909906803038
2025-10-27,WFC_2,WFC,0.8282725590259977,46,16,1.4705933229844135
2025-10-27,WFC_3,WFC,0.8594103007031924,46,19,2.055993877442257
2025-10-27,WFC_4,WFC,0.8018240138482696,34,16,2.8120349450942035
2025-10-27,WFC_5,WFC,0.8148117930547211,47,16,1.7294693102010537
2025-10-28,JPM_1,JPM,0.9303047009254897,54,17,0.906399396965513
2025-10-28,JPM_2,JPM,0.9032282320110625,48,18,0.9516225825702428
2025-10-28,JPM_3,JPM,0.8164882684800527,48,15,2.6488247099485482
2025-10-28,JPM_4,JPM,0.9080264860892705,52,18,1.4613931741053237
2025-10-28,JPM_5,JPM,0.875989548209038,50,16,1.8283777707332434
2025-10-28,BAC_1,BAC,0.7956635144582186,44,16,2.6385080067320605
2025-10-28,BAC_2,BAC,0.8015450181840666,41,18,1.961840030060901
2025-10-28,BAC_3,BAC,0.814439924516748,51,18,1.9988568908704447
2025-10-28,BAC_4,BAC,0.8032122627922781,48,17,1.846375989058066
2025-10-28,BAC_5,BAC,0.7810751090364875,35,16,2.565322166998614
2025-10-28,C_1,C,0.8027752261283178,45,17,1.774598808442935
2025-10-28,C_2,C,0.7566186751499943,39,17,1.5501058657844848
2025-10-28,C_3,C,0.7671658014298788,37,14,3.428478379777905
2025-10-28,C_4,C,0.7644865719668288,42,15,3.3389098286162873
2025-10-28,C_5,C,0.7514534869195002,37,13,1.9533700067756694
2025-10-28,WFC_1,WFC,0.8503248524322531,38,17,2.28380460613229
2025-10-28,WFC_2,WFC,0.8210898506446803,41,16,1.87595290171668
2025-10-28,WFC_3,WFC,0.8679527307681996,47,18,1.0366502485715186
2025-10-28,WFC_4,WFC,0.8362426617892229,44,18,2.722136540133711
2025-10-28,WFC_5,WFC,0.8118526169116564,46,14,1.5376820937913431
2025-10-29,JPM_1,JPM,0.9275689611580975,50,18,1.2001115620905156
2025-10-29,JPM_2,JPM,0.8864447136781398,52,17,0.6255327508922578
2025-10-29,JPM_3,JPM,0.8811540741067165,59,17,0.9705373627146168
2025-10-29,JPM_4,JPM,0.8454791554566925,46,18,1.6073332201362953
2025-10-29,JPM_5,JPM,0.850168444422424,51,18,2.1153170679994693
2025-10-29,BAC_1,BAC,0.8209786604853863,40,17,1.2369864679123581
2025-10-29,BAC_2,BAC,0.8051057634945356,48,14,1.7983675399588088
2025-10-29,BAC_3,BAC,0.7956064891475856,47,19,2.801418115695172
2025-10-29,BAC_4,BAC,0.7846587938236268,48,15,1.824838597719423
2025-10-29,BAC_5,BAC,0.7989142283573978,43,16,1.8366294857836671
2025-10-29,C_1,C,0.791151371350508,49,15,2.45661459953838
2025-10-29,C_2,C,0.7681533891772828,46,14,3.6431678995234336
2025-10-29,C_3,C,0.7578338908442843,41,13,2.2532691152568742
2025-10-29,C_4,C,0.7711358312915175,46,16,2.7196794555856703
2025-10-29,C_5,C,0.7386511891683164,43,13,4.033948050101383
2025-10-29,WFC_1,WFC,0.8327823559037276,45,18,1.4609250942647494
2025-10-29,WFC_2,WFC,0.8290068463461815,48,16,2.1874968768953233
2025-10-29,WFC_3,WFC,0.8371785147434075,51,16,2.051370726233263
2025-10-29,WFC_4,WFC,0.8308119920156576,45,17,1.898131702688792
2025-10-29,WFC_5,WFC,0.8377317340059531,46,16,1.3628770579718377
2025-10-30,JPM_1,JPM,0.9297834368914022,47,19,0.5
2025-10-30,JPM_2,JPM,0.9050841468114363,47,20,0.5
2025-10-30,JPM_3,JPM,0.904236927464484,56,17,1.1114429090760138
2025-10-30,JPM_4,JPM,0.8718500521872303,45,20,1.4521212039429243
2025-10-30,JPM_5,JPM,0.8628912582355048,42,18,1.1813348052185688
2025-10-30,BAC_1,BAC,0.8497080479516517,52,18,1.469311492585168
2025-10-30,BAC_2,BAC,0.8535150271412748,51,16,0.8372609506127197
2025-10-30,BAC_3,BAC,0.794397246081074,45,18,2.733626128152991
2025-10-30,BAC_4,BAC,0.7923784719532393,45,18,2.6605743863715867
2025-10-30,BAC_5,BAC,0.7925022194512465,43,15,3.336388780421199
2025-10-30,C_1,C,0.7671285209959382,41,14,2.4640277041123566
2025-10-30,C_2,C,0.7625923330120769,47,14,2.4863152299820896
2025-10-30,C_3,C,0.7432116248121855,42,15,4.103684814483425
2025-10-30,C_4,C,0.7658102716504852,44,13,3.1754882105053337
2025-10-30,C_5,C,0.7370497818634236,40,14,2.2360435036740562
2025-10-30,WFC_1,WFC,0.8267596444422114,39,18,2.1532874474418886
2025-10-30,WFC_2,WFC,0.8653169347512004,46,15,0.9481569094618968
2025-10-30,WFC_3,WFC,0.8314368186644958,39,16,2.359217939963422
2025-10-30,WFC_4,WFC,0.8181047391100759,41,18,0.5
2025-10-30,WFC_5,WFC,0.8322999917524592,49,17,1.670489267252288
2025-10-31,JPM_1,JPM,0.898956603461973,51,17,0.8360154284063701
2025-10-31,JPM_2,JPM,0.8986308775176758,49,20,1.7609015678795872
2025-10-31,JPM_3,JPM,0.8770008309885966,52,19,1.745911861606122
2025-10-31,JPM_4,JPM,0.889304391862781,57,19,1.3749129308952566
2025-10-31,JPM_5,JPM,0.867853967652401,48,19,1.5508976800465888
2025-10-31,BAC_1,BAC,0.8458788324914291,43,18,0.9899494511600577
2025-10-31,BAC_2,BAC,0.8612015921968336,48,16,1.4043717445345336
2025-10-31,BAC_3,BAC,0.7876036333196469,42,17,2.54560526846802
2025-10-31,BAC_4,BAC,0.7970753488239793,45,15,1.4999185253487632
2025-10-31,BAC_5,BAC,0.7781742206286222,45,16,2.714719447155705
2025-10-31,C_1,C,0.7787278367750565,37,17,2.77298981730266
2025-10-31,C_2,C,0.7878086329663899,43,17,2.7611842109329565
2025-10-31,C_3,C,0.7508706320785998,42,15,2.580714575051101
2025-10-31,C_4,C,0.7637485814264985,40,17,3.1736173109174297
2025-10-31,C_5,C,0.7648051444043586,41,15,2.1878764497037415
2025-10-31,WFC_1,WFC,0.8463634096050644,48,16,1.6728759569183298
2025-10-31,WFC_2,WFC,0.8445915841076782,40,18,1.0908979801816514
2025-10-31,WFC_3,WFC,0.8620360461883239,48,19,1.027285053877182
2025-10-31,WFC_4,WFC,0.811211406221073,50,16,2.2572267929557635
2025-10-31,WFC_5,WFC,0.8448709121447258,50,16,2.0765979911935455
2025-11-03,JPM_1,JPM,0.9238351321488307,51,18,0.5958285693899144
2025-11-03,JPM_2,JPM,0.9074493533871952,47,17,1.5068780130557986
2025-11-03,JPM_3,JPM,0.8942646224502118,50,16,0.672544685121204
2025-11-03,JPM_4,JPM,0.8571191663430865,51,17,1.510757451523321
2025-11-03,JPM_5,JPM,0.8738527861930256,51,20,1.1370293960683948
2025-11-03,BAC_1,BAC,0.8361883724180713,48,17,1.340606577400061
2025-11-03,BAC_2,BAC,0.7942012416811679,50,15,2.7855113606934756
2025-11-03,BAC_3,BAC,0.8109416504797606,41,15,1.9223048707649564
2025-11-03,BAC_4,BAC,0.7894636988216971,43,15,2.1708820588189828
2025-11-03,BAC_5,BAC,0.7967780379303341,48,17,3.005564309705039
2025-11-03,C_1,C,0.7836139574733881,45,15,1.913285438615976
2025-11-03,C_2,C,0.7569535155899905,37,17,3.432251127812586
2025-11-03,C_3,C,0.7651196914586952,48,18,2.515957224598561
2025-11-03,C_4,C,0.7833092470370133,49,14,1.8104065720387204
2025-11-03,C_5,C,0.7829900927446067,39,16,2.761648497481235
2025-11-03,WFC_1,WFC,0.823393922856081,49,16,1.2314668244781752
2025-11-03,WFC_2,WFC,0.8636189654142787,45,17,1.7605405784982038
2025-11-03,WFC_3,WFC,0.8346432400644113,49,16,2.8294164921397122
2025-11-03,WFC_4,WFC,0.826509466446012,47,15,2.444491036086875
2025-11-03,WFC_5,WFC,0.8366768910701072,48,16,2.8688283002728836
2025-11-04,JPM_1,JPM,0.8859269275676365,45,16,1.3879521167839848
2025-11-04,JPM_2,JPM,0.8637808587523157,55,15,2.6623516406262775
2025-11-04,JPM_3,JPM,0.8573700902521987,40,16,1.4037940041790395
2025-11-04,JPM_4,JPM,0.85828417170718,47,16,1.0743461687993103
2025-11-04,JPM_5,JPM,0.8663014387335971,46,18,1.1472773325028929
2025-11-04,BAC_1,BAC,0.7870478065409595,37,15,3.787759754214515
2025-11-04,BAC_2,BAC,0.8702292557204689,52,18,1.0371126180652204
2025-11-04,BAC_3,BAC,0.824582115454172,37,17,2.4024284491069836
2025-11-04,BAC_4,BAC,0.7674897752577943,46,14,3.437295227523622
2025-11-04,BAC_5,BAC,0.8303636203601628,38,14,2.664681207747996
2025-11-04,C_1,C,0.7773433085780738,42,17,3.037778551020927
2025-11-04,C_2,C,0.7685733594111093,47,12,1.911848925289151
2025-11-04,C_3,C,0.8011293032406165,46,19,2.618524140651805
2025-11-04,C_4,C,0.7673370756339745,41,17,2.4755818687818127
2025-11-04,C_5,C,0.7601964964550928,43,15,2.1786006919825125
2025-11-04,WFC_1,WFC,0.8473060915751336,44,18,2.7392961963928615
2025-11-04,WFC_2,WFC,0.8183518126546082,45,16,3.3797730512946638
2025-11-04,WFC_3,WFC,0.8366099571794121,40,18,2.062519867355485
2025-11-04,WFC_4,WFC,0.8385953220281434,47,15,2.621323038138797
2025-11-04,WFC_5,WFC,0.8053988302378678,38,17,1.6592736016074858
2025-11-05,JPM_1,JPM,0.9079876979985239,48,19,0.5
2025-11-05,JPM_2,JPM,0.9108749322758702,56,17,1.9222464934170937
2025-11-05,JPM_3,JPM,0.8359192779834107,45,16,1.2785598878945013
2025-11-05,JPM_4,JPM,0.9052732996936683,48,19,1.2878483897681128
2025-11-05,JPM_5,JPM,0.8649805039705091,45,19,0.8718566703941573
2025-11-05,BAC_1,BAC,0.814559150430601,39,15,1.8835924343804673
2025-11-05,BAC_2,BAC,0.7910521505192735,47,16,3.1822493097373488
2025-11-05,BAC_3,BAC,0.7954740692159609,42,15,3.525533670738433
2025-11-05,BAC_4,BAC,0.7756476277160248,46,17,2.022592664045393
2025-11-05,BAC_5,BAC,0.8175243524239612,48,15,0.7016171442105632
2025-11-05,C_1,C,0.7632399715586107,45,13,1.694176090837567
2025-11-05,C_2,C,0.7966486630711922,50,17,1.2272432291896263
2025-11-05,C_3,C,0.7839896803529345,39,16,1.9761086991274734
2025-11-05,C_4,C,0.7463457212237655,42,14,3.9675223076922066
2025-11-05,C_5,C,0.8081490652191908,42,16,2.8406332077806957
2025-11-05,WFC_1,WFC,0.8386421103189116,43,17,1.266873458541855
2025-11-05,WFC_2,WFC,0.8031180818936295,44,17,1.5717294119948262
2025-11-05,WFC_3,WFC,0.8267470038204519,48,17,0.6561119462104517
2025-11-05,WFC_4,WFC,0.8449864614477551,47,17,1.3190820377731103
2025-11-05,WFC_5,WFC,0.8053218568758501,42,13,1.6944048105095904
2025-11-06,JPM_1,JPM,0.8894348068179523,49,18,1.0305604586016122
2025-11-06,JPM_2,JPM,0.9151514020564385,48,18,1.2106023592251276
2025-11-06,JPM_3,JPM,0.9267833558104784,54,20,0.5
2025-11-06,JPM_4,JPM,0.8630879222311584,47,16,0.6650499212781983
2025-11-06,JPM_5,JPM,0.8515856878310797,46,17,0.5
2025-11-06,BAC_1,BAC,0.7970543935850837,49,18,2.0138967947142645
2025-11-06,BAC_2,BAC,0.8511178772603691,40,17,2.174701209575343
2025-11-06,BAC_3,BAC,0.8060384620155278,42,16,1.7783578938446294
2025-11-06,BAC_4,BAC,0.8241144491096689,41,17,1.3176809610926068
2025-11-06,BAC_5,BAC,0.8190866959657975,40,16,2.674169938802803
2025-11-06,C_1,C,0.7815077351523577,51,16,3.4951562434873042
2025-11-06,C_2,C,0.7729863804385065,44,13,2.4903633186640346
2025-11-06,C_3,C,0.7879697469399901,44,15,3.060711008483959
2025-11-06,C_4,C,0.7238859227640447,35,16,2.0699150366462833
2025-11-06,C_5,C,0.7706970649896318,46,13,2.236971188057588
2025-11-06,WFC_1,WFC,0.8531091839346798,47,17,0.5
2025-11-06,WFC_2,WFC,0.8237810896618412,42,14,2.433924564747489
2025-11-06,WFC_3,WFC,0.8281829889294422,46,15,1.9122281861192407
2025-11-06,WFC_4,WFC,0.8302859800491103,50,18,2.16391277553131
2025-11-06,WFC_5,WFC,0.8238907923351233,44,16,2.6228427259136917
2025-11-07,JPM_1,JPM,0.9250603704825671,52,17,0.5333521262155754
2025-11-07,JPM_2,JPM,0.9067437131197889,53,19,0.9411119942265408
2025-11-07,JPM_3,JPM,0.8809997684102586,50,18,1.0093406988301497
2025-11-07,JPM_4,JPM,0.8758677445454545,56,17,1.1845087361155429
2025-11-07,JPM_5,JPM,0.858569304249456,47,17,2.0045346091165563
2025-11-07,BAC_1,BAC,0.826096266991554,45,17,0.9255704577282186
2025-11-07,BAC_2,BAC,0.8230222957635995,42,17,2.6745862429013494
2025-11-07,BAC_3,BAC,0.7984712196833322,52,14,2.4203739607183117
2025-11-07,BAC_4,BAC,0.7976818888151972,44,17,1.8104366972235475
2025-11-07,BAC_5,BAC,0.7931420423096188,46,18,2.636431032122914
2025-11-07,C_1,C,0.7519256343717514,34,15,3.828627797548932
2025-11-07,C_2,C,0.7919777007045221,40,16,2.533098026822571
2025-11-07,C_3,C,0.7670031504127728,34,18,3.458586870302671
2025-11-07,C_4,C,0.7371115756997418,37,15,2.559811179755411
2025-11-07,C_5,C,0.7701906193792819,40,14,2.122353681134401
2025-11-07,WFC_1,WFC,0.8399625020085976,40,18,1.212758446073881
2025-11-07,WFC_2,WFC,0.8493393344692156,41,19,1.8298733141204049
2025-11-07,WFC_3,WFC,0.830257246814497,45,14,1.9637625932388305
2025-11-07,WFC_4,WFC,0.8422588161804182,50,16,1.2623869199544
2025-11-07,WFC_5,WFC,0.7859101114280507,39,16,2.4436011939013302
2025-11-10,JPM_1,JPM,0.8735512073544418,46,17,1.74451406726785
2025-11-10,JPM_2,JPM,0.9031452953977773,50,18,0.5
2025-11-10,JPM_3,JPM,0.9032655118010408,52,19,2.227202528206094
2025-11-10,JPM_4,JPM,0.8536729004927283,47,18,0.9132538165742132
2025-11-10,JPM_5,JPM,0.8496875636909927,47,18,2.341581169296339
2025-11-10,BAC_1,BAC,0.8495597898503815,49,18,1.6376639497035572
2025-11-10,BAC_2,BAC,0.8496612758195635,50,16,2.302035238343784
2025-11-10,BAC_3,BAC,0.8252768365884307,46,16,2.303985007822742
2025-11-10,BAC_4,BAC,0.7936543714744492,41,14,2.580314019346619
2025-11-10,BAC_5,BAC,0.807111657404397,46,16,0.9288047272907949
2025-11-10,C_1,C,0.767932632071283,38,15,2.9096353570462643
2025-11-10,C_2,C,0.7996387467052005,45,17,2.8613654453465256
2025-11-10,C_3,C,0.8048994207150894,41,14,1.5748517991612525
2025-11-10,C_4,C,0.7445891742522938,41,14,2.678983980620441
2025-11-10,C_5,C,0.7496178392634163,35,15,2.496837301574032
2025-11-10,WFC_1,WFC,0.8492346921583938,49,17,0.5785910561561247
2025-11-10,WFC_2,WFC,0.8383149564322893,47,17,2.254308500557222
2025-11-10,WFC_3,WFC,0.8229543791224969,43,19,1.4712366416014413
2025-11-10,WFC_4,WFC,0.8143565476735518,40,16,2.2191067021022315
2025-11-10,WFC_5,WFC,0.7949303868172035,38,15,3.4118901946210225
2025-11-11,JPM_1,JPM,0.9027945543084975,51,17,1.9131002060730387
2025-11-11,JPM_2,JPM,0.8883472769324103,48,18,0.5
2025-11-11,JPM_3,JPM,0.8881785544197744,46,18,1.7206768032112203
2025-11-11,JPM_4,JPM,0.865325055577577,40,20,1.6178748978654924
2025-11-11,JPM_5,JPM,0.8511185229954179,47,16,2.4354761317031106
2025-11-11,BAC_1,BAC,0.8162514482722422,48,17,2.220954064287808
2025-11-11,BAC_2,BAC,0.8119885910005447,44,16,1.2072759511656828
2025-11-11,BAC_3,BAC,0.8053326927690886,51,16,2.284436777134609
2025-11-11,BAC_4,BAC,0.7893769903594193,48,14,2.1918058164140386
2025-11-11,BAC_5,BAC,0.8234533560474417,49,17,1.7022807308468837
2025-11-11,C_1,C,0.7715768352636615,45,16,2.7817522701311495
2025-11-11,C_2,C,0.7746869416817144,42,16,2.4214631376317204
2025-11-11,C_3,C,0.7533950003422909,40,14,2.829734069079001
2025-11-11,C_4,C,0.7237634157253879,36,15,2.332926758061533
2025-11-11,C_5,C,0.764377121748506,41,14,2.572680056551286
2025-11-11,WFC_1,WFC,0.8143470853029557,39,17,1.4389909364623197
2025-11-11,WFC_2,WFC,0.8423804047097457,52,19,1.4333988148446086
2025-11-11,WFC_3,WFC,0.8585348676489051,51,18,2.0199604452864586
2025-11-11,WFC_4,WFC,0.8019479159513334,35,14,1.6673942899686083
2025-11-11,WFC_5,WFC,0.8335417138414555,45,16,1.2814338404828307
2025-11-12,JPM_1,JPM,0.8934730407000683,52,16,1.9325088128404184
2025-11-12,JPM_2,JPM,0.8938113672782696,45,18,1.6444169865956146
2025-11-12,JPM_3,JPM,0.8848892388215344,46,19,0.72016256535447
2025-11-12,JPM_4,JPM,0.8859189934229725,54,16,0.5
2025-11-12,JPM_5,JPM,0.8915432081119052,45,19,1.0540372383122665
2025-11-12,BAC_1,BAC,0.819565076958654,41,15,1.65616336219404
2025-11-12,BAC_2,BAC,0.8377682651107152,53,18,0.7343141001369922
2025-11-12,BAC_3,BAC,0.813186829107644,43,16,2.794932195611291
2025-11-12,BAC_4,BAC,0.7934785389597172,42,16,2.317453612720372
2025-11-12,BAC_5,BAC,0.7994769490511318,40,15,1.902607310078088
2025-11-12,C_1,C,0.7649729009298029,39,14,2.0497065364679354
2025-11-12,C_2,C,0.7501994327936498,36,18,2.910986833608028
2025-11-12,C_3,C,0.726931186224822,38,15,2.411424364928533
2025-11-12,C_4,C,0.7285422526561434,32,16,2.9019062781429548
2025-11-12,C_5,C,0.7720676495034159,46,15,1.4483581139897808
2025-11-12,WFC_1,WFC,0.8417946011272334,50,16,1.9335162308101534
2025-11-12,WFC_2,WFC,0.8348615863474705,47,18,0.845853363540644
2025-11-12,WFC_3,WFC,0.8375664885013578,52,17,2.2048239929446827
2025-11-12,WFC_4,WFC,0.8322899791548033,44,15,1.5120390053521362
2025-11-12,WFC_5,WFC,0.8045223237430552,43,15,2.213483725574189
2025-11-13,JPM_1,JPM,0.9123929533929004,54,19,0.5
2025-11-13,JPM_2,JPM,0.870708376854223,45,16,0.7083087821084133
2025-11-13,JPM_3,JPM,0.9158354192758766,52,20,0.5
2025-11-13,JPM_4,JPM,0.890400017949135,57,19,1.519346150287925
2025-11-13,JPM_5,JPM,0.8931918494717696,43,19,1.291655893099499
2025-11-13,BAC_1,BAC,0.8171387600717859,43,18,2.4453569728437277
2025-11-13,BAC_2,BAC,0.8081250362440028,44,17,1.992302175616779
2025-11-13,BAC_3,BAC,0.773272947457709,43,15,1.3094633338724715
2025-11-13,BAC_4,BAC,0.8009141949442349,37,16,1.63777723087802
2025-11-13,BAC_5,BAC,0.8090738942593328,51,16,2.518103661579841
2025-11-13,C_1,C,0.809059282853504,46,16,1.92666532594994
2025-11-13,C_2,C,0.8084022919384162,51,18,1.8722324678115323
2025-11-13,C_3,C,0.7342162467126214,36,13,2.9694553145278384
2025-11-13,C_4,C,0.7612089122406142,44,16,3.306204555058008
2025-11-13,C_5,C,0.7408339496774514,50,16,2.969717797618707
2025-11-13,WFC_1,WFC,0.8432169354096772,44,15,0.5
2025-11-13,WFC_2,WFC,0.8240723543809639,50,14,1.927504598926324
2025-11-13,WFC_3,WFC,0.8372353633635666,45,18,1.7785608719578463
2025-11-13,WFC_4,WFC,0.8095349757772653,47,16,1.653967217844948
2025-11-13,WFC_5,WFC,0.7716838572313328,44,16,1.83087233212343
2025-11-14,JPM_1,JPM,0.9142775300354393,43,20,0.6402711849835298
2025-11-14,JPM_2,JPM,0.9554082966817111,51,19,0.5
2025-11-14,JPM_3,JPM,0.8708157351953437,51,18,2.4247248807236446
2025-11-14,JPM_4,JPM,0.8676135032341928,44,15,1.5907910332532031
2025-11-14,JPM_5,JPM,0.892367588881218,48,17,0.5548100653649729
2025-11-14,BAC_1,BAC,0.8116928300314146,48,15,2.128281598497338
2025-11-14,BAC_2,BAC,0.808977089968878,38,15,2.2838026189867824
2025-11-14,BAC_3,BAC,0.8063451138011994,47,16,1.8707332094253635
2025-11-14,BAC_4,BAC,0.7920977219536555,45,17,2.032900864658255
2025-11-14,BAC_5,BAC,0.789770252395847,45,17,2.559161319299784
2025-11-14,C_1,C,0.7577799945655106,42,15,2.5899549269306483
2025-11-14,C_2,C,0.7752179983095339,43,15,2.5141164807891094
2025-11-14,C_3,C,0.7888607397716701,44,18,2.5120055147377247
2025-11-14,C_4,C,0.7565782126285178,41,15,2.171224473553765
2025-11-14,C_5,C,0.7730309704353562,43,14,2.44680734934043
2025-11-14,WFC_1,WFC,0.8395584404077532,43,16,1.844581457515001
2025-11-14,WFC_2,WFC,0.8191902142032921,44,14,2.452979171107791
2025-11-14,WFC_3,WFC,0.8600956429165747,45,16,1.6736236712655237
2025-11-14,WFC_4,WFC,0.807240615046808,48,16,1.6295145542162026
2025-11-14,WFC_5,WFC,0.7938442769903153,42,16,2.8120971935740617
2025-11-17,JPM_1,JPM,0.9025878848974408,54,17,0.8438412672156779
2025-11-17,JPM_2,JPM,0.8735640566170898,52,17,1.489581542523132
2025-11-17,JPM_3,JPM,0.8854602664936043,49,19,1.2972508644294936
2025-11-17,JPM_4,JPM,0.8885827409985139,50,20,1.2823038038962054
2025-11-17,JPM_5,JPM,0.8968001559673687,54,16,1.017236446651478
2025-11-17,BAC_1,BAC,0.8313244282900563,47,17,2.684749147049705
2025-11-17,BAC_2,BAC,0.8044657017639002,44,15,2.3340444238599685
2025-11-17,BAC_3,BAC,0.8178462644141539,44,17,1.5862860209828566
2025-11-17,BAC_4,BAC,0.812406700082432,42,18,1.4219252204538757
2025-11-17,BAC_5,BAC,0.8074876520402473,45,17,1.9071053757664387
2025-11-17,C_1,C,0.7635673275220841,47,16,2.9950294438588343
2025-11-17,C_2,C,0.7855997698146047,41,16,2.2934441082862955
2025-11-17,C_3,C,0.7636710757140781,44,14,3.256594675726871
2025-11-17,C_4,C,0.7472977400733881,39,15,3.459045842461785
2025-11-17,C_5,C,0.7703323600884964,45,17,2.252846846195309
2025-11-17,WFC_1,WFC,0.8008255560111147,47,18,2.6302102413840105
2025-11-17,WFC_2,WFC,0.8296289942303222,48,16,1.9791657921988974
2025-11-17,WFC_3,WFC,0.828094662719694,50,15,0.856301200915492
2025-11-17,WFC_4,WFC,0.8331530074740954,47,16,3.0864957282709655
2025-11-17,WFC_5,WFC,0.8240675117953024,44,16,1.591404247457724
2025-11-18,JPM_1,JPM,0.9132680644827745,55,16,1.438513463533468
2025-11-18,JPM_2,JPM,0.9200833264616901,48,17,1.5408849172232868
2025-11-18,JPM_3,JPM,0.8468020102461051,50,15,0.5
2025-11-18,JPM_4,JPM,0.8463176027306811,42,16,1.1611177627252018
2025-11-18,JPM_5,JPM,0.8764650249944923,45,16,1.2836563453776215
2025-11-18,BAC_1,BAC,0.8161958020579788,45,14,2.187573602327238
2025-11-18,BAC_2,BAC,0.7887270019291075,41,16,1.7858979560232169
2025-11-18,BAC_3,BAC,0.832419707565818,38,17,1.4851017195724598
2025-11-18,BAC_4,BAC,0.8131778357140386,48,19,2.4976740575787613
2025-11-18,BAC_5,BAC,0.7779190151928982,46,17,3.1585094110599607
2025-11-18,C_1,C,0.7669669011655553,35,16,2.242688151712625
2025-11-18,C_2,C,0.7591391434210513,52,15,2.029075598534049
2025-11-18,C_3,C,0.797156236495568,47,17,1.5618502367726852
2025-11-18,C_4,C,0.7549100080030993,40,12,3.197309725812464
2025-11-18,C_5,C,0.7360088389798463,33,15,2.3543653864435736
2025-11-18,WFC_1,WFC,0.823388726763807,47,18,3.1434244314190845
2025-11-18,WFC_2,WFC,0.8293953795810679,42,17,2.361965832632275
2025-11-18,WFC_3,WFC,0.8095567713404126,40,15,2.4517508297326835
2025-11-18,WFC_4,WFC,0.811049456298479,36,17,2.1963334552926645
2025-11-18,WFC_5,WFC,0.827707291751769,42,16,2.839710772837588
2025-11-19,JPM_1,JPM,0.920669557868724,49,16,1.1706233283641225
2025-11-19,JPM_2,JPM,0.850384327479349,49,18,1.307357105793407
2025-11-19,JPM_3,JPM,0.863518237627331,46,16,1.534354366839932
2025-11-19,JPM_4,JPM,0.8851856563556659,42,16,1.5571699703574606
2025-11-19,JPM_5,JPM,0.8792451362618181,49,16,1.390386016186215
2025-11-19,BAC_1,BAC,0.8144867405725079,44,13,1.2013120328750193
2025-11-19,BAC_2,BAC,0.8064589193870207,51,13,2.8078273705159567
2025-11-19,BAC_3,BAC,0.8445337940443729,51,19,1.5328939652537101
2025-11-19,BAC_4,BAC,0.7977713513111973,38,15,2.1969609130101126
2025-11-19,BAC_5,BAC,0.7993075658439035,45,18,1.4017629531294915
2025-11-19,C_1,C,0.8008923491088277,38,17,2.866316460745404
2025-11-19,C_2,C,0.7771312535532526,51,15,2.4419143687096208
2025-11-19,C_3,C,0.7582260808828031,39,17,2.1740847435531663
2025-11-19,C_4,C,0.7878296072800568,45,16,1.418165927389654
2025-11-19,C_5,C,0.7739080136397947,39,18,3.0118349041218773
2025-11-19,WFC_1,WFC,0.839356198875527,42,19,2.208124255245236
2025-11-19,WFC_2,WFC,0.8428534991323265,51,18,1.0358074770579775
2025-11-19,WFC_3,WFC,0.8166943406278715,38,17,1.7383975353232537
2025-11-19,WFC_4,WFC,0.8193018744431133,54,16,0.9807435283790464
2025-11-19,WFC_5,WFC,0.8073039400099445,49,18,1.6061496894100358
2025-11-20,JPM_1,JPM,0.8907756432941338,50,18,0.7552695305351238
2025-11-20,JPM_2,JPM,0.8737956704388635,56,17,0.7780281117878516
2025-11-20,JPM_3,JPM,0.9234340345866747,45,18,0.5
2025-11-20,JPM_4,JPM,0.8595443006837357,42,17,1.5837858444651929
2025-11-20,JPM_5,JPM,0.8395632407956685,53,15,1.320179936607337
2025-11-20,BAC_1,BAC,0.802577031153306,49,14,2.332909553105303
2025-11-20,BAC_2,BAC,0.8148454156419022,42,18,1.4604568065417247
2025-11-20,BAC_3,BAC,0.808721544575249,45,18,1.964609992230409
2025-11-20,BAC_4,BAC,0.7996576583646686,46,16,2.013689269990763
2025-11-20,BAC_5,BAC,0.7818674906226205,40,16,2.1091881967153188
2025-11-20,C_1,C,0.7957791957985026,34,16,2.5185285918306937
2025-11-20,C_2,C,0.7819793467287626,38,17,2.0325875439884924
2025-11-20,C_3,C,0.7309030164063975,41,13,2.5484579378126946
2025-11-20,C_4,C,0.7531340700352391,42,15,1.8034191473307353
2025-11-20,C_5,C,0.7363983413808639,40,16,3.2133420264482413
2025-11-20,WFC_1,WFC,0.8694291154591176,49,18,1.6291481811187958
2025-11-20,WFC_2,WFC,0.809828473180049,46,16,1.8156065652080053
2025-11-20,WFC_3,WFC,0.8349258768304947,41,14,1.9800814854650417
2025-11-20,WFC_4,WFC,0.8560933917633614,47,17,1.8483946810611394
2025-11-20,WFC_5,WFC,0.8220888788495773,44,17,2.063682111688072
2025-11-21,JPM_1,JPM,0.9089726846077365,45,15,0.8939443240662046
2025-11-21,JPM_2,JPM,0.8960345888093197,51,18,1.6841844623406244
2025-11-21,JPM_3,JPM,0.9144801928483187,45,20,0.9007839913011038
2025-11-21,JPM_4,JPM,0.893466823546052,58,18,1.7247901678221509
2025-11-21,JPM_5,JPM,0.8623062543885274,38,16,1.4166394090146517
2025-11-21,BAC_1,BAC,0.8359522618018117,41,17,1.7009445612844951
2025-11-21,BAC_2,BAC,0.7928313524079191,40,15,3.129564626524453
2025-11-21,BAC_3,BAC,0.7959444772273109,45,15,2.823898092631468
2025-11-21,BAC_4,BAC,0.8398659845424965,40,18,2.100164369286781
2025-11-21,BAC_5,BAC,0.768948864506106,41,17,2.497917236848243
2025-11-21,C_1,C,0.7641404854983088,45,18,2.7495580675785702
2025-11-21,C_2,C,0.7720628254826316,46,15,2.535781642074236
2025-11-21,C_3,C,0.7693575108011431,42,15,3.138427672426422
2025-11-21,C_4,C,0.7420809979552775,36,16,3.2760703445515196
2025-11-21,C_5,C,0.7785811677454105,46,15,2.0755049244717054
2025-11-21,WFC_1,WFC,0.8018908337114006,41,17,1.9180967785234284
2025-11-21,WFC_2,WFC,0.8526727300178963,45,14,3.145529907022099
2025-11-21,WFC_3,WFC,0.7964957576350976,44,17,2.9352649971799942
2025-11-21,WFC_4,WFC,0.7803394549199568,44,17,0.8406564919927855
2025-11-21,WFC_5,WFC,0.7834533007164145,42,15,1.2752178635837812
2025-11-24,JPM_1,JPM,0.8849145690239616,48,17,0.5
2025-11-24,JPM_2,JPM,0.8817627123257481,53,17,1.3912758310127709
2025-11-24,JPM_3,JPM,0.8569690194355402,48,17,1.6086811654256274
2025-11-24,JPM_4,JPM,0.8672337349299615,48,18,0.885894650693747
2025-11-24,JPM_5,JPM,0.8453339569007887,54,17,1.7218522653392565
2025-11-24,BAC_1,BAC,0.8190387106269978,53,16,2.4944343616674893
2025-11-24,BAC_2,BAC,0.7915942944923153,48,17,2.4103430296728487
2025-11-24,BAC_3,BAC,0.8258719353739572,41,16,2.1166061969425076
2025-11-24,BAC_4,BAC,0.8077604682377026,47,18,2.185648551691557
2025-11-24,BAC_5,BAC,0.7924931843517579,40,15,1.4031748361081982
2025-11-24,C_1,C,0.7773265643226355,45,15,1.3379714391060027
2025-11-24,C_2,C,0.7457093265806832,37,17,2.6420273571359725
2025-11-24,C_3,C,0.7639125147179766,46,16,2.7764031172480563
2025-11-24,C_4,C,0.7521382513001179,40,16,3.1751763491787424
2025-11-24,C_5,C,0.7715975943190513,43,15,2.6743790254707744
2025-11-24,WFC_1,WFC,0.8321664977530074,49,17,1.7449144932614105
2025-11-24,WFC_2,WFC,0.856710228762755,45,16,1.0189568396197854
2025-11-24,WFC_3,WFC,0.8495773289276021,41,17,1.1136654102514312
2025-11-24,WFC_4,WFC,0.7899452111966133,48,15,0.8066187932221192
2025-11-24,WFC_5,WFC,0.810405488523947,46,17,2.268123473520407
2025-11-25,JPM_1,JPM,0.9338532909258894,54,19,0.5
2025-11-25,JPM_2,JPM,0.9084895920791924,50,20,1.2165863058608353
2025-11-25,JPM_3,JPM,0.8554102143671525,46,15,0.7182638822748019
2025-11-25,JPM_4,JPM,0.8596879660099693,46,16,0.5
2025-11-25,JPM_5,JPM,0.8475320589772751,49,17,1.8757493300013115
2025-11-25,BAC_1,BAC,0.8270224535672168,52,17,0.7109208246952514
2025-11-25,BAC_2,BAC,0.8172832881799672,39,15,0.9997992564812164
2025-11-25,BAC_3,BAC,0.7740598658531583,40,18,1.672014412695276
2025-11-25,BAC_4,BAC,0.8247795476265241,44,15,2.8896468802584594
2025-11-25,BAC_5,BAC,0.7835207505342687,41,16,2.2601233876583104
2025-11-25,C_1,C,0.7946840433279947,43,17,2.3716912376129677
2025-11-25,C_2,C,0.7499490965678666,38,15,3.287012604620799
2025-11-25,C_3,C,0.7561500499679452,36,17,1.6079241381935692
2025-11-25,C_4,C,0.7646044416088342,36,13,1.726716091045697
2025-11-25,C_5,C,0.7607575733196691,36,17,2.189122603958308
2025-11-25,WFC_1,WFC,0.8499598024266691,52,15,1.9477648485018682
2025-11-25,WFC_2,WFC,0.8374058392424857,47,17,2.439189308879973
2025-11-25,WFC_3,WFC,0.8032492919747152,44,17,2.8160936204507423
2025-11-25,WFC_4,WFC,0.8193728958344824,47,15,1.9673523367597174
2025-11-25,WFC_5,WFC,0.8025709195063365,39,17,2.1143083031734777
2025-11-26,JPM_1,JPM,0.8931964938521549,52,16,2.182447869796343
2025-11-26,JPM_2,JPM,0.8762181726558389,43,17,1.9688309737482625
2025-11-26,JPM_3,JPM,0.9033507895416483,49,18,0.5
2025-11-26,JPM_4,JPM,0.8766310813296293,55,18,1.2338096114281858
2025-11-26,JPM_5,JPM,0.8670242085316155,50,17,1.263103131168961
2025-11-26,BAC_1,BAC,0.8197802580375323,39,17,1.872974579633973
2025-11-26,BAC_2,BAC,0.8172854142141898,46,17,2.704565463840672
2025-11-26,BAC_3,BAC,0.8144764721665968,49,17,1.794475374547861
2025-11-26,BAC_4,BAC,0.7952699254612882,49,17,2.436580598551315
2025-11-26,BAC_5,BAC,0.8075285542980978,41,17,2.1880774703947456
2025-11-26,C_1,C,0.7438014210600539,41,15,2.8097602713702763
2025-11-26,C_2,C,0.7642126881967777,37,15,2.7198592491320985
2025-11-26,C_3,C,0.7591626950746461,37,18,2.800857506785374
2025-11-26,C_4,C,0.7374294574604208,36,15,3.644697343012571
2025-11-26,C_5,C,0.7369319599068469,42,14,2.3176640174055687
2025-11-26,WFC_1,WFC,0.853448069947803,49,18,0.9782486429622685
2025-11-26,WFC_2,WFC,0.8277612604182175,52,16,2.0817558849847484
2025-11-26,WFC_3,WFC,0.796186245345546,40,13,2.6504241429482724
2025-11-26,WFC_4,WFC,0.8249995128683111,38,17,1.4703563327598337
2025-11-26,WFC_5,WFC,0.8232081930764964,51,19,1.6063134468893325
2025-11-27,JPM_1,JPM,0.8867833053366727,43,19,0.5
2025-11-27,JPM_2,JPM,0.8755205905074875,51,16,1.6814814868838395
2025-11-27,JPM_3,JPM,0.9036823406186986,41,18,1.6022279044211039
2025-11-27,JPM_4,JPM,0.8605536878536115,42,18,2.151834395567546
2025-11-27,JPM_5,JPM,0.8607515231540624,47,17,0.963389920412148
2025-11-27,BAC_1,BAC,0.8160194367170212,40,17,2.501352684154496
2025-11-27,BAC_2,BAC,0.8169246098504765,42,15,1.282141244562589
2025-11-27,BAC_3,BAC,0.7912333900524987,47,16,1.9264963606366816
2025-11-27,BAC_4,BAC,0.7756431090550421,31,13,3.2266446618874585
2025-11-27,BAC_5,BAC,0.7878953192388076,46,18,1.5400499208134215
2025-11-27,C_1,C,0.7731612128672434,37,16,2.988586220059344
2025-11-27,C_2,C,0.7789438764294735,42,16,3.368594836396212
2025-11-27,C_3,C,0.7631106657836245,52,15,1.800288078839733
2025-11-27,C_4,C,0.7351127600495055,48,16,3.6913506300771197
2025-11-27,C_5,C,0.7668391894743319,41,16,2.074292385055113
2025-11-27,WFC_1,WFC,0.8074539042381278,44,16,1.8550610968297914
2025-11-27,WFC_2,WFC,0.8358339961688506,41,15,2.7385306646076373
2025-11-27,WFC_3,WFC,0.8325825879159465,40,17,2.0313580442478116
2025-11-27,WFC_4,WFC,0.8126790944504452,40,16,2.3875078870677617
2025-11-27,WFC_5,WFC,0.8263249050802686,44,16,2.6928552966350185
2025-11-28,JPM_1,JPM,0.8673900455727743,52,19,1.2158879206556523
2025-11-28,JPM_2,JPM,0.8514306345262428,46,18,1.89273836616384
2025-11-28,JPM_3,JPM,0.8893934770558094,45,17,1.80667195250494
2025-11-28,JPM_4,JPM,0.8869025343880721,44,18,1.7586371784746275
2025-11-28,JPM_5,JPM,0.8569339057656015,48,17,0.5
2025-11-28,BAC_1,BAC,0.8204258904053381,45,17,2.527728852985918
2025-11-28,BAC_2,BAC,0.8242075138041229,46,16,2.0756623175142153
2025-11-28,BAC_3,BAC,0.832832288063525,40,14,1.358108275024146
2025-11-28,BAC_4,BAC,0.8021420389392278,47,15,1.6090639510476028
2025-11-28,BAC_5,BAC,0.7990638316265236,41,16,2.669168445563737
2025-11-28,C_1,C,0.7982056895891676,44,16,2.5387497125450835
2025-11-28,C_2,C,0.7667367196383981,45,16,3.3379689134950943
2025-11-28,C_3,C,0.7655802224886216,40,15,3.228847334072495
2025-11-28,C_4,C,0.768108430007611,49,16,1.1303462608609254
2025-11-28,C_5,C,0.7408649015671869,43,17,2.914491593764749
2025-11-28,WFC_1,WFC,0.8311879688427367,50,15,1.891576188655119
2025-11-28,WFC_2,WFC,0.831837525892814,50,18,1.7184877365811897
2025-11-28,WFC_3,WFC,0.8109189053871374,46,17,2.0696615766462374
2025-11-28,WFC_4,WFC,0.8386693153567263,48,18,1.4430206182982672
2025-11-28,WFC_5,WFC,0.7895598079104905,47,17,2.234093605564049
2025-12-01,JPM_1,JPM,0.9282676143550279,50,19,0.5
2025-12-01,JPM_2,JPM,0.8949691671103382,54,16,0.9635748994102464
2025-12-01,JPM_3,JPM,0.8679780551324373,50,18,1.8357433588863552
2025-12-01,JPM_4,JPM,0.8817918408136317,46,20,1.1156099242491007
2025-12-01,JPM_5,JPM,0.8896466086086331,46,19,0.7659735090735085
2025-12-01,BAC_1,BAC,0.8327754487652241,46,17,1.6698237528650501
2025-12-01,BAC_2,BAC,0.8151048216318657,52,16,2.3169197929958094
2025-12-01,BAC_3,BAC,0.7885866043752683,43,15,2.332741738858163
2025-12-01,BAC_4,BAC,0.7712977704048528,36,15,2.5923024789659888
2025-12-01,BAC_5,BAC,0.7880332643379924,38,16,2.7888363442951825
2025-12-01,C_1,C,0.7812768934108721,47,15,3.3898788717903328
2025-12-01,C_2,C,0.7739923576897189,45,15,2.997172542727872
2025-12-01,C_3,C,0.7622016243134091,42,14,1.9780866063877198
2025-12-01,C_4,C,0.7446621339001332,40,15,2.237974527630219
2025-12-01,C_5,C,0.7580084396046812,40,15,2.301800196897071
2025-12-01,WFC_1,WFC,0.8323996635336759,47,18,1.7193149895617692
2025-12-01,WFC_2,WFC,0.8403632630352126,49,16,2.820243845944268
2025-12-01,WFC_3,WFC,0.8434879141974982,43,19,2.9555167804559486
2025-12-01,WFC_4,WFC,0.8352282984253957,46,18,1.1517775938628905
2025-12-01,WFC_5,WFC,0.8004766613951336,40,15,2.3999500194671337
2025-12-02,JPM_1,JPM,0.8945228767308187,48,18,1.6220524690303446
2025-12-02,JPM_2,JPM,0.885110180935873,53,18,0.8839757699837156
2025-12-02,JPM_3,JPM,0.8969110525175098,53,18,1.21886656928637
2025-12-02,JPM_4,JPM,0.9019497378230688,53,19,1.3413223623839161
2025-12-02,JPM_5,JPM,0.9008866051258626,50,17,0.9739779507795739
2025-12-02,BAC_1,BAC,0.8027150140407573,42,16,1.634278729614515
2025-12-02,BAC_2,BAC,0.8135249469260831,41,17,1.8838542323620076
2025-12-02,BAC_3,BAC,0.7942527488496518,41,17,3.10643332028493
2025-12-02,BAC_4,BAC,0.8030039517798994,41,17,1.7049508771423385
2025-12-02,BAC_5,BAC,0.8136664544039187,44,17,2.9488867830482612
2025-12-02,C_1,C,0.7506609096206517,45,16,4.0680623575312564
2025-12-02,C_2,C,0.7432701537296963,43,17,2.614626016249703
2025-12-02,C_3,C,0.7531032057439162,35,16,2.746182221426533
2025-12-02,C_4,C,0.7681620912015767,40,16,2.675008789032966
2025-12-02,C_5,C,0.7573885610970088,43,13,2.2513169491328053
2025-12-02,WFC_1,WFC,0.8100612947957254,48,15,2.235426397092761
2025-12-02,WFC_2,WFC,0.8282784592570213,48,18,2.2204994062939956
2025-12-02,WFC_3,WFC,0.8040015587363791,40,19,2.140818424853931
2025-12-02,WFC_4,WFC,0.7933704125661897,39,15,2.335995914501964
2025-12-02,WFC_5,WFC,0.8336376479824779,39,15,3.836585439245966
2025-12-03,JPM_1,JPM,0.9129456301881623,47,17,1.5786466920830609
2025-12-03,JPM_2,JPM,0.9146737179745015,51,19,0.74740917634012
2025-12-03,JPM_3,JPM,0.8886709401871872,50,18,1.9385483798826635
2025-12-03,JPM_4,JPM,0.8796643751336576,53,16,1.8296358759794527
2025-12-03,JPM_5,JPM,0.8848730695556241,44,20,1.001227017138997
2025-12-03,BAC_1,BAC,0.8385509521524975,52,15,1.376419310730348
2025-12-03,BAC_2,BAC,0.7734446913386337,43,14,3.1243818962715686
2025-12-03,BAC_3,BAC,0.8233922251392769,43,16,0.9958030254621975
2025-12-03,BAC_4,BAC,0.7594566741366213,41,15,2.744372836597055
2025-12-03,BAC_5,BAC,0.749075312988183,40,15,3.787850433297775
2025-12-03,C_1,C,0.7966349460703906,39,16,1.940530839218915
2025-12-03,C_2,C,0.7936496437367205,42,15,1.9356928567627762
2025-12-03,C_3,C,0.7731014504866274,40,15,3.0647623502756347
2025-12-03,C_4,C,0.7458617354788364,40,15,2.471827391597841
2025-12-03,C_5,C,0.7302147281452381,35,15,3.6149177348708124
2025-12-03,WFC_1,WFC,0.8521500466285583,39,17,2.5021351843922806
2025-12-03,WFC_2,WFC,0.8233460064478635,53,18,2.3997203900202373
2025-12-03,WFC_3,WFC,0.828898250701037,39,17,2.4634945718996812
2025-12-03,WFC_4,WFC,0.8249371483257073,53,18,1.585234568429665
2025-12-03,WFC_5,WFC,0.8146786744574182,44,15,2.87565524475415
2025-12-04,JPM_1,JPM,0.8728858648735379,44,19,1.8244022568426752
2025-12-04,JPM_2,JPM,0.9344216484155562,54,19,0.6452417381933521
2025-12-04,JPM_3,JPM,0.8790473096402261,45,18,0.7868669228084771
2025-12-04,JPM_4,JPM,0.8992589164894351,50,18,1.2731192817696804
2025-12-04,JPM_5,JPM,0.8616317750589229,49,17,0.5940091926513476
2025-12-04,BAC_1,BAC,0.8212392387160895,53,17,3.0968791726923657
2025-12-04,BAC_2,BAC,0.8391712640445573,46,19,1.1417688199499767
2025-12-04,BAC_3,BAC,0.8074214224139449,48,15,2.661000710428013
2025-12-04,BAC_4,BAC,0.8061625526404148,42,16,1.2605840842705818
2025-12-04,BAC_5,BAC,0.8151772196920081,42,15,1.7908525876820818
2025-12-04,C_1,C,0.7452135857496858,33,15,2.6119316737080527
2025-12-04,C_2,C,0.7421440769684946,48,14,3.331109374226847
2025-12-04,C_3,C,0.7521730700405836,34,12,3.1230325024100973
2025-12-04,C_4,C,0.7520924928393423,41,16,3.2745299672098036
2025-12-04,C_5,C,0.7538494632227547,41,17,2.5749031418499215
2025-12-04,WFC_1,WFC,0.8088086572154346,49,16,1.8443297173288153
2025-12-04,WFC_2,WFC,0.8491161117174802,43,18,0.9246363107197995
2025-12-04,WFC_3,WFC,0.8573774123474868,48,16,0.8831495540631809
2025-12-04,WFC_4,WFC,0.8071802468188327,50,16,2.8375633641901707
2025-12-04,WFC_5,WFC,0.8151834808396559,39,16,1.455284405231751
2025-12-05,JPM_1,JPM,0.9367031686449417,49,19,0.5964064636246476
2025-12-05,JPM_2,JPM,0.9115932010858281,44,17,1.215332968157407
2025-12-05,JPM_3,JPM,0.8794779598853069,49,19,1.974241988613402
2025-12-05,JPM_4,JPM,0.8866526560948483,50,16,1.9271548656841486
2025-12-05,JPM_5,JPM,0.8996640681070648,45,18,0.5
2025-12-05,BAC_1,BAC,0.8327433201804586,45,15,1.2238881269591972
2025-12-05,BAC_2,BAC,0.7886970722744396,45,14,1.2089626758716574
2025-12-05,BAC_3,BAC,0.7907826428957463,43,14,1.8705894856886291
2025-12-05,BAC_4,BAC,0.7997393559322576,39,18,2.282413260837777
2025-12-05,BAC_5,BAC,0.8001948807926105,40,18,2.0461335824336766
2025-12-05,C_1,C,0.7591154460004633,43,15,3.9120219942265555
2025-12-05,C_2,C,0.7837838184723116,50,16,3.136336552346535
2025-12-05,C_3,C,0.777875504328642,50,16,2.558037141357299
2025-12-05,C_4,C,0.7668024420945746,36,17,4.3771615387064955
2025-12-05,C_5,C,0.7181000600466695,30,14,2.9866581507192493
2025-12-05,WFC_1,WFC,0.8432703761940691,47,19,1.9120688459724862
2025-12-05,WFC_2,WFC,0.8488570038712411,43,17,0.5
2025-12-05,WFC_3,WFC,0.7836687658157458,47,17,2.933503250703965
2025-12-05,WFC_4,WFC,0.7965594277140972,49,17,2.3047438726714553
2025-12-05,WFC_5,WFC,0.829446957714165,56,17,0.5888178074503236
2025-12-08,JPM_1,JPM,0.9335852694506044,47,20,0.5
2025-12-08,JPM_2,JPM,0.9062906085631912,48,18,1.3650452176841132
2025-12-08,JPM_3,JPM,0.9097554233016167,54,17,1.2281609484618867
2025-12-08,JPM_4,JPM,0.8720869062838662,47,16,1.755998164572107
2025-12-08,JPM_5,JPM,0.891919376249482,51,19,1.0919146020390271
2025-12-08,BAC_1,BAC,0.8051676953849576,48,18,2.514063059114726
2025-12-08,BAC_2,BAC,0.800399301135703,39,17,2.033156994629471
2025-12-08,BAC_3,BAC,0.7940331152330167,46,16,2.2076514116282224
2025-12-08,BAC_4,BAC,0.8261729333149149,45,14,2.5760284466609806
2025-12-08,BAC_5,BAC,0.7926054749231122,47,17,2.1800976870322173
2025-12-08,C_1,C,0.7912242342915421,40,15,0.9737052589038937
2025-12-08,C_2,C,0.7549368924468872,39,15,2.3425887809367008
2025-12-08,C_3,C,0.7314842959129928,37,14,2.589628110975003
2025-12-08,C_4,C,0.7476962779334996,36,14,2.370858602557023
2025-12-08,C_5,C,0.7469556350952522,42,16,4.404988604553059
2025-12-08,WFC_1,WFC,0.8422175500323433,45,15,1.9481708828867899
2025-12-08,WFC_2,WFC,0.8566974240748286,49,18,1.0340033118350422
2025-12-08,WFC_3,WFC,0.7977245429707617,46,15,2.8613312777013515
2025-12-08,WFC_4,WFC,0.8391605490809358,52,18,1.9707182554569498
2025-12-08,WFC_5,WFC,0.8062017701087765,43,17,1.9582000237292956
2025-12-09,JPM_1,JPM,0.8966979925285754,51,18,1.055924616167051
2025-12-09,JPM_2,JPM,0.9105128701077361,52,19,1.3457460902990102
2025-12-09,JPM_3,JPM,0.892369750723838,45,16,1.18752529807299
2025-12-09,JPM_4,JPM,0.8568140423295418,53,16,1.4430913345636134
2025-12-09,JPM_5,JPM,0.8626051322547228,49,18,0.7345022628739498
2025-12-09,BAC_1,BAC,0.8143633549230919,45,18,1.1713408175523434
2025-12-09,BAC_2,BAC,0.8314720427657699,46,17,1.4438383731325106
2025-12-09,BAC_3,BAC,0.7941018297595206,45,16,2.4195683402837473
2025-12-09,BAC_4,BAC,0.7780742513928889,40,15,2.394781415674193
2025-12-09,BAC_5,BAC,0.7781508831677129,45,17,2.4381458897644688
2025-12-09,C_1,C,0.7602293545035765,41,14,1.9511867367971056
2025-12-09,C_2,C,0.7889540109603795,44,18,2.7529944695334083
2025-12-09,C_3,C,0.7711666855898014,40,17,1.8592445216676794
2025-12-09,C_4,C,0.7813903334247289,38,14,2.8874157123825266
2025-12-09,C_5,C,0.7373909765590138,42,13,3.4565484867353704
2025-12-09,WFC_1,WFC,0.8411853274970855,44,16,2.0781726356023054
2025-12-09,WFC_2,WFC,0.8003636723513724,51,17,1.3081639327447174
2025-12-09,WFC_3,WFC,0.8217791273140723,41,16,1.77310386050983
2025-12-09,WFC_4,WFC,0.8144862972092759,45,16,1.6839723339520711
2025-12-09,WFC_5,WFC,0.8144337336991194,40,16,2.479048090716459
2025-12-10,JPM_1,JPM,0.9109729040013375,43,20,1.625965719626699
2025-12-10,JPM_2,JPM,0.9101521270984922,45,17,1.8981148486795794
2025-12-10,JPM_3,JPM,0.8907122376168325,49,19,0.8564094157935109
2025-12-10,JPM_4,JPM,0.8620188397519601,43,16,0.5
2025-12-10,JPM_5,JPM,0.8825097919243547,51,20,1.75331748815041
2025-12-10,BAC_1,BAC,0.8111620923037718,42,17,1.047816585125022
2025-12-10,BAC_2,BAC,0.816200871536805,46,14,2.2048171582723755
2025-12-10,BAC_3,BAC,0.8185483305302493,49,15,1.7543740506826349
2025-12-10,BAC_4,BAC,0.7892148198086567,38,16,3.1212000793147388
2025-12-10,BAC_5,BAC,0.7766836674908788,38,16,2.579009555593133
2025-12-10,C_1,C,0.7688391289445238,38,14,3.042750921559571
2025-12-10,C_2,C,0.7954675018148993,48,16,2.94386921150253
2025-12-10,C_3,C,0.7733421810733965,41,15,2.338016852972828
2025-12-10,C_4,C,0.7488987948292747,42,13,2.7108902660609644
2025-12-10,C_5,C,0.7605324747150298,35,15,3.2988919533666454
2025-12-10,WFC_1,WFC,0.8599106336852897,49,17,1.458388880103847
2025-12-10,WFC_2,WFC,0.845536345650864,48,18,0.6992802927310673
2025-12-10,WFC_3,WFC,0.8320901956537526,47,17,1.3907902922367872
2025-12-10,WFC_4,WFC,0.8152358391262309,33,16,1.5548117933800363
2025-12-10,WFC_5,WFC,0.8358563794881895,47,17,1.0176700447401803
2025-12-11,JPM_1,JPM,0.8985404169827291,46,20,1.8008991278002635
2025-12-11,JPM_2,JPM,0.9206001668142062,46,19,0.5
2025-12-11,JPM_3,JPM,0.8847313552844066,37,16,0.9752542077660609
2025-12-11,JPM_4,JPM,0.8705156099672156,51,17,1.1155814018744548
2025-12-11,JPM_5,JPM,0.9091066699173607,50,19,0.9103335987869776
2025-12-11,BAC_1,BAC,0.7786234788301301,43,15,2.3236703025205814
2025-12-11,BAC_2,BAC,0.7922212387366361,43,17,2.117182291125244
2025-12-11,BAC_3,BAC,0.8073897529925889,36,17,2.569662479978438
2025-12-11,BAC_4,BAC,0.8046172445667145,40,15,1.7777186937665288
2025-12-11,BAC_5,BAC,0.8121817399749188,49,14,2.144862748700298
2025-12-11,C_1,C,0.788472717399376,41,16,1.305349545887036
2025-12-11,C_2,C,0.7586471225353766,43,15,3.8222402147432195
2025-12-11,C_3,C,0.7600603731815242,46,14,2.17108853704524
2025-12-11,C_4,C,0.7414042303656988,44,15,2.1883231771160534
2025-12-11,C_5,C,0.7683743612554756,38,14,2.9985530992042677
2025-12-11,WFC_1,WFC,0.8287945250080991,35,18,2.3305984199940903
2025-12-11,WFC_2,WFC,0.83131172066388,40,16,2.046050171216933
2025-12-11,WFC_3,WFC,0.8302699459509457,46,16,2.33329521447237
2025-12-11,WFC_4,WFC,0.8260738835498039,46,16,1.8247437155918051
2025-12-11,WFC_5,WFC,0.8069203256004908,43,14,2.077712296248074
2025-12-12,JPM_1,JPM,0.8885123854840237,44,18,1.6019587435911404
2025-12-12,JPM_2,JPM,0.8829686036816184,45,18,1.7382460020049095
2025-12-12,JPM_3,JPM,0.9244683827287252,46,19,1.0938861540797098
2025-12-12,JPM_4,JPM,0.8871045611946338,50,17,1.1277561341329578
2025-12-12,JPM_5,JPM,0.8962657259041114,51,17,2.4758751691406995
2025-12-12,BAC_1,BAC,0.8266837631978782,49,19,1.4293266200819834
2025-12-12,BAC_2,BAC,0.8008608825793984,44,15,1.9083147604695805
2025-12-12,BAC_3,BAC,0.8259910216519281,43,16,1.2715968467765144
2025-12-12,BAC_4,BAC,0.8040498107327044,39,16,1.426411422310982
2025-12-12,BAC_5,BAC,0.8058015720022195,44,15,1.2674037249028793
2025-12-12,C_1,C,0.7850322684242054,45,16,2.0171279014713774
2025-12-12,C_2,C,0.8024832489125275,41,19,2.279595591963685
2025-12-12,C_3,C,0.7565767187640131,38,15,2.023682567567512
2025-12-12,C_4,C,0.7831267504019113,45,17,2.2355563632296187
2025-12-12,C_5,C,0.7543517252987341,41,16,2.219812533485286
2025-12-12,WFC_1,WFC,0.849847484614309,43,15,1.9442636322260463
2025-12-12,WFC_2,WFC,0.8258966624903115,48,18,1.1911514182186966
2025-12-12,WFC_3,WFC,0.7965476705811576,44,17,1.9286157601198495
2025-12-12,WFC_4,WFC,0.7831229417362865,40,15,2.0049522612321677
2025-12-12,WFC_5,WFC,0.8132890720746065,46,16,2.1733928580093136
2025-12-15,JPM_1,JPM,0.8595282256077021,44,19,1.146565859065985
2025-12-15,JPM_2,JPM,0.8969272207057212,48,19,2.442539058018025
2025-12-15,JPM_3,JPM,0.8857153445927268,46,17,1.058812533614297
2025-12-15,JPM_4,JPM,0.8928517230116064,46,17,0.5
2025-12-15,JPM_5,JPM,0.8733410363905525,38,17,1.9503168542007663
2025-12-15,BAC_1,BAC,0.8418989815289301,52,16,1.3876869533498843
2025-12-15,BAC_2,BAC,0.8149926897061583,54,15,1.344612858164299
2025-12-15,BAC_3,BAC,0.8341745270877414,48,16,2.076005043024097
2025-12-15,BAC_4,BAC,0.8094629699235145,45,15,1.4565609730113436
2025-12-15,BAC_5,BAC,0.8054528941065938,54,18,2.3749766341189718
2025-12-15,C_1,C,0.7682051287546775,41,16,2.2456608995815444
2025-12-15,C_2,C,0.7748158876950543,40,13,1.7716636314130443
2025-12-15,C_3,C,0.7725214832434308,44,18,1.0354171332742508
2025-12-15,C_4,C,0.7437576361392177,44,15,2.6607244921897046
2025-12-15,C_5,C,0.7550340380389237,38,16,1.8442327743919051
2025-12-15,WFC_1,WFC,0.8154601287061473,42,16,2.1960885825500784
2025-12-15,WFC_2,WFC,0.8216349653564179,51,15,1.5380171461412664
2025-12-15,WFC_3,WFC,0.8406376910303408,38,16,2.018928050473852
2025-12-15,WFC_4,WFC,0.8203410707770231,42,18,1.7731060612701852
2025-12-15,WFC_5,WFC,0.7906985959548041,45,16,1.792580259228172
2025-12-16,JPM_1,JPM,0.8683504680142661,42,18,0.5
2025-12-16,JPM_2,JPM,0.884834238260604,50,19,1.3118989832507089
2025-12-16,JPM_3,JPM,0.8842373470598117,44,17,1.4049957810410945
2025-12-16,JPM_4,JPM,0.8728773170010222,45,16,2.211320091829692
2025-12-16,JPM_5,JPM,0.8847294930673532,48,17,0.5
2025-12-16,BAC_1,BAC,0.8247325115677347,47,16,2.333613112899863
2025-12-16,BAC_2,BAC,0.856712663005461,51,18,1.2112009536431396
2025-12-16,BAC_3,BAC,0.7952514182790839,39,15,0.5
2025-12-16,BAC_4,BAC,0.7939563148996,48,15,2.525722083482429
2025-12-16,BAC_5,BAC,0.7818575737225711,37,14,1.7436694163259348
2025-12-16,C_1,C,0.8024128450657524,44,16,2.4468126600739826
2025-12-16,C_2,C,0.7515767030983539,44,17,2.877118865299329
2025-12-16,C_3,C,0.7771969198163469,43,17,1.844649641405465
2025-12-16,C_4,C,0.7558857385522199,40,14,3.342730169005696
2025-12-16,C_5,C,0.7458343612812267,38,14,3.205863736965771
2025-12-16,WFC_1,WFC,0.8358319168311109,47,18,2.858436947351979
2025-12-16,WFC_2,WFC,0.8367795453445195,42,17,1.4578983378426662
2025-12-16,WFC_3,WFC,0.8311202576693318,43,16,2.156698869447766
2025-12-16,WFC_4,WFC,0.7858174922602364,42,16,3.1772847575264933
2025-12-16,WFC_5,WFC,0.8025703252149173,39,16,2.363989099255418
2025-12-17,JPM_1,JPM,0.9072775538155751,51,20,1.005698523861627
2025-12-17,JPM_2,JPM,0.9158416108166596,49,20,1.8188214463171444
2025-12-17,JPM_3,JPM,0.8707052676047256,48,18,0.7241827032249628
2025-12-17,JPM_4,JPM,0.8814391516486287,51,16,1.2721833402353815
2025-12-17,JPM_5,JPM,0.8667899160257317,47,17,1.3415894863550974
2025-12-17,BAC_1,BAC,0.8111196405169663,37,16,1.9517859889527847
2025-12-17,BAC_2,BAC,0.7954503978755445,36,13,2.31734662635668
2025-12-17,BAC_3,BAC,0.7976371207629319,41,15,2.152448157716597
2025-12-17,BAC_4,BAC,0.7704501343846408,47,15,1.6641138466343677
2025-12-17,BAC_5,BAC,0.805790334690261,52,18,2.3123393446051446
2025-12-17,C_1,C,0.7824295279406577,49,15,1.4727403388098714
2025-12-17,C_2,C,0.7409179427091528,41,14,3.1825047394680883
2025-12-17,C_3,C,0.7620334011193679,44,13,1.8681418869403248
2025-12-17,C_4,C,0.7612539999300184,47,15,2.154935910597945
2025-12-17,C_5,C,0.7477881227817219,46,14,2.5934735986328166
2025-12-17,WFC_1,WFC,0.8345502402116529,49,18,1.5980715943805694
2025-12-17,WFC_2,WFC,0.8072780906012859,47,16,2.3248152071122963
2025-12-17,WFC_3,WFC,0.8005836562327054,44,16,2.1676125272560554
2025-12-17,WFC_4,WFC,0.8345720683459837,55,14,1.3196028199210894
2025-12-17,WFC_5,WFC,0.8356808077524157,57,18,2.426239212488158
2025-12-18,JPM_1,JPM,0.9158408112405094,58,19,0.5
2025-12-18,JPM_2,JPM,0.8786874408185044,47,16,0.8234665594849903
2025-12-18,JPM_3,JPM,0.8798156771933023,45,18,0.5
2025-12-18,JPM_4,JPM,0.8676417106627794,45,18,0.9003382353611299
2025-12-18,JPM_5,JPM,0.8877928323520542,54,18,1.2821214758564559
2025-12-18,BAC_1,BAC,0.8118717039896153,42,12,1.815306697108411
2025-12-18,BAC_2,BAC,0.8508920750078359,42,18,1.7940722565443257
2025-12-18,BAC_3,BAC,0.832821568402834,45,18,1.6453344978151463
2025-12-18,BAC_4,BAC,0.7941963625977073,47,15,2.784082309250315
2025-12-18,BAC_5,BAC,0.751477624628255,39,15,3.1696408804924796
2025-12-18,C_1,C,0.7591458303424197,47,14,2.6198904860963617
2025-12-18,C_2,C,0.737117194077083,41,16,3.1767572541266222
2025-12-18,C_3,C,0.7369040125074119,37,15,2.8120845376533357
2025-12-18,C_4,C,0.7462904032569673,43,15,1.8154173432295488
2025-12-18,C_5,C,0.768512527185321,43,15,3.0931171206882304
2025-12-18,WFC_1,WFC,0.8712899202705622,47,15,1.8699629371155002
2025-12-18,WFC_2,WFC,0.8376431024213878,51,16,1.5826077566167334
2025-12-18,WFC_3,WFC,0.8301246695028379,46,15,1.986883492994798
2025-12-18,WFC_4,WFC,0.7800257936113808,41,13,2.37006452508376
2025-12-18,WFC_5,WFC,0.8141242688737941,43,16,3.1122021328206495
2025-12-19,JPM_1,JPM,0.8855548567486407,41,17,0.9987892977244835
2025-12-19,JPM_2,JPM,0.8875569631945854,45,16,1.7032037311011334
2025-12-19,JPM_3,JPM,0.90332976777482,53,17,1.5816684942587644
2025-12-19,JPM_4,JPM,0.8789455260227188,42,17,1.5135641009435556
2025-12-19,JPM_5,JPM,0.8423824786921904,45,14,0.629888455657591
2025-12-19,BAC_1,BAC,0.7881099814293666,43,13,2.6564898749604615
2025-12-19,BAC_2,BAC,0.8435037173203724,45,15,2.455828538091478
2025-12-19,BAC_3,BAC,0.8031293486477722,50,14,2.375305616418006
2025-12-19,BAC_4,BAC,0.802175667714313,42,16,3.0348962207851575
2025-12-19,BAC_5,BAC,0.8036597859097251,44,15,2.888474749543365
2025-12-19,C_1,C,0.7614692627301705,39,15,3.658974484903834
2025-12-19,C_2,C,0.7621045813503641,43,15,2.394491185584447
2025-12-19,C_3,C,0.7607536163918156,41,12,3.2826990949113726
2025-12-19,C_4,C,0.732635172119256,40,15,3.3000927670382922
2025-12-19,C_5,C,0.7607815345717034,39,13,1.3381791482188874
2025-12-19,WFC_1,WFC,0.8320773276003745,40,16,2.1311110462358283
2025-12-19,WFC_2,WFC,0.8652650990126223,47,17,0.8022029628435661
2025-12-19,WFC_3,WFC,0.8236214614609814,47,18,2.141889529975356
2025-12-19,WFC_4,WFC,0.8213602034235711,47,17,1.793857087832337
2025-12-19,WFC_5,WFC,0.8053440841098568,42,16,1.4046195744179033
2025-12-22,JPM_1,JPM,0.918560062918827,50,18,1.489458028721868
2025-12-22,JPM_2,JPM,0.8982960542680677,49,19,0.9097207445268978
2025-12-22,JPM_3,JPM,0.8735018012602287,48,18,1.4664335140910325
2025-12-22,JPM_4,JPM,0.890017936658686,42,17,2.1104334094337975
2025-12-22,JPM_5,JPM,0.8643281736337605,49,18,1.5080399302545087
2025-12-22,BAC_1,BAC,0.7974383718708391,44,14,1.0025954852070669
2025-12-22,BAC_2,BAC,0.8221272602779864,43,16,1.2209421291283737
2025-12-22,BAC_3,BAC,0.7750444641870138,46,15,1.4838448413226224
2025-12-22,BAC_4,BAC,0.7724832646485278,45,15,1.611721528643007
2025-12-22,BAC_5,BAC,0.8092512914542979,46,15,2.250698145798464
2025-12-22,C_1,C,0.7791661835396648,44,13,2.4922075631775824
2025-12-22,C_2,C,0.7821207726973899,41,14,2.4744440541134765
2025-12-22,C_3,C,0.7616776110507951,39,15,3.29997810580342
2025-12-22,C_4,C,0.7421739624391769,41,14,3.462992347753788
2025-12-22,C_5,C,0.7229640831920209,40,16,3.0624246890822007
2025-12-22,WFC_1,WFC,0.8221375071727487,52,16,1.3227493579949825
2025-12-22,WFC_2,WFC,0.8287546569300203,46,15,2.2061259289976762
2025-12-22,WFC_3,WFC,0.8359216567422088,45,18,1.9485082824531115
2025-12-22,WFC_4,WFC,0.7956748209120219,44,17,1.5997946479204677
2025-12-22,WFC_5,WFC,0.7892805871472681,46,15,1.680391211041076
2025-12-23,JPM_1,JPM,0.8701340477247722,56,17,1.1017424575853185
2025-12-23,JPM_2,JPM,0.8683467065294044,50,19,1.0726760418915027
2025-12-23,JPM_3,JPM,0.8949143650612841,49,17,0.5796071211346203
2025-12-23,JPM_4,JPM,0.8551105563473844,48,16,0.9865017403619326
2025-12-23,JPM_5,JPM,0.8607465459848103,47,16,0.8839600736744299
2025-12-23,BAC_1,BAC,0.7954626366881677,45,15,2.636300938239828
2025-12-23,BAC_2,BAC,0.7922548564854774,42,16,2.166429063116685
2025-12-23,BAC_3,BAC,0.8019980844675348,46,15,2.1126784527583764
2025-12-23,BAC_4,BAC,0.8143216465468573,43,17,2.017060228212153
2025-12-23,BAC_5,BAC,0.79202469592218,48,15,3.191471163916043
2025-12-23,C_1,C,0.7768486730336741,47,15,1.9118793602700683
2025-12-23,C_2,C,0.7827267551636921,45,17,3.0309394126829736
2025-12-23,C_3,C,0.7530366538472694,42,15,2.960756884106367
2025-12-23,C_4,C,0.7442728087809115,43,14,3.8470899020087925
2025-12-23,C_5,C,0.7630384174225693,37,16,1.2880800354180326
2025-12-23,WFC_1,WFC,0.8365174669506348,47,18,2.270663744893671
2025-12-23,WFC_2,WFC,0.8051894348738833,45,15,3.6077197416264912
2025-12-23,WFC_3,WFC,0.8146008148084246,50,17,1.8037797491078535
2025-12-23,WFC_4,WFC,0.8404171726375493,49,15,2.260477874668943
2025-12-23,WFC_5,WFC,0.8087994257697254,48,15,2.7611889241836542
2025-12-24,JPM_1,JPM,0.9023272570487735,51,18,0.5461113095268442
2025-12-24,JPM_2,JPM,0.9076900115987976,42,17,1.4404571064655936
2025-12-24,JPM_3,JPM,0.8582765426357328,38,18,2.4960300141860836
2025-12-24,JPM_4,JPM,0.8599835851360895,51,19,1.7295614710201872
2025-12-24,JPM_5,JPM,0.8417023695532012,50,17,0.8422378628800954
2025-12-24,BAC_1,BAC,0.81650473822295,43,16,1.8711496795449958
2025-12-24,BAC_2,BAC,0.8149171100442282,45,17,1.4374330320526243
2025-12-24,BAC_3,BAC,0.8034140768181974,49,17,1.0293260058139986
2025-12-24,BAC_4,BAC,0.7957000151121242,42,16,2.5433593681346958
2025-12-24,BAC_5,BAC,0.802117960543037,47,15,2.4423484383784952
2025-12-24,C_1,C,0.7850703025183371,43,16,2.1768777422591667
2025-12-24,C_2,C,0.8108852167040336,46,15,2.4495817725815403
2025-12-24,C_3,C,0.7663264597506663,40,14,2.4814906270604835
2025-12-24,C_4,C,0.7589580653528716,41,16,2.5618906395979386
2025-12-24,C_5,C,0.7524650915570957,39,14,2.600806441848237
2025-12-24,WFC_1,WFC,0.8262233547798032,42,17,2.6856347142789305
2025-12-24,WFC_2,WFC,0.8153142395206402,44,16,3.0051941533191013
2025-12-24,WFC_3,WFC,0.822205939018854,42,18,1.1255910226130206
2025-12-24,WFC_4,WFC,0.7947138078679441,37,15,1.3258585019929796
2025-12-24,WFC_5,WFC,0.8235706088555504,44,15,2.0341915182303345
2025-12-25,JPM_1,JPM,0.8788113677433644,43,17,1.1273629099874192
2025-12-25,JPM_2,JPM,0.8860064097150274,52,17,0.5
2025-12-25,JPM_3,JPM,0.894671270976382,45,17,0.7561575082943293
2025-12-25,JPM_4,JPM,0.897441969320918,52,18,0.5
2025-12-25,JPM_5,JPM,0.8626664571502645,53,16,1.8123930246920787
2025-12-25,BAC_1,BAC,0.8184930645511592,43,18,1.8824340262728843
2025-12-25,BAC_2,BAC,0.812621932560258,48,17,2.167033647219712
2025-12-25,BAC_3,BAC,0.8162712199235966,50,17,2.4288041587606566
2025-12-25,BAC_4,BAC,0.8021757214818986,45,16,2.181867136650529
2025-12-25,BAC_5,BAC,0.802188632200748,46,16,3.03541288583601
2025-12-25,C_1,C,0.7625413135569932,43,13,2.574613025818136
2025-12-25,C_2,C,0.7751039926258547,42,18,3.1041534751855338
2025-12-25,C_3,C,0.7533524200180584,36,15,2.896158020514092
2025-12-25,C_4,C,0.6978225094150967,40,15,3.021893855988327
2025-12-25,C_5,C,0.7462088606934726,45,12,2.5980575308917233
2025-12-25,WFC_1,WFC,0.8646418793739583,50,16,1.088806117824888
2025-12-25,WFC_2,WFC,0.7931120192216988,48,15,2.1169183132057254
2025-12-25,WFC_3,WFC,0.8279653463128207,48,16,1.708044582678239
2025-12-25,WFC_4,WFC,0.8085185395961033,46,18,2.9210231036130008
2025-12-25,WFC_5,WFC,0.8205496993767961,39,17,2.0775942347981466
2025-12-26,JPM_1,JPM,0.9160926673275374,54,17,1.0117986567087667
2025-12-26,JPM_2,JPM,0.8839189735728267,52,16,0.5
2025-12-26,JPM_3,JPM,0.8778703749264914,52,19,1.3449983374040109
2025-12-26,JPM_4,JPM,0.8698083918905148,46,16,0.8968103151856086
2025-12-26,JPM_5,JPM,0.8950027147382632,46,18,1.2313646345339246
2025-12-26,BAC_1,BAC,0.7934928805198685,40,14,2.5782567199658137
2025-12-26,BAC_2,BAC,0.776385262630216,42,16,1.9663917679123313
2025-12-26,BAC_3,BAC,0.8398281405184275,46,15,2.4064415379905255
2025-12-26,BAC_4,BAC,0.8244894741496611,52,16,1.2592818010944862
2025-12-26,BAC_5,BAC,0.7531655483439356,38,17,3.1751214867049495
2025-12-26,C_1,C,0.75929110336899,48,14,2.340764575881875
2025-12-26,C_2,C,0.7668973125176043,38,16,3.026243618086201
2025-12-26,C_3,C,0.7667190957006934,37,14,2.496025710436573
2025-12-26,C_4,C,0.7695650846009694,45,15,1.8593413577444626
2025-12-26,C_5,C,0.7672225435813763,47,17,2.7473642951999437
2025-12-26,WFC_1,WFC,0.8229009671502173,37,16,2.3083229918080166
2025-12-26,WFC_2,WFC,0.8124984349884489,46,18,1.2079640339769457
2025-12-26,WFC_3,WFC,0.8154195903467313,41,18,2.046508992364036
2025-12-26,WFC_4,WFC,0.8138918925767188,39,16,1.5572605077940076
2025-12-26,WFC_5,WFC,0.800047188257544,41,16,2.976964729199525
2025-12-29,JPM_1,JPM,0.8767842056589192,46,18,1.3476751528407118
2025-12-29,JPM_2,JPM,0.9043817309680406,39,19,1.605069682546473
2025-12-29,JPM_3,JPM,0.889615935269722,57,18,1.2902749364299841
2025-12-29,JPM_4,JPM,0.8695800274722923,44,17,1.254052341718778
2025-12-29,JPM_5,JPM,0.8934762899488937,46,17,1.9375525560844191
2025-12-29,BAC_1,BAC,0.8127356851780166,41,19,1.9922077393766877
2025-12-29,BAC_2,BAC,0.8090198631806322,48,14,1.162462859840763
2025-12-29,BAC_3,BAC,0.8108454951848552,44,17,1.717885259614648
2025-12-29,BAC_4,BAC,0.784194872650037,45,14,2.6423044650411622
2025-12-29,BAC_5,BAC,0.8020080277752933,49,16,1.8921117197801884
2025-12-29,C_1,C,0.7725185005018773,44,18,1.6044807349433647
2025-12-29,C_2,C,0.7867971990547429,43,16,2.574198719114437
2025-12-29,C_3,C,0.7491550527486064,35,13,2.2713663629296104
2025-12-29,C_4,C,0.7688670915673209,42,16,1.7821438167304486
2025-12-29,C_5,C,0.7623329947230945,40,16,2.929364307590996
2025-12-29,WFC_1,WFC,0.8272852676584778,48,16,2.27466779121152
2025-12-29,WFC_2,WFC,0.8188554190691992,44,16,1.4161191135993998
2025-12-29,WFC_3,WFC,0.8266559134987406,47,18,1.2664103973442904
2025-12-29,WFC_4,WFC,0.8026998448131508,37,15,2.871678178473738
2025-12-29,WFC_5,WFC,0.8273332827373391,43,17,2.2900243668135523
2025-12-30,JPM_1,JPM,0.9047830926751436,47,19,0.5
2025-12-30,JPM_2,JPM,0.9211896117679486,48,18,1.5460416926193599
2025-12-30,JPM_3,JPM,0.89276147875008,49,17,1.1672504452736392
2025-12-30,JPM_4,JPM,0.9073869057556812,50,18,1.4559306025586984
2025-12-30,JPM_5,JPM,0.8500669895069599,43,17,0.8238515839264328
2025-12-30,BAC_1,BAC,0.8158175888637799,43,17,2.1595070765201028
2025-12-30,BAC_2,BAC,0.81936671684156,44,17,2.6418172155754736
2025-12-30,BAC_3,BAC,0.811303761585894,56,16,3.0329998042368977
2025-12-30,BAC_4,BAC,0.7720560945150301,51,15,2.636774098111068
2025-12-30,BAC_5,BAC,0.7700708870849742,45,16,1.526468555371855
2025-12-30,C_1,C,0.7823966132270754,40,16,1.2047484119104643
2025-12-30,C_2,C,0.759549232319525,44,16,3.041279386808608
2025-12-30,C_3,C,0.7643292756799877,39,14,3.1014309467591206
2025-12-30,C_4,C,0.7286487487984767,41,17,2.46182222299602
2025-12-30,C_5,C,0.7698190914175145,41,17,3.2759138015324
2025-12-30,WFC_1,WFC,0.8381589761064696,45,17,1.8745382374762873
2025-12-30,WFC_2,WFC,0.8267373450464072,46,18,2.176031529875819
2025-12-30,WFC_3,WFC,0.8147481461130163,53,17,1.7197768941121558
2025-12-30,WFC_4,WFC,0.8223841163363035,43,16,2.201654579460603
2025-12-30,WFC_5,WFC,0.7819683997583458,40,15,3.175947633274165
2025-12-31,JPM_1,JPM,0.8754268745318861,51,18,2.2919735423973435
2025-12-31,JPM_2,JPM,0.9006720234347126,41,20,1.1798312100915502
2025-12-31,JPM_3,JPM,0.8596086401568293,44,17,1.955038189673572
2025-12-31,JPM_4,JPM,0.8980688430218425,45,16,2.370211611429604
2025-12-31,JPM_5,JPM,0.8641087835527332,40,17,1.8116885600540928
2025-12-31,BAC_1,BAC,0.8075019055787652,45,16,1.8952528713167194
2025-12-31,BAC_2,BAC,0.8044338477745567,43,15,2.1417166009668276
2025-12-31,BAC_3,BAC,0.7986348173602209,41,18,2.412679118019763
2025-12-31,BAC_4,BAC,0.8281967392275015,39,17,2.182525450276525
2025-12-31,BAC_5,BAC,0.7827175755281127,45,17,4.062201808454543
2025-12-31,C_1,C,0.7818729177430314,47,17,2.6998814106472984
2025-12-31,C_2,C,0.7815930076603771,46,17,1.5762083671087617
2025-12-31,C_3,C,0.778429779124984,42,17,2.379213579657634
2025-12-31,C_4,C,0.7692446427865364,37,16,2.2314690705753994
2025-12-31,C_5,C,0.7718418210157368,42,15,2.836981514582262
2025-12-31,WFC_1,WFC,0.8309113329547483,42,16,1.8212741187748618
2025-12-31,WFC_2,WFC,0.832734323843236,41,17,2.241600012657927
2025-12-31,WFC_3,WFC,0.8301535206637476,40,18,3.148776454440129
2025-12-31,WFC_4,WFC,0.7952139733659797,47,17,1.7434015158404192
2025-12-31,WFC_5,WFC,0.79962694821687,49,15,2.222716805084487
2026-01-01,JPM_1,JPM,0.9076162977952905,49,18,0.5
2026-01-01,JPM_2,JPM,0.8925799957753013,51,16,1.5810298476575646
2026-01-01,JPM_3,JPM,0.8854052864647592,45,18,0.9149909677338541
2026-01-01,JPM_4,JPM,0.8827238399386507,48,17,0.8536801720101261
2026-01-01,JPM_5,JPM,0.8626218276444966,51,16,2.9908912912915664
2026-01-01,BAC_1,BAC,0.8285321448109649,40,18,2.442707147168461
2026-01-01,BAC_2,BAC,0.8065481055329794,44,16,2.582373071170141
2026-01-01,BAC_3,BAC,0.82611428867741,50,16,1.8497778953631594
2026-01-01,BAC_4,BAC,0.7823338518073125,43,16,2.806511585017934
2026-01-01,BAC_5,BAC,0.806575620243964,44,19,2.1658215304803723
2026-01-01,C_1,C,0.7651499323564954,39,17,3.353204834505958
2026-01-01,C_2,C,0.7651601174867166,40,15,2.1951560877730154
2026-01-01,C_3,C,0.7451149499109921,42,16,2.2912988836123875
2026-01-01,C_4,C,0.7695433883475181,43,15,2.123577673226684
2026-01-01,C_5,C,0.7566617468601404,34,17,1.734384091270829
2026-01-01,WFC_1,WFC,0.8373461944872209,44,17,1.9361427909957285
2026-01-01,WFC_2,WFC,0.8411321893128973,44,15,1.1149604015805537
2026-01-01,WFC_3,WFC,0.8373433877123212,48,14,1.6265968085690412
2026-01-01,WFC_4,WFC,0.8431912334246496,47,16,2.2116099163070086
2026-01-01,WFC_5,WFC,0.8266594147909779,48,17,2.492153884462405
2026-01-02,JPM_1,JPM,0.910140610076516,54,19,0.5
2026-01-02,JPM_2,JPM,0.9036965260238797,52,20,0.8650195045533197
2026-01-02,JPM_3,JPM,0.8715460202608281,49,17,1.6440737970043333
2026-01-02,JPM_4,JPM,0.8604653781997837,51,19,2.393954783860581
2026-01-02,JPM_5,JPM,0.8588680683506928,49,19,2.3947039162681616
2026-01-02,BAC_1,BAC,0.8575140523753033,49,16,1.4226063572360583
2026-01-02,BAC_2,BAC,0.7719766014727252,45,16,2.537103138711395
2026-01-02,BAC_3,BAC,0.7790078842182924,33,15,2.834384813521404
2026-01-02,BAC_4,BAC,0.7998990726333245,40,16,2.651767771312249
2026-01-02,BAC_5,BAC,0.7983336571950858,47,17,2.7721427673636456
2026-01-02,C_1,C,0.7808106726661702,37,15,1.9529826357173041
2026-01-02,C_2,C,0.7733808397886693,37,17,1.5658205521253468
2026-01-02,C_3,C,0.7488993097703096,45,13,3.4285940777878587
2026-01-02,C_4,C,0.758111802264695,41,14,2.147659603962312
2026-01-02,C_5,C,0.7927503158158172,47,17,2.567032628044672
2026-01-02,WFC_1,WFC,0.8506327318762981,38,16,2.4303856263775003
2026-01-02,WFC_2,WFC,0.8260885388352298,42,18,2.310624451329119
2026-01-02,WFC_3,WFC,0.8067946856929243,49,18,1.5996935352058068
2026-01-02,WFC_4,WFC,0.8242806348438131,49,16,0.9395796735397782
2026-01-02,WFC_5,WFC,0.8169686170226613,42,18,1.067587022554493
2026-01-05,JPM_1,JPM,0.8914598114420234,55,18,1.2689520091062598
2026-01-05,JPM_2,JPM,0.9091359025261694,58,18,1.3662123525832115
2026-01-05,JPM_3,JPM,0.855917376684621,45,17,2.0248755328395354
2026-01-05,JPM_4,JPM,0.8575573215099479,48,18,1.065325891202114
2026-01-05,JPM_5,JPM,0.8754687508641263,44,16,2.506961665118661
2026-01-05,BAC_1,BAC,0.8213403557785933,45,17,1.5589630724906178
2026-01-05,BAC_2,BAC,0.8257281205552773,43,17,0.7860011096399884
2026-01-05,BAC_3,BAC,0.8073557223869088,40,16,2.335094289423167
2026-01-05,BAC_4,BAC,0.7864074755657967,41,15,2.8249428381207546
2026-01-05,BAC_5,BAC,0.7879563024023065,45,16,2.9337471620363655
2026-01-05,C_1,C,0.7606933182432345,45,15,2.5019216464885736
2026-01-05,C_2,C,0.7708176014521092,41,16,2.153816378225492
2026-01-05,C_3,C,0.7316903402024859,37,14,4.559260428728508
2026-01-05,C_4,C,0.7601023487760965,42,16,1.857796141569278
2026-01-05,C_5,C,0.7360042614916834,49,16,2.4622431995560516
2026-01-05,WFC_1,WFC,0.8204240562496526,47,16,1.4780479883932949
2026-01-05,WFC_2,WFC,0.8387539094352773,38,18,1.4529266189247079
2026-01-05,WFC_3,WFC,0.8571979241609582,38,17,0.6826176780262386
2026-01-05,WFC_4,WFC,0.8142218003556437,42,16,1.68444841202514
2026-01-05,WFC_5,WFC,0.814411080555784,52,14,1.9521081773308226
2026-01-06,JPM_1,JPM,0.9156874799560127,48,18,0.8148345363108027
2026-01-06,JPM_2,JPM,0.873266279526683,44,19,0.5
2026-01-06,JPM_3,JPM,0.8947607669394048,43,16,2.090527998635927
2026-01-06,JPM_4,JPM,0.9134167263087059,49,19,0.5
2026-01-06,JPM_5,JPM,0.8923442373122759,45,18,1.1631400305983872
2026-01-06,BAC_1,BAC,0.796471571729916,46,17,1.1308573103773283
2026-01-06,BAC_2,BAC,0.8264838368373311,37,17,1.267057329188673
2026-01-06,BAC_3,BAC,0.8594757730519811,46,17,1.5479317478100005
2026-01-06,BAC_4,BAC,0.8113270109679214,46,17,1.5179729627446932
2026-01-06,BAC_5,BAC,0.7740001616548863,38,15,3.13571336298145
2026-01-06,C_1,C,0.7700700200084188,44,14,2.5837000633325338
2026-01-06,C_2,C,0.7916947013168775,46,14,2.3330182169013987
2026-01-06,C_3,C,0.7399335302799491,45,15,3.0263615701085245
2026-01-06,C_4,C,0.753556915223614,44,14,2.873821094463764
2026-01-06,C_5,C,0.7307670706553283,46,14,3.279775842984574
2026-01-06,WFC_1,WFC,0.8494025436579012,50,19,1.4648087562847052
2026-01-06,WFC_2,WFC,0.8372439282389215,43,16,1.3965845169697955
2026-01-06,WFC_3,WFC,0.8318382244539426,39,16,1.433003185337004
2026-01-06,WFC_4,WFC,0.7795652517584524,43,15,3.4454825624541385
2026-01-06,WFC_5,WFC,0.8137728605312223,46,17,1.913019887214029
2026-01-07,JPM_1,JPM,0.8972246038267017,44,18,0.5541400396717
2026-01-07,JPM_2,JPM,0.888349484464266,43,17,1.9401938140142905
2026-01-07,JPM_3,JPM,0.8751141337993917,45,17,0.5
2026-01-07,JPM_4,JPM,0.9081396643910316,48,20,0.9540894142930691
2026-01-07,JPM_5,JPM,0.8471432746918891,50,19,2.6400582285925287
2026-01-07,BAC_1,BAC,0.8489308446571708,56,16,2.204102100539703
2026-01-07,BAC_2,BAC,0.8087112620556134,49,17,3.155658612721038
2026-01-07,BAC_3,BAC,0.7964515449821187,46,13,1.9051951468193427
2026-01-07,BAC_4,BAC,0.8044678838652874,47,14,1.0977096795430057
2026-01-07,BAC_5,BAC,0.7805835416083857,40,17,2.6745360995365672
2026-01-07,C_1,C,0.7943236014874268,50,15,1.8945160505941263
2026-01-07,C_2,C,0.7522654736663288,33,13,2.4717343700972467
2026-01-07,C_3,C,0.722019241988185,42,13,3.9787390092291623
2026-01-07,C_4,C,0.7695221519037748,45,15,1.8226731947377752
2026-01-07,C_5,C,0.7390644139796235,37,15,3.036230435396035
2026-01-07,WFC_1,WFC,0.8702358079868205,46,17,0.5418165990047061
2026-01-07,WFC_2,WFC,0.8363402622010997,46,15,0.7102345003950039
2026-01-07,WFC_3,WFC,0.8033270814887524,43,18,2.62847913620565
2026-01-07,WFC_4,WFC,0.8161474045515305,39,15,2.7371461837133504
2026-01-07,WFC_5,WFC,0.7993271960405275,44,15,2.1333694913316075
2026-01-08,JPM_1,JPM,0.880018894094882,46,18,0.8129337643856485
2026-01-08,JPM_2,JPM,0.9383799417365588,59,16,0.7481835880516641
2026-01-08,JPM_3,JPM,0.8832801352682018,43,18,0.8403964332904055
2026-01-08,JPM_4,JPM,0.8859407003068669,49,18,0.7505251564297555
2026-01-08,JPM_5,JPM,0.8559344923344093,46,16,1.493075885495412
2026-01-08,BAC_1,BAC,0.8117629559324697,35,18,1.684422590987325
2026-01-08,BAC_2,BAC,0.8143347480639087,41,17,1.1744654674611272
2026-01-08,BAC_3,BAC,0.7885639064021573,50,17,1.839456329273852
2026-01-08,BAC_4,BAC,0.816474819948323,38,17,1.696279081135531
2026-01-08,BAC_5,BAC,0.8087792671326213,38,17,2.117300056156352
2026-01-08,C_1,C,0.7657803435892839,38,15,1.6113539166920359
2026-01-08,C_2,C,0.7843073532751701,41,13,2.4909434223902096
2026-01-08,C_3,C,0.7721735225909009,42,14,2.3520446394816488
2026-01-08,C_4,C,0.7586453093356839,34,14,2.6031320816502093
2026-01-08,C_5,C,0.7469025327135886,40,16,2.8702637433950926
2026-01-08,WFC_1,WFC,0.8258794553707313,46,17,2.1903496224623176
2026-01-08,WFC_2,WFC,0.8282224210226633,41,16,1.7861776954784023
2026-01-08,WFC_3,WFC,0.8065943333956856,47,17,1.7276428177309688
2026-01-08,WFC_4,WFC,0.8123991010275409,46,17,2.7626699321035626
2026-01-08,WFC_5,WFC,0.7928233409840477,37,17,2.2034108592035397
2026-01-09,JPM_1,JPM,0.8920329367248346,42,20,2.1345297756596784
2026-01-09,JPM_2,JPM,0.8955008701289869,40,17,1.72768101342607
2026-01-09,JPM_3,JPM,0.8910124317228793,50,19,0.5
2026-01-09,JPM_4,JPM,0.9057455484071334,40,19,0.7134103083111537
2026-01-09,JPM_5,JPM,0.8663275158634585,52,18,0.9790604814975522
2026-01-09,BAC_1,BAC,0.8178293521102489,43,17,0.5
2026-01-09,BAC_2,BAC,0.7730609618732552,44,15,2.3112673423706402
2026-01-09,BAC_3,BAC,0.8157708682329787,49,16,1.9642276861310446
2026-01-09,BAC_4,BAC,0.7993523098201378,41,16,2.5837539291856855
2026-01-09,BAC_5,BAC,0.7452512543390429,44,13,1.825283794791124
2026-01-09,C_1,C,0.7598052400145635,39,15,2.2035007901833485
2026-01-09,C_2,C,0.7666942450815285,43,15,2.015619947862991
2026-01-09,C_3,C,0.753877257818504,41,16,2.6035064049048326
2026-01-09,C_4,C,0.7646105176156234,47,16,2.2986882700438724
2026-01-09,C_5,C,0.7661615696592557,44,17,3.5436727392343665
2026-01-09,WFC_1,WFC,0.8190432121170486,47,16,2.3572822099163826
2026-01-09,WFC_2,WFC,0.8557913934545753,44,17,1.04272023665097
2026-01-09,WFC_3,WFC,0.8122260926655573,52,16,2.2207916724328256
2026-01-09,WFC_4,WFC,0.7995595836106107,39,16,2.152835427191899
2026-01-09,WFC_5,WFC,0.7996318726261943,42,18,3.224372226095271
2026-01-12,JPM_1,JPM,0.9051576732185699,48,19,1.0827687710313538
2026-01-12,JPM_2,JPM,0.926696103451946,51,20,0.5
2026-01-12,JPM_3,JPM,0.9059912221525698,47,19,1.277248412236605
2026-01-12,JPM_4,JPM,0.8434039641951525,48,17,0.9149740671967691
2026-01-12,JPM_5,JPM,0.850748268379411,55,20,1.587006524481323
2026-01-12,BAC_1,BAC,0.8358907319746722,48,18,2.5061691372716406
2026-01-12,BAC_2,BAC,0.8100726803507774,43,17,1.6872694191940618
2026-01-12,BAC_3,BAC,0.7922125292843026,47,17,3.6118400336585545
2026-01-12,BAC_4,BAC,0.7988657523621289,46,15,1.8660163297798615
2026-01-12,BAC_5,BAC,0.8045101982269215,48,17,2.2717277266268554
2026-01-12,C_1,C,0.7776562450545611,41,13,2.654239135006007
2026-01-12,C_2,C,0.7737662871196742,39,16,2.181747584170119
2026-01-12,C_3,C,0.8002565947568528,39,16,1.5929330078572683
2026-01-12,C_4,C,0.7795936044955796,39,18,2.359084120918222
2026-01-12,C_5,C,0.7630274992587076,42,15,2.955338159874358
2026-01-12,WFC_1,WFC,0.8147814924765648,40,16,3.186369931532564
2026-01-12,WFC_2,WFC,0.8517414752188401,44,14,2.31359855841887
2026-01-12,WFC_3,WFC,0.8138866561945544,39,16,2.4311309984503557
2026-01-12,WFC_4,WFC,0.816173732814492,38,16,1.5767517577429597
2026-01-12,WFC_5,WFC,0.8232709997302516,45,17,1.5877188335423247
2026-01-13,JPM_1,JPM,0.8960400629018191,48,18,1.5040474861994293
2026-01-13,JPM_2,JPM,0.8766761218536768,55,16,2.7706366108508007
2026-01-13,JPM_3,JPM,0.8957314438343238,48,18,0.5
2026-01-13,JPM_4,JPM,0.8804483451358395,51,18,0.5353807843604448
2026-01-13,JPM_5,JPM,0.8864835726588168,46,18,1.693646634498998
2026-01-13,BAC_1,BAC,0.7949210717288995,44,15,3.0224322757854223
2026-01-13,BAC_2,BAC,0.8307409442977355,45,16,2.1411083603691505
2026-01-13,BAC_3,BAC,0.8026804299235619,40,16,1.1310703374093416
2026-01-13,BAC_4,BAC,0.7989433853561986,46,18,2.472399237297947
2026-01-13,BAC_5,BAC,0.7812131588052608,49,15,2.6836008243708838
2026-01-13,C_1,C,0.7739731999461881,44,16,1.8015990209745278
2026-01-13,C_2,C,0.7599225549625002,41,13,3.2056988507148443
2026-01-13,C_3,C,0.7651584579088104,44,18,3.1090998329082775
2026-01-13,C_4,C,0.768775854156944,40,17,2.2889731589977593
2026-01-13,C_5,C,0.7337976397971441,37,12,3.7072330419154595
2026-01-13,WFC_1,WFC,0.8597252824505509,38,15,1.0443956427450853
2026-01-13,WFC_2,WFC,0.8302958179013485,43,15,2.2576485373603536
2026-01-13,WFC_3,WFC,0.7989005569592526,34,15,2.012709855532079
2026-01-13,WFC_4,WFC,0.8276887595941548,50,17,1.5564549248655062
2026-01-13,WFC_5,WFC,0.8258116592925911,48,18,1.318366591054396
2026-01-14,JPM_1,JPM,0.8892443683440132,50,17,0.7777904625424361
2026-01-14,JPM_2,JPM,0.8897775233091895,43,18,1.6074410379610982
2026-01-14,JPM_3,JPM,0.8943718001486939,46,18,1.7763517667365156
2026-01-14,JPM_4,JPM,0.8538965756176767,45,16,1.8950398104678892
2026-01-14,JPM_5,JPM,0.8750566486552811,44,19,0.9119042907143897
2026-01-14,BAC_1,BAC,0.8163328449011374,54,17,2.0927889286498385
2026-01-14,BAC_2,BAC,0.8063900129860616,43,17,2.4429235347407867
2026-01-14,BAC_3,BAC,0.8135079821723834,41,15,2.6658642684008704
2026-01-14,BAC_4,BAC,0.7858758091156658,49,15,1.695208440601959
2026-01-14,BAC_5,BAC,0.7851644414015063,42,16,2.975998687235231
2026-01-14,C_1,C,0.7748421832283245,45,16,2.6275937215255776
2026-01-14,C_2,C,0.7907036520124369,43,17,1.9253477441633504
2026-01-14,C_3,C,0.7825072134399889,44,16,2.6502322694291762
2026-01-14,C_4,C,0.7693442324876804,46,13,2.4529092567571453
2026-01-14,C_5,C,0.7631388240628537,42,17,3.5320918315763423
2026-01-14,WFC_1,WFC,0.8639111379112496,55,18,2.415938361691648
2026-01-14,WFC_2,WFC,0.8451813772425351,48,18,1.953123882739969
2026-01-14,WFC_3,WFC,0.8444874412155583,43,18,0.6404525921876039
2026-01-14,WFC_4,WFC,0.7884788220518814,44,17,3.390119334036452
2026-01-14,WFC_5,WFC,0.8076971716755162,42,16,2.3184269949888834
2026-01-15,JPM_1,JPM,0.863119402766364,44,19,2.0000252073612823
2026-01-15,JPM_2,JPM,0.8558805606901715,47,15,2.2573956476813235
2026-01-15,JPM_3,JPM,0.8806836275435881,54,17,1.8003953782272923
2026-01-15,JPM_4,JPM,0.8772879522362836,52,20,2.293367509948182
2026-01-15,JPM_5,JPM,0.8544186056106535,47,15,1.5572601552471348
2026-01-15,BAC_1,BAC,0.8023530714847981,41,15,2.145296739563072
2026-01-15,BAC_2,BAC,0.8138551599043731,44,17,1.739867900380379
2026-01-15,BAC_3,BAC,0.83086857193645,45,18,2.652994998206344
2026-01-15,BAC_4,BAC,0.8067694458336091,42,15,1.1870272516398277
2026-01-15,BAC_5,BAC,0.7942103080587891,46,17,1.7303265329420974
2026-01-15,C_1,C,0.7777688872813043,47,13,2.6382528467710364
2026-01-15,C_2,C,0.7933391456324497,41,18,2.4778247500853143
2026-01-15,C_3,C,0.7649608451206467,44,13,1.8888392078883318
2026-01-15,C_4,C,0.7592068887547478,41,17,2.9235236532124365
2026-01-15,C_5,C,0.7379285734472474,37,16,2.9755062655840536
2026-01-15,WFC_1,WFC,0.8053359077795481,45,18,0.706649395180458
2026-01-15,WFC_2,WFC,0.8482315172771722,40,16,1.4039909484733093
2026-01-15,WFC_3,WFC,0.8164255944907586,53,16,2.0705978697185223
2026-01-15,WFC_4,WFC,0.8026325305633661,48,18,0.5
2026-01-15,WFC_5,WFC,0.8122143357668231,42,16,2.217772188534817
2026-01-16,JPM_1,JPM,0.892237770785694,46,17,0.8908377347383409
2026-01-16,JPM_2,JPM,0.8984028555860993,48,19,2.0570104369492954
2026-01-16,JPM_3,JPM,0.8904455820482442,48,17,1.9274755593371344
2026-01-16,JPM_4,JPM,0.9031538898260016,48,19,1.1659047670090803
2026-01-16,JPM_5,JPM,0.8806667585689936,50,18,0.9337284577739515
2026-01-16,BAC_1,BAC,0.8089516183025772,47,17,2.0827402821844156
2026-01-16,BAC_2,BAC,0.8021224600876041,39,17,3.4157182017190992
2026-01-16,BAC_3,BAC,0.8010887911329482,48,16,2.2414034592469467
2026-01-16,BAC_4,BAC,0.816755322592077,47,15,2.3162326928848618
2026-01-16,BAC_5,BAC,0.7603392841429388,49,15,3.1242270158648173
2026-01-16,C_1,C,0.7714341658847935,45,15,1.7025857869123153
2026-01-16,C_2,C,0.8020497433056167,37,16,1.9850020360627207
2026-01-16,C_3,C,0.7447220524118748,39,15,4.048085301103659
2026-01-16,C_4,C,0.7456988564883287,41,15,2.692194750284434
2026-01-16,C_5,C,0.7527718565869735,42,16,2.8497839375060448
2026-01-16,WFC_1,WFC,0.8721581142079281,46,18,2.4105947770859513
2026-01-16,WFC_2,WFC,0.8486319796182491,39,16,2.129640289429684
2026-01-16,WFC_3,WFC,0.8148654690291248,49,17,2.547891305827997
2026-01-16,WFC_4,WFC,0.8132084723259322,46,15,2.257946671468078
2026-01-16,WFC_5,WFC,0.8203433254022082,42,16,0.6851904553899015
2026-01-19,JPM_1,JPM,0.8842886573301006,51,18,1.6149136854611528
2026-01-19,JPM_2,JPM,0.8678945626417321,49,16,1.1099594902115624
2026-01-19,JPM_3,JPM,0.8868449397105737,56,18,0.8171348429744341
2026-01-19,JPM_4,JPM,0.8724977722071187,43,18,1.7123624486621725
2026-01-19,JPM_5,JPM,0.8726177751187857,50,17,1.827058666990648
2026-01-19,BAC_1,BAC,0.806767933970589,47,15,2.317521026399283
2026-01-19,BAC_2,BAC,0.8187850687196909,38,17,1.9781175632369603
2026-01-19,BAC_3,BAC,0.8216620750829131,44,14,1.884606795751789
2026-01-19,BAC_4,BAC,0.7964557108204735,45,18,2.5187472546716063
2026-01-19,BAC_5,BAC,0.7695462316939043,33,14,3.215275109898984
2026-01-19,C_1,C,0.7589329437987502,41,15,2.7774891020691075
2026-01-19,C_2,C,0.7629785793792093,43,15,2.0674841961819297
2026-01-19,C_3,C,0.7430448223888159,45,16,2.90636863131889
2026-01-19,C_4,C,0.7653212708455598,43,15,1.4911276158404572
2026-01-19,C_5,C,0.7406928559872433,43,13,4.073574741643048
2026-01-19,WFC_1,WFC,0.8591616124528599,51,16,2.09184790701461
2026-01-19,WFC_2,WFC,0.8380936108920709,49,17,0.7161915201683464
2026-01-19,WFC_3,WFC,0.8016402845420739,40,17,1.7871150133138818
2026-01-19,WFC_4,WFC,0.8062321128936814,46,17,3.2335932781406624
2026-01-19,WFC_5,WFC,0.7766399840516995,42,16,2.8079099556418288
2026-01-20,JPM_1,JPM,0.8575008381697932,40,18,0.7176708975506055
2026-01-20,JPM_2,JPM,0.9175990109329997,56,17,1.3927036714650545
2026-01-20,JPM_3,JPM,0.8814480237288543,51,17,0.5
2026-01-20,JPM_4,JPM,0.8668559068623997,47,18,1.3342076251461925
2026-01-20,JPM_5,JPM,0.8738736757617643,46,18,1.7341374514177221
2026-01-20,BAC_1,BAC,0.8205445022949214,45,16,2.9101112633354607
2026-01-20,BAC_2,BAC,0.8119899657443219,43,16,2.756383351513112
2026-01-20,BAC_3,BAC,0.8123668934127867,47,16,1.395784661262265
2026-01-20,BAC_4,BAC,0.7779479686938492,41,15,1.7690155871697475
2026-01-20,BAC_5,BAC,0.7435263204886201,43,13,4.010488423550032
2026-01-20,C_1,C,0.7711590552597862,51,16,2.502546717832687
2026-01-20,C_2,C,0.7847863487070478,43,15,2.549787114276072
2026-01-20,C_3,C,0.8025716817507152,40,16,2.981133695755629
2026-01-20,C_4,C,0.7530025075959205,38,14,2.6878032624822783
2026-01-20,C_5,C,0.7617930818753743,40,17,2.301352518426343
2026-01-20,WFC_1,WFC,0.8043789402634826,43,17,1.9745215078662188
2026-01-20,WFC_2,WFC,0.829965807262748,52,18,1.2224006106868437
2026-01-20,WFC_3,WFC,0.8232281331978444,47,17,2.4604467715855645
2026-01-20,WFC_4,WFC,0.8354090527601358,41,17,2.003398125633882
2026-01-20,WFC_5,WFC,0.8296541885484502,43,17,2.6774476640743368
2026-01-21,JPM_1,JPM,0.8722598546660699,56,16,0.8086351471986851
2026-01-21,JPM_2,JPM,0.8903601234333776,42,19,1.366624937887799
2026-01-21,JPM_3,JPM,0.8892365911201223,50,16,1.2978368785688734
2026-01-21,JPM_4,JPM,0.8849410802444356,45,17,0.7927001974917447
2026-01-21,JPM_5,JPM,0.8773892245044277,48,20,1.8580166020632762
2026-01-21,BAC_1,BAC,0.8112808544942984,46,17,1.1349403236632938
2026-01-21,BAC_2,BAC,0.7962281748953826,42,16,1.4836669877509276
2026-01-21,BAC_3,BAC,0.8173399513741387,52,14,2.375485323608484
2026-01-21,BAC_4,BAC,0.7973946375338212,43,16,0.5
2026-01-21,BAC_5,BAC,0.774592885317867,46,18,2.146326483543099
2026-01-21,C_1,C,0.7830645205705149,38,17,1.8338529089520899
2026-01-21,C_2,C,0.7904159979660264,46,17,1.6860428366720663
2026-01-21,C_3,C,0.786434103891619,37,15,2.4093442046036033
2026-01-21,C_4,C,0.7544321603363091,42,15,2.4077521586652693
2026-01-21,C_5,C,0.7597692599700514,42,16,3.2384346138476294
2026-01-21,WFC_1,WFC,0.8142734805697887,48,18,1.92122850672864
2026-01-21,WFC_2,WFC,0.82190877592704,38,16,2.2485019656393828
2026-01-21,WFC_3,WFC,0.8213251454522198,45,15,0.9879413842453054
2026-01-21,WFC_4,WFC,0.8182739680865287,50,17,2.0514083517078925
2026-01-21,WFC_5,WFC,0.7928967583725839,46,16,2.056869703261783
2026-01-22,JPM_1,JPM,0.9116328352998216,51,17,0.7519777252445652
2026-01-22,JPM_2,JPM,0.8605458176997739,40,16,1.7532346978276292
2026-01-22,JPM_3,JPM,0.8653062615720168,48,17,2.230482141150386
2026-01-22,JPM_4,JPM,0.882617108615877,49,19,0.6863381867507804
2026-01-22,JPM_5,JPM,0.8682239368539219,50,16,1.0113082898887078
2026-01-22,BAC_1,BAC,0.8195896964624526,52,14,1.8024106457304847
2026-01-22,BAC_2,BAC,0.811407899613439,49,16,1.5571706329424537
2026-01-22,BAC_3,BAC,0.7958790589684921,44,17,2.3509295156181738
2026-01-22,BAC_4,BAC,0.7771084553338349,40,14,1.7754983244699223
2026-01-22,BAC_5,BAC,0.8320604077869102,48,16,1.8082254601674046
2026-01-22,C_1,C,0.7699896828812768,44,14,2.0273494897447413
2026-01-22,C_2,C,0.7753577640989167,41,15,2.3608980535241435
2026-01-22,C_3,C,0.7730595989001686,49,18,2.267359708716655
2026-01-22,C_4,C,0.7574981683165486,35,15,2.5639899704154874
2026-01-22,C_5,C,0.748733247063892,42,14,2.672721409475855
2026-01-22,WFC_1,WFC,0.8257550206350376,47,18,2.4977839946251663
2026-01-22,WFC_2,WFC,0.8309298785331868,48,19,2.32431434275906
2026-01-22,WFC_3,WFC,0.8338597248887726,51,16,1.2690256313681163
2026-01-22,WFC_4,WFC,0.8211197522434034,48,15,3.044299526193842
2026-01-22,WFC_5,WFC,0.7761961270023541,42,16,1.580827113425665
2026-01-23,JPM_1,JPM,0.8834042647635345,48,18,0.7242317817072241
2026-01-23,JPM_2,JPM,0.8900800307887529,43,18,1.1603513207827758
2026-01-23,JPM_3,JPM,0.8635633677936323,45,19,1.8020623221023435
2026-01-23,JPM_4,JPM,0.8811907431521653,51,16,0.6407520815898906
2026-01-23,JPM_5,JPM,0.8468340328077616,47,19,0.8399367364684368
2026-01-23,BAC_1,BAC,0.8160854916171691,44,16,1.8854500793448763
2026-01-23,BAC_2,BAC,0.7822277398328484,41,16,2.604961685995453
2026-01-23,BAC_3,BAC,0.8234104187466293,43,17,2.2512948620156235
2026-01-23,BAC_4,BAC,0.7677354913037413,41,15,3.3757543577777867
2026-01-23,BAC_5,BAC,0.7814844654754476,45,15,1.8241955347741927
2026-01-23,C_1,C,0.773582605112804,43,18,2.9311806559738725
2026-01-23,C_2,C,0.7866002073032362,44,15,1.7862077589136374
2026-01-23,C_3,C,0.7548952187345249,47,14,2.760348179418378
2026-01-23,C_4,C,0.7513074645411257,41,17,2.118695981303745
2026-01-23,C_5,C,0.7614715754798072,38,18,2.563470749885218
2026-01-23,WFC_1,WFC,0.8469866247036346,50,17,1.920471129130536
2026-01-23,WFC_2,WFC,0.8247197169316889,36,16,1.722519032155068
2026-01-23,WFC_3,WFC,0.8295441064126385,39,18,1.41980446820442
2026-01-23,WFC_4,WFC,0.8244774509534344,46,16,1.8707605277293882
2026-01-23,WFC_5,WFC,0.7809653724237655,36,16,1.9712304333623007
2026-01-26,JPM_1,JPM,0.881542217894328,44,16,1.1662143070893844
2026-01-26,JPM_2,JPM,0.8947467258777991,52,18,0.816249930237797
2026-01-26,JPM_3,JPM,0.8794494489058157,51,20,1.3651596030983713
2026-01-26,JPM_4,JPM,0.8890705048463398,46,20,0.705917522213111
2026-01-26,JPM_5,JPM,0.8789816891136847,52,18,2.451711119617053
2026-01-26,BAC_1,BAC,0.802420682498049,38,17,3.2623600107294184
2026-01-26,BAC_2,BAC,0.8172208021882043,43,15,2.2224030828830337
2026-01-26,BAC_3,BAC,0.813979295842672,42,17,1.69744870962801
2026-01-26,BAC_4,BAC,0.8113859008944372,41,15,2.953327032339541
2026-01-26,BAC_5,BAC,0.7726953385402375,37,17,1.7047726509386854
2026-01-26,C_1,C,0.776374557342065,41,15,2.330524893957393
2026-01-26,C_2,C,0.7907038385826147,40,15,2.279880198346295
2026-01-26,C_3,C,0.7331854923984379,43,14,3.111280159246004
2026-01-26,C_4,C,0.7561013429203214,42,14,2.161973640485835
2026-01-26,C_5,C,0.7489188646989886,41,16,2.2050685913827746
2026-01-26,WFC_1,WFC,0.8269732077413108,37,17,1.5492656166829024
2026-01-26,WFC_2,WFC,0.8308307763818821,47,17,1.2274247924044697
2026-01-26,WFC_3,WFC,0.8230334974366355,51,17,2.43669582279822
2026-01-26,WFC_4,WFC,0.842999965677094,43,16,1.5124829973200213
2026-01-26,WFC_5,WFC,0.775413597576898,40,18,2.0763716789266775
2026-01-27,JPM_1,JPM,0.8910295438344497,47,18,0.770027761858944
2026-01-27,JPM_2,JPM,0.8702348033543111,52,17,1.4672485231432817
2026-01-27,JPM_3,JPM,0.8704053502884886,47,18,2.4604918275333194
2026-01-27,JPM_4,JPM,0.8636259949193716,44,16,0.5
2026-01-27,JPM_5,JPM,0.8965071481342581,53,13,0.5
2026-01-27,BAC_1,BAC,0.8001892796578692,46,15,2.8970561991861734
2026-01-27,BAC_2,BAC,0.7952308115511185,49,16,1.8250588522073026
2026-01-27,BAC_3,BAC,0.8115522534671741,45,16,1.322520754795105
2026-01-27,BAC_4,BAC,0.8223538269503756,41,16,1.6452734247549567
2026-01-27,BAC_5,BAC,0.7854440654381587,46,16,3.1765564390831518
2026-01-27,C_1,C,0.7890018173518268,36,15,2.323458145211265
2026-01-27,C_2,C,0.7833288548897822,41,14,2.1911831988081465
2026-01-27,C_3,C,0.7569445131607301,36,15,2.803551698837878
2026-01-27,C_4,C,0.768381411987009,42,18,2.6321762344933997
2026-01-27,C_5,C,0.7623824517298293,45,16,3.0369229196720635
2026-01-27,WFC_1,WFC,0.8076967118777334,40,15,2.526971130790808
2026-01-27,WFC_2,WFC,0.8327851923404306,47,15,1.3048979266720058
2026-01-27,WFC_3,WFC,0.8365309796906015,41,17,1.2572586237048649
2026-01-27,WFC_4,WFC,0.8117890076405978,37,15,0.8042455182434651
2026-01-27,WFC_5,WFC,0.781768794181953,41,15,2.6581254987933436
2026-01-28,JPM_1,JPM,0.8804679114382521,42,17,1.7536380060007926
2026-01-28,JPM_2,JPM,0.8872900873425585,49,19,1.1173569503894356
2026-01-28,JPM_3,JPM,0.8958553169075253,42,19,0.9469830016304874
2026-01-28,JPM_4,JPM,0.8381434109566294,48,15,2.064568027865797
2026-01-28,JPM_5,JPM,0.8512155573914341,51,15,2.067021870717795
2026-01-28,BAC_1,BAC,0.852251382533048,46,16,0.6087217812435044
2026-01-28,BAC_2,BAC,0.8177539272186635,42,17,2.159618196633069
2026-01-28,BAC_3,BAC,0.7928697569815017,51,18,1.919155765304329
2026-01-28,BAC_4,BAC,0.7837085842322408,46,16,2.81330783100147
2026-01-28,BAC_5,BAC,0.7792930486997873,47,16,2.3686145690994374
2026-01-28,C_1,C,0.7560248143479075,37,14,2.636089592305658
2026-01-28,C_2,C,0.7865576891177987,40,17,2.209482935517578
2026-01-28,C_3,C,0.7834011107239918,44,16,2.062056819140263
2026-01-28,C_4,C,0.7391665317557257,41,14,2.938466233274291
2026-01-28,C_5,C,0.7533220823289113,39,16,2.8956229486929304
2026-01-28,WFC_1,WFC,0.8547024483378047,45,17,1.7772630219906431
2026-01-28,WFC_2,WFC,0.8330311656145938,46,19,1.5279164989213336
2026-01-28,WFC_3,WFC,0.8205382121256919,46,15,2.2660535017970327
2026-01-28,WFC_4,WFC,0.7840861689449745,40,14,2.0556657004653713
2026-01-28,WFC_5,WFC,0.7927305053648402,35,17,3.368929216790649
2026-01-29,JPM_1,JPM,0.9074210416394108,44,19,1.469650863264809
2026-01-29,JPM_2,JPM,0.9016658326938831,48,16,1.196086084431385
2026-01-29,JPM_3,JPM,0.86454295742804,41,17,1.0985502635878128
2026-01-29,JPM_4,JPM,0.8665027063010069,50,17,1.3450937950175577
2026-01-29,JPM_5,JPM,0.8652366746342686,46,16,0.8066903717930848
2026-01-29,BAC_1,BAC,0.8315162985705529,45,15,2.0386457267509392
2026-01-29,BAC_2,BAC,0.7909243193661466,38,14,2.0241704228831536
2026-01-29,BAC_3,BAC,0.8077654685572319,40,16,2.5777567984175964
2026-01-29,BAC_4,BAC,0.7992029110501194,44,16,1.212017086686084
2026-01-29,BAC_5,BAC,0.7717676143673585,44,15,2.4276286902847795
2026-01-29,C_1,C,0.7610833350337354,40,14,1.0531723237365436
2026-01-29,C_2,C,0.7615336246935206,38,14,2.4781905415773338
2026-01-29,C_3,C,0.7645008776694802,38,17,2.2470573583363556
2026-01-29,C_4,C,0.749978768605877,46,14,4.284419975542765
2026-01-29,C_5,C,0.7288681415215054,37,17,1.0569906738140575
2026-01-29,WFC_1,WFC,0.8750513856696034,48,16,1.3607334103579098
2026-01-29,WFC_2,WFC,0.8448691281816357,44,19,1.2508451526139084
2026-01-29,WFC_3,WFC,0.814909451479574,47,15,1.5249850229016497
2026-01-29,WFC_4,WFC,0.8112215731903506,42,17,2.0271093407337886
2026-01-29,WFC_5,WFC,0.8051507432467705,44,18,2.30352123669984
2026-01-30,JPM_1,JPM,0.9126037316150586,46,17,0.9446310790687882
2026-01-30,JPM_2,JPM,0.880191536357925,49,18,1.4263238306251353
2026-01-30,JPM_3,JPM,0.905222590722566,47,19,0.7583149705494789
2026-01-30,JPM_4,JPM,0.8801018283352459,51,17,0.5
2026-01-30,JPM_5,JPM,0.8523781983599245,47,17,1.7636997533463046
2026-01-30,BAC_1,BAC,0.820221787251287,49,16,1.7523763233403784
2026-01-30,BAC_2,BAC,0.8061382234669073,47,17,2.6342409185517104
2026-01-30,BAC_3,BAC,0.8062931162399483,48,15,1.9679401294653218
2026-01-30,BAC_4,BAC,0.8136100538029534,39,16,1.0049013453371005
2026-01-30,BAC_5,BAC,0.7913563374707168,43,16,2.2487968454668517
2026-01-30,C_1,C,0.7783777110092989,42,17,2.351026579759197
2026-01-30,C_2,C,0.7625770390594646,50,15,2.7083070363228
2026-01-30,C_3,C,0.7637701966980376,40,15,2.706435031955821
2026-01-30,C_4,C,0.7373536552690244,41,14,3.327418617816489
2026-01-30,C_5,C,0.7180066955616259,37,14,3.835895097550745
2026-01-30,WFC_1,WFC,0.8396593839196088,50,17,0.8721369678207915
2026-01-30,WFC_2,WFC,0.8142867931516719,44,17,1.8808044596990496
2026-01-30,WFC_3,WFC,0.7993598178400063,37,15,1.3174422540680237
2026-01-30,WFC_4,WFC,0.8290319455930959,44,16,1.8135085845810317
2026-01-30,WFC_5,WFC,0.7984439768562367,38,16,2.166377847068561
2026-02-02,JPM_1,JPM,0.893385849454769,44,17,1.109399101263807
2026-02-02,JPM_2,JPM,0.868912482582227,47,16,2.421118354496382
2026-02-02,JPM_3,JPM,0.8812703817158226,47,18,0.6766012907276195
2026-02-02,JPM_4,JPM,0.8644066566960948,44,16,0.5
2026-02-02,JPM_5,JPM,0.8755483134469642,39,18,1.3963692798964031
2026-02-02,BAC_1,BAC,0.8075073069180663,48,18,0.7180995091166866
2026-02-02,BAC_2,BAC,0.7957260469405524,39,15,3.160304612833644
2026-02-02,BAC_3,BAC,0.8277460162476399,45,16,1.0594341029654624
2026-02-02,BAC_4,BAC,0.7881698852817757,41,16,1.2069613515970146
2026-02-02,BAC_5,BAC,0.7892789761858965,42,17,2.7547984938086376
2026-02-02,C_1,C,0.7973967899130707,48,17,2.756954117573196
2026-02-02,C_2,C,0.786880820539174,38,18,2.6948208340078934
2026-02-02,C_3,C,0.7368989300676223,42,15,3.255879381707903
2026-02-02,C_4,C,0.7755476583743248,37,17,2.803518449819698
2026-02-02,C_5,C,0.7855392898666685,45,15,1.8944860814176985
2026-02-02,WFC_1,WFC,0.8616392451825593,48,15,2.6422254635382405
2026-02-02,WFC_2,WFC,0.8248660926278912,51,15,2.3096137387086393
2026-02-02,WFC_3,WFC,0.8306393617289007,48,17,2.460723929764418
2026-02-02,WFC_4,WFC,0.7815206765879669,45,16,2.698054912433665
2026-02-02,WFC_5,WFC,0.8104979459504101,46,17,1.8532329646942982
2026-02-03,JPM_1,JPM,0.9087133245516031,50,18,1.4918619203878296
2026-02-03,JPM_2,JPM,0.8930297080099673,52,17,0.7198315159943393
2026-02-03,JPM_3,JPM,0.8486928383981904,46,16,2.445324598495821
2026-02-03,JPM_4,JPM,0.8946232354077704,40,18,1.222194994395703
2026-02-03,JPM_5,JPM,0.8327766844045643,37,18,1.2458369454402796
2026-02-03,BAC_1,BAC,0.8019702943751942,41,15,2.180400181779346
2026-02-03,BAC_2,BAC,0.8034980467018618,39,16,2.093883326207672
2026-02-03,BAC_3,BAC,0.8264302247295492,42,17,1.4893294481707637
2026-02-03,BAC_4,BAC,0.8150562643365432,46,16,2.267351582859211
2026-02-03,BAC_5,BAC,0.7699005524395163,46,16,2.1471798409859977
2026-02-03,C_1,C,0.7687524292586764,41,17,2.6862703643857246
2026-02-03,C_2,C,0.7808375985097444,42,16,2.071692519400243
2026-02-03,C_3,C,0.7619254915075159,32,14,2.2307817362689786
2026-02-03,C_4,C,0.7538561151485044,41,17,3.02872793999111
2026-02-03,C_5,C,0.7263799793306256,40,14,2.790657803498914
2026-02-03,WFC_1,WFC,0.8163944519555058,44,15,2.7177078003192694
2026-02-03,WFC_2,WFC,0.8168623799450189,45,19,1.6882370756856506
2026-02-03,WFC_3,WFC,0.8503947467963122,43,16,2.1990005902675764
2026-02-03,WFC_4,WFC,0.7994843505823063,37,17,1.696928652977761
2026-02-03,WFC_5,WFC,0.7912795717506985,43,16,2.5758300844137825
2026-02-04,JPM_1,JPM,0.8844382125302392,44,17,2.0200144449670385
2026-02-04,JPM_2,JPM,0.8943841645321018,51,18,0.5
2026-02-04,JPM_3,JPM,0.8416085828508034,47,16,1.6414227000114332
2026-02-04,JPM_4,JPM,0.8905221415519704,51,17,1.654454315094703
2026-02-04,JPM_5,JPM,0.8672193805351658,44,17,1.5003286469685957
2026-02-04,BAC_1,BAC,0.8082365799091046,48,18,1.364832040748225
2026-02-04,BAC_2,BAC,0.8221853407002038,46,17,1.433270940196117
2026-02-04,BAC_3,BAC,0.8159662724542988,52,15,2.0985485094475287
2026-02-04,BAC_4,BAC,0.7604675952168417,45,15,3.8755881949460966
2026-02-04,BAC_5,BAC,0.7573690324760859,43,14,3.4989348370952627
2026-02-04,C_1,C,0.7960411629063705,37,16,2.4952103493424413
2026-02-04,C_2,C,0.7636833471412373,44,17,3.5058104318177405
2026-02-04,C_3,C,0.7435184309146582,42,16,2.6668258012419743
2026-02-04,C_4,C,0.7734882657534669,40,15,1.786895373902341
2026-02-04,C_5,C,0.7341508494283,42,15,1.8170933742492967
2026-02-04,WFC_1,WFC,0.8217572798720153,40,16,2.3250664662383476
2026-02-04,WFC_2,WFC,0.8616100449709367,49,17,1.8581098242654754
2026-02-04,WFC_3,WFC,0.8376860817951366,46,14,0.9629008831300289
2026-02-04,WFC_4,WFC,0.8438373386982516,42,18,1.6680113064164972
2026-02-04,WFC_5,WFC,0.8373921559958144,51,16,1.645619857888367
2026-02-05,JPM_1,JPM,0.8975376729569708,50,17,2.383390315056566
2026-02-05,JPM_2,JPM,0.885737179176171,48,20,1.736627961333187
2026-02-05,JPM_3,JPM,0.8534594693067412,49,18,2.258157122942638
2026-02-05,JPM_4,JPM,0.8922833592523679,47,17,0.9475725468959697
2026-02-05,JPM_5,JPM,0.8649431723633286,50,19,2.2072717570358416
2026-02-05,BAC_1,BAC,0.8103201652826251,51,16,2.850437990425319
2026-02-05,BAC_2,BAC,0.7995528479970129,45,17,2.1830891193263224
2026-02-05,BAC_3,BAC,0.8146684092797156,45,13,1.3051601213691555
2026-02-05,BAC_4,BAC,0.789145983905266,40,15,2.724247198084904
2026-02-05,BAC_5,BAC,0.7767084905497644,43,16,2.8513063575923296
2026-02-05,C_1,C,0.7733666864379962,38,16,2.9621791937030135
2026-02-05,C_2,C,0.7487301384396723,39,16,2.9672642853243136
2026-02-05,C_3,C,0.7634592568492359,38,15,2.3377855557735865
2026-02-05,C_4,C,0.7639974409815177,48,17,2.2707295984739035
2026-02-05,C_5,C,0.7495454200315473,37,16,3.6286148575616632
2026-02-05,WFC_1,WFC,0.8113125338019751,43,16,2.257148560753191
2026-02-05,WFC_2,WFC,0.7800537519582981,49,14,1.3647458338675074
2026-02-05,WFC_3,WFC,0.8501630997238092,47,17,0.8165141583131905
2026-02-05,WFC_4,WFC,0.8049213123115704,47,18,2.4761764423408654
2026-02-05,WFC_5,WFC,0.8227873463571777,48,17,2.302036795645603
2026-02-06,JPM_1,JPM,0.9100034555726381,46,17,1.2218972905267558
2026-02-06,JPM_2,JPM,0.8699247897239579,45,19,1.7641371308412754
2026-02-06,JPM_3,JPM,0.8751072989337403,49,18,1.380926870091315
2026-02-06,JPM_4,JPM,0.867549475282306,48,18,1.0840337218888396
2026-02-06,JPM_5,JPM,0.8658130789890582,54,20,0.5
2026-02-06,BAC_1,BAC,0.8350861904452426,42,18,0.9318359979720862
2026-02-06,BAC_2,BAC,0.8110039825332719,44,17,2.239950424535117
2026-02-06,BAC_3,BAC,0.8021911956850888,41,16,1.815136253923017
2026-02-06,BAC_4,BAC,0.7949907434288901,44,16,1.9506609910970671
2026-02-06,BAC_5,BAC,0.803864139399332,41,16,2.756868174454679
2026-02-06,C_1,C,0.8063941837750876,45,17,1.1233912253009735
2026-02-06,C_2,C,0.7978928680788506,49,16,2.7807724567681578
2026-02-06,C_3,C,0.7526794024107331,41,15,1.7027546220862426
2026-02-06,C_4,C,0.754317008502246,42,17,3.199091667688667
2026-02-06,C_5,C,0.6919920264465449,33,13,3.8876996383500035
2026-02-06,WFC_1,WFC,0.8371716661205606,43,14,0.938068507239354
2026-02-06,WFC_2,WFC,0.8288985377230595,43,14,1.1880572278558899
2026-02-06,WFC_3,WFC,0.8264572068617352,43,17,2.036964585739716
2026-02-06,WFC_4,WFC,0.807894793156295,43,18,2.621659655288733
2026-02-06,WFC_5,WFC,0.7803982907499246,49,17,1.4570975590321131
2026-02-09,JPM_1,JPM,0.883208595325654,46,20,0.5
2026-02-09,JPM_2,JPM,0.9156419146682905,57,18,1.086143612660532
2026-02-09,JPM_3,JPM,0.860463655828333,55,18,1.7817071033835268
2026-02-09,JPM_4,JPM,0.8884234084566066,55,19,0.7412325915709652
2026-02-09,JPM_5,JPM,0.8687105436026326,39,17,1.9349652892922085
2026-02-09,BAC_1,BAC,0.7806306316164346,39,15,2.336042629906865
2026-02-09,BAC_2,BAC,0.7724342526641255,41,17,1.454917397416726
2026-02-09,BAC_3,BAC,0.8044451479327794,45,17,2.1993737080842184
2026-02-09,BAC_4,BAC,0.8170255423017154,46,13,1.3043525782589453
2026-02-09,BAC_5,BAC,0.7843698665945605,40,16,3.277475847135265
2026-02-09,C_1,C,0.7663861793494119,44,13,2.6370976383637172
2026-02-09,C_2,C,0.7647928610099348,43,16,3.291326344118223
2026-02-09,C_3,C,0.7528132406652481,42,16,2.9142799424752757
2026-02-09,C_4,C,0.7763325127631976,44,16,1.9839568265462915
2026-02-09,C_5,C,0.7448850940861583,31,16,2.5171282946816986
2026-02-09,WFC_1,WFC,0.8444680910552114,45,18,1.5903621939701846
2026-02-09,WFC_2,WFC,0.828654335703544,40,15,2.568784355253036
2026-02-09,WFC_3,WFC,0.7706714082457676,40,16,2.259047287893115
2026-02-09,WFC_4,WFC,0.8160381022476462,44,17,1.7634645246357707
2026-02-09,WFC_5,WFC,0.8106395481416216,42,15,2.3721653472058852
2026-02-10,JPM_1,JPM,0.9075492336469271,47,18,1.8803271125472167
2026-02-10,JPM_2,JPM,0.8831909752618978,50,17,1.0751568715015396
2026-02-10,JPM_3,JPM,0.8671665411817006,45,18,1.797109445273123
2026-02-10,JPM_4,JPM,0.8389929225649602,52,16,1.8717503814608631
2026-02-10,JPM_5,JPM,0.8976053344336565,49,18,1.5279099077011404
2026-02-10,BAC_1,BAC,0.7994107785101268,47,15,2.2261639458118894
2026-02-10,BAC_2,BAC,0.8044908698058891,45,14,1.7969105608524454
2026-02-10,BAC_3,BAC,0.8009600362264083,44,15,0.8391567314407935
2026-02-10,BAC_4,BAC,0.8185005736681187,48,17,1.3211360878601335
2026-02-10,BAC_5,BAC,0.7831359925361824,35,16,1.2748193332477071
2026-02-10,C_1,C,0.7668180219115485,39,15,2.5814549417102266
2026-02-10,C_2,C,0.764096144600995,42,15,2.988733024235187
2026-02-10,C_3,C,0.7487613979771579,41,16,3.719919271486633
2026-02-10,C_4,C,0.7681374635083746,41,13,2.3616595803306173
2026-02-10,C_5,C,0.718575154209992,35,14,3.3321903941971
2026-02-10,WFC_1,WFC,0.8236500513345651,41,16,2.113664916344405
2026-02-10,WFC_2,WFC,0.8091397786467063,36,17,2.9696952142321402
2026-02-10,WFC_3,WFC,0.8333291364274911,56,16,1.1763262248989839
2026-02-10,WFC_4,WFC,0.7994485817440671,47,15,1.9082093521103527
2026-02-10,WFC_5,WFC,0.8336822366342157,43,16,1.4921222358106592
2026-02-11,JPM_1,JPM,0.8991975714708821,39,20,1.2544426398657633
2026-02-11,JPM_2,JPM,0.8813560726739763,52,17,1.5726220345080255
2026-02-11,JPM_3,JPM,0.8939582371179643,53,19,0.8865151817184296
2026-02-11,JPM_4,JPM,0.877127074346854,46,16,0.7700287840347924
2026-02-11,JPM_5,JPM,0.8775660791004626,45,19,1.0526854660195406
2026-02-11,BAC_1,BAC,0.8363698679306169,48,15,1.6894758025833583
2026-02-11,BAC_2,BAC,0.8040348817580678,40,17,2.701786071075026
2026-02-11,BAC_3,BAC,0.8341526261806821,46,16,2.111520706454437
2026-02-11,BAC_4,BAC,0.7928746987028548,51,15,2.988206336379478
2026-02-11,BAC_5,BAC,0.7561743203208222,43,18,2.9245480406850657
2026-02-11,C_1,C,0.7972801678052926,43,16,2.7718526417551983
2026-02-11,C_2,C,0.8001281855267043,40,16,2.736131124027481
2026-02-11,C_3,C,0.739524586794851,40,17,2.1798745425520525
2026-02-11,C_4,C,0.7626957846505983,43,12,3.5265523473227938
2026-02-11,C_5,C,0.7467488814849853,38,17,2.3908658057493755
2026-02-11,WFC_1,WFC,0.8368415111857191,44,15,2.1468753015245943
2026-02-11,WFC_2,WFC,0.8113125117246399,42,18,2.1244089012103946
2026-02-11,WFC_3,WFC,0.8189983419362182,47,14,1.5878813368692037
2026-02-11,WFC_4,WFC,0.8308513917750608,44,14,1.6568607562718398
2026-02-11,WFC_5,WFC,0.7903106951739717,44,16,2.643800394979922
2026-02-12,JPM_1,JPM,0.9124179868236145,53,18,0.5515294622720401
2026-02-12,JPM_2,JPM,0.898924690206761,51,17,1.2683920698487827
2026-02-12,JPM_3,JPM,0.8750062607317659,41,17,1.123195846428387
2026-02-12,JPM_4,JPM,0.9018783191213596,46,20,0.6653630998683739
2026-02-12,JPM_5,JPM,0.8760910183558349,51,16,1.1097937327711023
2026-02-12,BAC_1,BAC,0.8305785005907065,48,16,1.8265926841369124
2026-02-12,BAC_2,BAC,0.8193344144407595,39,15,1.881196616955942
2026-02-12,BAC_3,BAC,0.7893226916541246,41,17,1.8871741821002612
2026-02-12,BAC_4,BAC,0.7988787752585792,46,16,2.9872672448252606
2026-02-12,BAC_5,BAC,0.8106559180946521,47,17,2.348785885003719
2026-02-12,C_1,C,0.7777091673875676,45,16,1.3506708421910743
2026-02-12,C_2,C,0.7610224559099009,42,16,3.3726824390556125
2026-02-12,C_3,C,0.7193464753042759,42,13,3.0493412307018564
2026-02-12,C_4,C,0.7916752759990114,38,16,1.8126772540498508
2026-02-12,C_5,C,0.7601654595677416,39,17,2.783409632940688
2026-02-12,WFC_1,WFC,0.8518849688430407,44,16,1.7033184182231325
2026-02-12,WFC_2,WFC,0.8315056543398419,46,18,2.0721633161809216
2026-02-12,WFC_3,WFC,0.8061234359441689,47,18,2.7245171801574495
2026-02-12,WFC_4,WFC,0.8565829983295083,49,18,1.5616231764943342
2026-02-12,WFC_5,WFC,0.8056889098450003,50,15,2.8591503963430855
2026-02-13,JPM_1,JPM,0.8780148328142084,47,18,1.7342784715042574
2026-02-13,JPM_2,JPM,0.8679653026949203,44,19,1.1203960960602952
2026-02-13,JPM_3,JPM,0.8738324882906265,40,18,1.115069554309542
2026-02-13,JPM_4,JPM,0.880241110773787,53,18,0.5
2026-02-13,JPM_5,JPM,0.8838634386395049,43,19,0.6793374905855584
2026-02-13,BAC_1,BAC,0.8203455283125833,50,15,3.432026745487986
2026-02-13,BAC_2,BAC,0.7962668459835478,42,14,2.9965430957107477
2026-02-13,BAC_3,BAC,0.7970317943655546,45,15,2.617965508788843
2026-02-13,BAC_4,BAC,0.7845543607291201,39,17,2.414154681950308
2026-02-13,BAC_5,BAC,0.7782637311720983,43,17,2.627771076171409
2026-02-13,C_1,C,0.8024311670689189,43,16,1.7670540301564055
2026-02-13,C_2,C,0.7838861352307109,44,15,2.8711096025294838
2026-02-13,C_3,C,0.7742245856397634,42,15,2.1710103754724512
2026-02-13,C_4,C,0.7067216969177871,34,14,2.987439549045648
2026-02-13,C_5,C,0.7499904909866147,36,17,3.4560086996758446
2026-02-13,WFC_1,WFC,0.8301977301835294,48,16,0.6429052745970105
2026-02-13,WFC_2,WFC,0.82982254717685,44,17,1.730834144984148
2026-02-13,WFC_3,WFC,0.8303790595001367,52,15,3.1501153496530208
2026-02-13,WFC_4,WFC,0.8122075155295949,45,17,1.8382281926998245
2026-02-13,WFC_5,WFC,0.7896610368857095,41,16,1.9870502636514489
2026-02-16,JPM_1,JPM,0.9421022053656396,52,18,0.5
2026-02-16,JPM_2,JPM,0.8630310212136735,54,17,0.9864871879857898
2026-02-16,JPM_3,JPM,0.8865712010403695,46,19,2.6202705487838642
2026-02-16,JPM_4,JPM,0.866365873467011,47,19,2.0846147899844985
2026-02-16,JPM_5,JPM,0.8341982060446091,49,19,2.6411684824776187
2026-02-16,BAC_1,BAC,0.8098226824916821,47,15,2.4694192331002576
2026-02-16,BAC_2,BAC,0.8359287749423265,53,17,1.7233749509026544
2026-02-16,BAC_3,BAC,0.8096014856803684,38,15,2.396353972811668
2026-02-16,BAC_4,BAC,0.7818656287975883,40,16,2.925231366301823
2026-02-16,BAC_5,BAC,0.8105629398522205,41,17,1.7484829851394232
2026-02-16,C_1,C,0.7842873416492765,46,15,2.61066865309686
2026-02-16,C_2,C,0.7575984057336991,38,16,1.697439928459382
2026-02-16,C_3,C,0.7352833183948548,42,15,2.4687635784364326
2026-02-16,C_4,C,0.7572437034249814,39,13,2.5535189639458213
2026-02-16,C_5,C,0.7590559647399785,42,13,2.0282377394052333
2026-02-16,WFC_1,WFC,0.8336715378290711,49,16,1.7742923221386049
2026-02-16,WFC_2,WFC,0.8580511213095702,48,17,1.012502664263705
2026-02-16,WFC_3,WFC,0.8438044008781043,52,14,3.065016584722976
2026-02-16,WFC_4,WFC,0.816501810099088,47,16,1.380645264450219
2026-02-16,WFC_5,WFC,0.7968513220606769,43,16,2.5421915688624415
2026-02-17,JPM_1,JPM,0.895430845555465,54,16,1.170105577478274
2026-02-17,JPM_2,JPM,0.89440316908542,49,19,1.3794555326787576
2026-02-17,JPM_3,JPM,0.8747188646251238,44,16,1.7044749901001528
2026-02-17,JPM_4,JPM,0.8727339331583341,47,16,0.8897421580413083
2026-02-17,JPM_5,JPM,0.8661544983990322,49,15,0.9945683800783809
2026-02-17,BAC_1,BAC,0.8192471047928165,37,16,1.9486700469839964
2026-02-17,BAC_2,BAC,0.7873252468304549,46,14,1.6034515276254329
2026-02-17,BAC_3,BAC,0.8193527426408088,46,16,1.7817422960498246
2026-02-17,BAC_4,BAC,0.7780425509129532,37,15,2.40531204977082
2026-02-17,BAC_5,BAC,0.7664478693935436,43,16,2.7317108151078147
2026-02-17,C_1,C,0.7610781717389216,36,15,2.864626103130987
2026-02-17,C_2,C,0.7846795222767743,44,16,2.6992362220910366
2026-02-17,C_3,C,0.767748035233866,35,14,2.4421344457319845
2026-02-17,C_4,C,0.7539209118519606,35,15,2.7545466763031166
2026-02-17,C_5,C,0.7473044698150375,39,15,2.894563249191169
2026-02-17,WFC_1,WFC,0.8612315206277296,44,17,1.4635486519645629
2026-02-17,WFC_2,WFC,0.838281053014629,46,17,2.637971454701095
2026-02-17,WFC_3,WFC,0.8364274643974077,44,17,2.2727274521255167
2026-02-17,WFC_4,WFC,0.8257494418915459,50,17,1.8630628286234712
2026-02-17,WFC_5,WFC,0.8340785923081557,47,18,1.4108398059052476
2026-02-18,JPM_1,JPM,0.9140982131249327,51,18,1.2503766467948947
2026-02-18,JPM_2,JPM,0.8866000997197921,42,19,1.3406502493901338
2026-02-18,JPM_3,JPM,0.8859494699509523,49,19,0.8826559526392941
2026-02-18,JPM_4,JPM,0.8872075195036754,44,17,1.1306964529443784
2026-02-18,JPM_5,JPM,0.872261584340502,41,19,1.1909251434161734
2026-02-18,BAC_1,BAC,0.795549692613709,43,15,1.2361916505685029
2026-02-18,BAC_2,BAC,0.8101087953298783,37,16,2.317989400319269
2026-02-18,BAC_3,BAC,0.7712099217047234,41,14,2.3652952855405665
2026-02-18,BAC_4,BAC,0.8014842621494048,43,18,2.84947857392225
2026-02-18,BAC_5,BAC,0.7944361602163678,43,17,1.5393205955181268
2026-02-18,C_1,C,0.763717084329197,48,15,2.9549093571422187
2026-02-18,C_2,C,0.7972301625021886,48,15,1.7240877119900047
2026-02-18,C_3,C,0.747303612529206,41,15,2.6712626072283543
2026-02-18,C_4,C,0.7390122363887164,40,14,2.634012244425038
2026-02-18,C_5,C,0.7463538834911989,44,17,2.4055985221106413
2026-02-18,WFC_1,WFC,0.8269431489592857,45,17,1.1684081725401625
2026-02-18,WFC_2,WFC,0.844802240749858,51,19,1.2369961583328737
2026-02-18,WFC_3,WFC,0.8116896254454071,45,15,2.3367742094444908
2026-02-18,WFC_4,WFC,0.8518872931840245,51,18,2.5260100387111533
2026-02-18,WFC_5,WFC,0.8291856243614683,44,17,1.7545008673800657
2026-02-19,JPM_1,JPM,0.9145636454510754,53,18,1.3839643744069177
2026-02-19,JPM_2,JPM,0.891013633636261,54,17,1.9012640843271258
2026-02-19,JPM_3,JPM,0.8810004372342963,42,16,0.5
2026-02-19,JPM_4,JPM,0.8749659210976272,42,17,0.8834341753059123
2026-02-19,JPM_5,JPM,0.8684018278777108,46,17,1.7629410562209882
2026-02-19,BAC_1,BAC,0.8461253261007746,49,17,2.209231915609416
2026-02-19,BAC_2,BAC,0.7586391875520425,46,17,2.422457659299187
2026-02-19,BAC_3,BAC,0.7830279820906642,47,15,3.844367738820143
2026-02-19,BAC_4,BAC,0.7932736360245243,37,16,2.6504056111125314
2026-02-19,BAC_5,BAC,0.7644361740453224,44,16,4.818114347483996
2026-02-19,C_1,C,0.7986361908694497,43,15,2.247901076016086
2026-02-19,C_2,C,0.7833351715261476,49,17,2.4771315650942767
2026-02-19,C_3,C,0.7620416121310679,37,15,1.6306086514388376
2026-02-19,C_4,C,0.7517047175219931,39,14,3.138348744812697
2026-02-19,C_5,C,0.7530482899099828,47,13,3.0020901663313238
2026-02-19,WFC_1,WFC,0.8246173344255862,38,15,1.4731111977343716
2026-02-19,WFC_2,WFC,0.8325684452346062,50,17,3.2742452518885647
2026-02-19,WFC_3,WFC,0.820791306490682,49,16,2.474589486319758
2026-02-19,WFC_4,WFC,0.8390527321668397,41,17,2.2770754348447246
2026-02-19,WFC_5,WFC,0.7976288500577406,51,15,1.8967434826187888
2026-02-20,JPM_1,JPM,0.8820397382529883,42,17,1.279622982985643
2026-02-20,JPM_2,JPM,0.8713747685529004,43,18,0.5
2026-02-20,JPM_3,JPM,0.8613887510040051,42,17,0.5
2026-02-20,JPM_4,JPM,0.8472648851325401,39,17,1.4722588368293916
2026-02-20,JPM_5,JPM,0.8517800380597425,43,18,1.287584221790492
2026-02-20,BAC_1,BAC,0.79966464275123,34,17,2.1996473235233496
2026-02-20,BAC_2,BAC,0.8056697963334443,41,15,1.7107489091455825
2026-02-20,BAC_3,BAC,0.7939092193098212,43,16,2.6669887008371895
2026-02-20,BAC_4,BAC,0.7886788772638035,37,14,1.8802240441660953
2026-02-20,BAC_5,BAC,0.7784795340781279,46,16,2.5915064273573876
2026-02-20,C_1,C,0.7904582265368042,45,18,3.337977630744464
2026-02-20,C_2,C,0.7697581374426444,40,14,2.631187650721055
2026-02-20,C_3,C,0.7785364932908015,46,16,1.900337547149452
2026-02-20,C_4,C,0.7757289205716765,39,15,2.3097045495110367
2026-02-20,C_5,C,0.766444463273091,44,17,2.481317104159768
2026-02-20,WFC_1,WFC,0.8315051643813367,40,15,1.9335162643017154
2026-02-20,WFC_2,WFC,0.8088749913294754,43,15,1.3174765524521335
2026-02-20,WFC_3,WFC,0.8308383969553582,43,17,1.702882134887796
2026-02-20,WFC_4,WFC,0.8143642214280227,43,14,2.837309999236625
2026-02-20,WFC_5,WFC,0.7783956428691373,46,14,1.992712206694684
2026-02-23,JPM_1,JPM,0.8923756024139788,47,17,0.8839648168274898
2026-02-23,JPM_2,JPM,0.8748758932697391,48,15,1.012761700131698
2026-02-23,JPM_3,JPM,0.8845256547424236,57,17,1.980342413950997
2026-02-23,JPM_4,JPM,0.9017744588854681,54,17,1.0040700360968362
2026-02-23,JPM_5,JPM,0.8538271966840324,47,16,1.8589613451322555
2026-02-23,BAC_1,BAC,0.789224684448248,40,17,2.408271348192833
2026-02-23,BAC_2,BAC,0.8378859195452263,35,15,1.6103527938236006
2026-02-23,BAC_3,BAC,0.8022717692706391,42,16,2.0258873974861498
2026-02-23,BAC_4,BAC,0.7900492264880192,52,15,1.164348258519979
2026-02-23,BAC_5,BAC,0.7778297885307924,42,18,2.2056202843813257
2026-02-23,C_1,C,0.7655059844349448,44,15,2.7372132128417257
2026-02-23,C_2,C,0.7674461279104665,41,15,2.4202621094854426
2026-02-23,C_3,C,0.7840884568774084,41,17,2.3320367790355547
2026-02-23,C_4,C,0.7133290309448017,44,14,2.771210024510394
2026-02-23,C_5,C,0.7356245168732252,35,15,2.5709570613569936
2026-02-23,WFC_1,WFC,0.8631463812733269,43,19,2.031960296446769
2026-02-23,WFC_2,WFC,0.8288842650897325,50,19,2.186043479284956
2026-02-23,WFC_3,WFC,0.8243563437743638,48,16,2.4181731854843442
2026-02-23,WFC_4,WFC,0.8018711584682353,42,17,1.2781840904556612
2026-02-23,WFC_5,WFC,0.8115639816756146,42,16,3.57045824857834
2026-02-24,JPM_1,JPM,0.9483526315974357,54,19,0.6170484544738398
2026-02-24,JPM_2,JPM,0.9026413150192532,51,17,1.2080618967192698
2026-02-24,JPM_3,JPM,0.8603914101368975,55,18,1.324201581524181
2026-02-24,JPM_4,JPM,0.8918513576979957,51,16,1.5139237512480572
2026-02-24,JPM_5,JPM,0.8783058044187068,51,20,0.9551027646120109
2026-02-24,BAC_1,BAC,0.8258081676511716,51,17,1.3429328515339263
2026-02-24,BAC_2,BAC,0.8428759328387578,49,15,1.08709525918598
2026-02-24,BAC_3,BAC,0.8033238900186132,40,17,2.071657813725977
2026-02-24,BAC_4,BAC,0.797033144250615,48,17,2.0709689978186385
2026-02-24,BAC_5,BAC,0.8236100549810682,36,15,2.0416710641581313
2026-02-24,C_1,C,0.7733931401112093,46,16,2.167710149801904
2026-02-24,C_2,C,0.7921830187413167,33,17,1.8739561368614435
2026-02-24,C_3,C,0.770717188523127,39,16,2.5148940572823095
2026-02-24,C_4,C,0.7977577247339176,42,15,2.917272994848119
2026-02-24,C_5,C,0.7649539961278952,47,14,2.6802765603159693
2026-02-24,WFC_1,WFC,0.8549200829635559,47,18,1.7493296221055186
2026-02-24,WFC_2,WFC,0.7891826091990211,42,17,2.1587353459454035
2026-02-24,WFC_3,WFC,0.8202736649463364,51,16,1.4598288337025285
2026-02-24,WFC_4,WFC,0.7998791582474113,47,16,2.5408576524920603
2026-02-24,WFC_5,WFC,0.8253280389769128,41,15,1.7551924820011555
2026-02-25,JPM_1,JPM,0.8964282129864009,40,16,0.5
2026-02-25,JPM_2,JPM,0.8944642376522306,48,20,2.0828192413828956
2026-02-25,JPM_3,JPM,0.910819942050889,41,17,0.5319216033194978
2026-02-25,JPM_4,JPM,0.861507700177777,46,17,2.1398361097961667
2026-02-25,JPM_5,JPM,0.8624578191546974,50,15,1.639130935243548
2026-02-25,BAC_1,BAC,0.7941567122508685,42,16,2.5309401005332335
2026-02-25,BAC_2,BAC,0.8282750626740275,46,14,1.0679674369072405
2026-02-25,BAC_3,BAC,0.8211203765508697,43,16,2.2683193457648656
2026-02-25,BAC_4,BAC,0.7820104750201167,42,16,2.4196414320184747
2026-02-25,BAC_5,BAC,0.765612635875814,40,16,2.071688572613505
2026-02-25,C_1,C,0.7497851061156497,41,16,2.113967811475252
2026-02-25,C_2,C,0.7709549258129536,38,15,2.361465952945966
2026-02-25,C_3,C,0.7776715317874744,39,16,1.9167027305813242
2026-02-25,C_4,C,0.7374979648438889,46,16,1.7585269485517465
2026-02-25,C_5,C,0.7900053737191894,35,15,3.2506030782796476
2026-02-25,WFC_1,WFC,0.8293603204047404,48,19,2.665203598835578
2026-02-25,WFC_2,WFC,0.8111312344825915,53,16,1.8748212670623499
2026-02-25,WFC_3,WFC,0.8189487639478744,43,18,2.630328314090981
2026-02-25,WFC_4,WFC,0.820172281574501,44,17,1.3271517671646618
2026-02-25,WFC_5,WFC,0.8299572886967336,46,15,2.6079799299203437
2026-02-26,JPM_1,JPM,0.8800942340508442,50,18,0.646298572195163
2026-02-26,JPM_2,JPM,0.9023787321217869,50,16,1.4985326068868938
2026-02-26,JPM_3,JPM,0.8711918025388591,48,17,1.432735669477545
2026-02-26,JPM_4,JPM,0.8702154036842757,42,17,1.1303672420048438
2026-02-26,JPM_5,JPM,0.8741647397868083,51,18,1.288011769281524
2026-02-26,BAC_1,BAC,0.7968360659404246,44,18,2.19700137095191
2026-02-26,BAC_2,BAC,0.8013556493198571,41,16,1.599482092451523
2026-02-26,BAC_3,BAC,0.8100089725958581,42,17,3.3606712566225303
2026-02-26,BAC_4,BAC,0.8029366987836386,40,18,2.774078457393509
2026-02-26,BAC_5,BAC,0.7669594796049266,40,15,3.084039154426721
2026-02-26,C_1,C,0.7680150429156618,47,16,2.567688961268512
2026-02-26,C_2,C,0.7806599462165429,44,17,2.0151936127767547
2026-02-26,C_3,C,0.736980817811587,38,16,3.499936313248093
2026-02-26,C_4,C,0.7625742214864597,44,16,3.035405607352808
2026-02-26,C_5,C,0.7583460990670748,42,15,2.5772014938668777
2026-02-26,WFC_1,WFC,0.8003442474364695,46,13,2.5985319612822364
2026-02-26,WFC_2,WFC,0.8158370290295697,46,15,2.403448984429519
2026-02-26,WFC_3,WFC,0.8198525552625278,42,19,1.8115392399598005
2026-02-26,WFC_4,WFC,0.8486490980427149,52,19,1.3595530252054366
2026-02-26,WFC_5,WFC,0.8118859421621962,43,16,3.5997790506077916
2026-02-27,JPM_1,JPM,0.922197347425795,58,16,0.5
2026-02-27,JPM_2,JPM,0.8576562080919871,52,18,1.6253837797982633
2026-02-27,JPM_3,JPM,0.8644383716123648,42,19,1.095455040488823
2026-02-27,JPM_4,JPM,0.8889089397710884,46,18,0.7237039975339206
2026-02-27,JPM_5,JPM,0.8666885425481593,55,15,1.9031642665783395
2026-02-27,BAC_1,BAC,0.8153595639612106,47,16,2.0248636297043805
2026-02-27,BAC_2,BAC,0.7780438131826379,43,14,2.3492910729424343
2026-02-27,BAC_3,BAC,0.7705400313743864,40,12,1.717340582509697
2026-02-27,BAC_4,BAC,0.8035606971565566,43,16,2.798192535346322
2026-02-27,BAC_5,BAC,0.8009207728544414,41,18,2.9683914526315167
2026-02-27,C_1,C,0.7983425520391786,44,17,2.118170625012078
2026-02-27,C_2,C,0.7776164102854284,45,17,2.383631802006611
2026-02-27,C_3,C,0.7657766890939721,48,15,2.7593674612413053
2026-02-27,C_4,C,0.7138159316354372,37,16,2.282348792171099
2026-02-27,C_5,C,0.757198555959729,42,15,2.577414011913608
2026-02-27,WFC_1,WFC,0.8142091785256614,44,15,1.821628324953327
2026-02-27,WFC_2,WFC,0.8197927649046247,38,17,2.2085995229532287
2026-02-27,WFC_3,WFC,0.846372013325501,43,17,2.373840986067658
2026-02-27,WFC_4,WFC,0.7974185788828934,40,17,2.799945610575062
2026-02-27,WFC_5,WFC,0.781802687013635,39,14,2.8039527605125585
2026-03-02,JPM_1,JPM,0.9019269621100217,44,16,0.5
2026-03-02,JPM_2,JPM,0.9096586177202137,49,20,0.8163638017012089
2026-03-02,JPM_3,JPM,0.8443429686386623,48,15,2.163055416239308
2026-03-02,JPM_4,JPM,0.8698466660736348,40,18,1.0697928936257532
2026-03-02,JPM_5,JPM,0.8849947504310034,50,17,2.012443039435357
2026-03-02,BAC_1,BAC,0.8245902094021216,43,17,2.012052134524091
2026-03-02,BAC_2,BAC,0.8012404396088285,42,18,3.035363999651855
2026-03-02,BAC_3,BAC,0.7752454295899456,46,15,1.9902015127475912
2026-03-02,BAC_4,BAC,0.7821556621523197,44,16,2.3960243331368045
2026-03-02,BAC_5,BAC,0.801766648224069,44,17,1.5866522605818685
2026-03-02,C_1,C,0.7784904177559728,44,15,1.9984961514794835
2026-03-02,C_2,C,0.7743227934408077,43,16,2.7141408550750548
2026-03-02,C_3,C,0.7831632138832338,43,16,2.334906447474863
2026-03-02,C_4,C,0.7581628686672135,44,15,2.4068815680018774
2026-03-02,C_5,C,0.7624234844960086,32,16,3.2630399664158065
2026-03-02,WFC_1,WFC,0.8271315177373293,49,17,0.8225498271036433
2026-03-02,WFC_2,WFC,0.837054696001649,45,14,1.3633852391655532
2026-03-02,WFC_3,WFC,0.8312353632870216,43,18,1.6742031108829891
2026-03-02,WFC_4,WFC,0.8211086775564373,44,19,1.1393391407891569
2026-03-02,WFC_5,WFC,0.8144215326513997,39,18,2.934044854072943
2026-03-03,JPM_1,JPM,0.8733502697376099,52,16,1.0980180950196452
2026-03-03,JPM_2,JPM,0.8877555575118554,46,19,1.7660848775326798
2026-03-03,JPM_3,JPM,0.8625059795735222,43,18,1.4621941307349648
2026-03-03,JPM_4,JPM,0.8663148525033313,43,17,1.7905025939777632
2026-03-03,JPM_5,JPM,0.880198569727467,45,17,0.5
2026-03-03,BAC_1,BAC,0.7854713741880719,44,14,2.189837581385095
2026-03-03,BAC_2,BAC,0.8450687615591187,51,16,1.2266624900508192
2026-03-03,BAC_3,BAC,0.7967783720024281,45,15,1.9509105202387986
2026-03-03,BAC_4,BAC,0.7735594458287237,43,15,1.7921186561631142
2026-03-03,BAC_5,BAC,0.8133138499283463,41,15,0.5
2026-03-03,C_1,C,0.7812130330868213,38,14,1.2129795069638492
2026-03-03,C_2,C,0.7778318808332245,45,16,2.832002398972398
2026-03-03,C_3,C,0.7571759737191678,45,14,2.980632823662705
2026-03-03,C_4,C,0.7624547283578851,44,15,2.084123272344784
2026-03-03,C_5,C,0.758124461409868,43,15,2.9963608861159505
2026-03-03,WFC_1,WFC,0.8472287108927055,51,16,1.714092448591072
2026-03-03,WFC_2,WFC,0.8150397583546634,43,16,1.5420730781715166
2026-03-03,WFC_3,WFC,0.8425583642395628,34,20,2.2638961276055394
2026-03-03,WFC_4,WFC,0.8312816047357118,47,15,2.161683642176311
2026-03-03,WFC_5,WFC,0.807880639356569,37,17,2.2114080100092037
2026-03-04,JPM_1,JPM,0.8914535686790976,45,20,0.7444167897975407
2026-03-04,JPM_2,JPM,0.9035756947077951,47,17,1.122439382628779
2026-03-04,JPM_3,JPM,0.8710856552566726,47,18,1.5452257125834574
2026-03-04,JPM_4,JPM,0.8625487664378291,47,18,1.6762462776950515
2026-03-04,JPM_5,JPM,0.8303160443296362,47,15,1.1511923880650863
2026-03-04,BAC_1,BAC,0.7993347876538033,43,18,2.547107291941408
2026-03-04,BAC_2,BAC,0.7828844196392568,39,14,2.2199598191345262
2026-03-04,BAC_3,BAC,0.8082318145329306,39,15,2.623717509660805
2026-03-04,BAC_4,BAC,0.8094929518287085,43,18,2.6471341995156066
2026-03-04,BAC_5,BAC,0.7922622703838497,42,15,3.2705415276012424
2026-03-04,C_1,C,0.7675674677800067,46,15,3.0914115880024324
2026-03-04,C_2,C,0.7666560530111446,37,17,2.1083593078270857
2026-03-04,C_3,C,0.7564657831514189,42,15,3.3336161422249413
2026-03-04,C_4,C,0.7467929221309973,30,16,2.4458479249124805
2026-03-04,C_5,C,0.7430093769467441,41,13,2.349612962524578
2026-03-04,WFC_1,WFC,0.7916804397994135,40,15,2.3108416463975074
2026-03-04,WFC_2,WFC,0.8215826572599775,51,15,2.074415446830315
2026-03-04,WFC_3,WFC,0.818964373348344,51,16,3.0878409808350136
2026-03-04,WFC_4,WFC,0.8186883213077746,44,17,1.7882132732719418
2026-03-04,WFC_5,WFC,0.7975415131552092,40,17,1.986853989348505
2026-03-05,JPM_1,JPM,0.8777002785762265,42,17,2.0012007208734146
2026-03-05,JPM_2,JPM,0.8996079631432524,50,18,1.2073935573912264
2026-03-05,JPM_3,JPM,0.8729875070942976,50,18,1.404464871506281
2026-03-05,JPM_4,JPM,0.8888133704162737,51,19,1.4780243081262143
2026-03-05,JPM_5,JPM,0.8629789957941281,41,17,1.665010712233372
2026-03-05,BAC_1,BAC,0.8062721859799705,40,15,2.7455840592233853
2026-03-05,BAC_2,BAC,0.7950678932334693,44,17,2.5803075879259705
2026-03-05,BAC_3,BAC,0.8138483993640403,50,15,3.2003338740397806
2026-03-05,BAC_4,BAC,0.8023634447046137,42,17,1.6220467152584233
2026-03-05,BAC_5,BAC,0.794577617430254,37,16,2.0338128824013215
2026-03-05,C_1,C,0.7833216429955651,39,17,2.9867671186173754
2026-03-05,C_2,C,0.7760536197710522,42,15,3.2679304845131036
2026-03-05,C_3,C,0.7842987264481767,43,13,2.8319706812071512
2026-03-05,C_4,C,0.7428233580171772,44,15,2.2891429969734958
2026-03-05,C_5,C,0.7389714962234791,41,14,2.1733498643167874
2026-03-05,WFC_1,WFC,0.8451441471835534,44,17,1.5174479122312343
2026-03-05,WFC_2,WFC,0.8135124964007215,46,16,2.846862359552828
2026-03-05,WFC_3,WFC,0.7867331081670719,47,15,1.5168363346401537
2026-03-05,WFC_4,WFC,0.8186625442584691,49,17,2.426956513446881
2026-03-05,WFC_5,WFC,0.8304305109801289,42,17,1.45589152582912
2026-03-06,JPM_1,JPM,0.9109904406480861,50,19,0.6986124443202253
2026-03-06,JPM_2,JPM,0.8731703080017525,48,16,1.3976429615338335
2026-03-06,JPM_3,JPM,0.9019932001350143,44,18,0.8960094366435302
2026-03-06,JPM_4,JPM,0.9018873175437406,48,20,0.9331994551731466
2026-03-06,JPM_5,JPM,0.845414720555931,47,17,1.6463572013634036
2026-03-06,BAC_1,BAC,0.807691137935577,38,17,1.6953592210487787
2026-03-06,BAC_2,BAC,0.7695204600399969,38,17,2.617686140621616
2026-03-06,BAC_3,BAC,0.8316957450350523,49,18,1.1660938749463012
2026-03-06,BAC_4,BAC,0.7779978915536782,50,16,1.5193089555421357
2026-03-06,BAC_5,BAC,0.7835022960691087,39,16,2.5820890945109727
2026-03-06,C_1,C,0.7857060254574364,50,15,2.226822688306937
2026-03-06,C_2,C,0.7826060463663437,42,16,2.2467873534849514
2026-03-06,C_3,C,0.7774183910999146,41,14,1.7097100753657628
2026-03-06,C_4,C,0.7842385601151585,43,15,1.595736754479264
2026-03-06,C_5,C,0.732415399704679,41,18,3.3584955877996303
2026-03-06,WFC_1,WFC,0.8185143262266613,37,14,1.2163957245414942
2026-03-06,WFC_2,WFC,0.797155020932158,46,16,1.8436647679727294
2026-03-06,WFC_3,WFC,0.8383832635305954,38,14,1.7202829816451215
2026-03-06,WFC_4,WFC,0.7695365545249303,45,16,3.078113342720754
2026-03-06,WFC_5,WFC,0.7916627441414438,42,17,2.4380103077012207
2026-03-09,JPM_1,JPM,0.8581094202212479,43,20,1.8124533658909696
2026-03-09,JPM_2,JPM,0.8758898199386632,45,15,1.9590778216619327
2026-03-09,JPM_3,JPM,0.862892411978538,44,17,1.2672996283246318
2026-03-09,JPM_4,JPM,0.8870207354335761,43,19,0.8845646201014576
2026-03-09,JPM_5,JPM,0.8411434849942014,45,17,2.976400671186812
2026-03-09,BAC_1,BAC,0.8158253745821197,39,17,2.127000682162609
2026-03-09,BAC_2,BAC,0.7999892459715334,44,15,0.9137202326534626
2026-03-09,BAC_3,BAC,0.8216420747128184,45,17,0.8206378573203892
2026-03-09,BAC_4,BAC,0.829755463835214,44,18,2.058062799994271
2026-03-09,BAC_5,BAC,0.8218671182875368,42,17,1.6187883451727765
2026-03-09,C_1,C,0.779203739249387,48,15,2.2858493332142475
2026-03-09,C_2,C,0.793292733264522,32,17,1.6789720909361145
2026-03-09,C_3,C,0.7658971337034634,44,15,2.6298381977381675
2026-03-09,C_4,C,0.7745310130558294,37,17,3.055510650573512
2026-03-09,C_5,C,0.7695632100409199,44,16,3.192531693899315
2026-03-09,WFC_1,WFC,0.8296980824275041,47,16,0.6602829823122096
2026-03-09,WFC_2,WFC,0.814707200095406,46,16,1.9994414055798913
2026-03-09,WFC_3,WFC,0.7926242729984156,44,15,1.6596891345454075
2026-03-09,WFC_4,WFC,0.7823280224610926,41,16,2.2499555158677094
2026-03-09,WFC_5,WFC,0.7677613954494515,38,15,2.544194383142068
2026-03-10,JPM_1,JPM,0.8852880325045003,49,20,1.180981670034492
2026-03-10,JPM_2,JPM,0.8587711450177792,42,18,1.8440077581139938
2026-03-10,JPM_3,JPM,0.8731253067816118,49,16,2.096156250557049
2026-03-10,JPM_4,JPM,0.8784212693474654,43,17,1.559337388808763
2026-03-10,JPM_5,JPM,0.8669681584196542,52,18,1.1532818770263409
2026-03-10,BAC_1,BAC,0.8170927217899145,38,17,2.16069332634604
2026-03-10,BAC_2,BAC,0.85831958585382,54,16,1.4302671888485057
2026-03-10,BAC_3,BAC,0.7935402768985572,39,16,2.054749505564471
2026-03-10,BAC_4,BAC,0.7844118552843943,47,13,2.141177456691036
2026-03-10,BAC_5,BAC,0.7930870171127726,40,15,1.684304071588013
2026-03-10,C_1,C,0.7799805543712061,42,14,3.1130186843554166
2026-03-10,C_2,C,0.7388151871214346,35,15,2.7895627037940414
2026-03-10,C_3,C,0.7635776139244695,46,15,1.7779544915619723
2026-03-10,C_4,C,0.7682810032458018,50,17,2.1465135621941975
2026-03-10,C_5,C,0.7407316992426343,35,14,3.3555814037775367
2026-03-10,WFC_1,WFC,0.8434569580343811,44,16,1.1628845188910657
2026-03-10,WFC_2,WFC,0.8258202913704443,54,16,1.6111243302465466
2026-03-10,WFC_3,WFC,0.8517334791199097,49,15,2.854560382417337
2026-03-10,WFC_4,WFC,0.818730239342425,42,16,2.7225214531696436
2026-03-10,WFC_5,WFC,0.8121679731166002,42,18,2.3466958661901454
2026-03-11,JPM_1,JPM,0.9030305933482983,53,18,0.5
2026-03-11,JPM_2,JPM,0.8785967939410053,48,15,0.8397104572663049
2026-03-11,JPM_3,JPM,0.8851790594889624,50,18,1.2224692107081783
2026-03-11,JPM_4,JPM,0.8538561721645849,52,17,2.2208250084895056
2026-03-11,JPM_5,JPM,0.89061513123844,40,16,1.7367402506377678
2026-03-11,BAC_1,BAC,0.8236705722603066,42,16,2.1212896152235072
2026-03-11,BAC_2,BAC,0.7960503852371358,44,15,2.3850819174841127
2026-03-11,BAC_3,BAC,0.7710471394605742,41,16,2.1014421867017843
2026-03-11,BAC_4,BAC,0.8125030280817646,47,15,1.4405614442168382
2026-03-11,BAC_5,BAC,0.8381352687916688,52,16,1.1165724911060821
2026-03-11,C_1,C,0.7290174732668786,40,16,2.7424558710193
2026-03-11,C_2,C,0.7953836741157057,46,17,2.38284378080787
2026-03-11,C_3,C,0.7631349914726019,47,15,3.3819131396654356
2026-03-11,C_4,C,0.7495418665667852,37,16,2.9345929630461907
2026-03-11,C_5,C,0.7615250763264676,43,14,2.8114038352576443
2026-03-11,WFC_1,WFC,0.8289922088399583,43,18,1.2670234384126586
2026-03-11,WFC_2,WFC,0.8161899021451202,40,16,1.631291238847683
2026-03-11,WFC_3,WFC,0.7899706936481482,42,14,3.24086572263859
2026-03-11,WFC_4,WFC,0.8171528550955697,45,17,1.1656941356484234
2026-03-11,WFC_5,WFC,0.8112741609827284,45,15,1.264734118192208
2026-03-12,JPM_1,JPM,0.9066545532684144,46,17,0.5514228660603888
2026-03-12,JPM_2,JPM,0.8926704511891241,46,18,1.4215849404614114
2026-03-12,JPM_3,JPM,0.879070296544907,46,18,0.6147264629223318
2026-03-12,JPM_4,JPM,0.8697764090773739,42,17,1.724638820184651
2026-03-12,JPM_5,JPM,0.8507896659640398,46,19,1.1840770977626986
2026-03-12,BAC_1,BAC,0.8447897220056718,43,18,2.2467964749100684
2026-03-12,BAC_2,BAC,0.8029505497951998,46,16,3.0625803919657115
2026-03-12,BAC_3,BAC,0.8002236694639929,49,15,1.7686443420640745
2026-03-12,BAC_4,BAC,0.7845296077167745,41,15,3.5062953294779433
2026-03-12,BAC_5,BAC,0.7928464270165256,44,17,2.1137938856333354
2026-03-12,C_1,C,0.8102039320672448,48,15,1.0095151895154963
2026-03-12,C_2,C,0.7552189585691912,36,14,2.880866490212194
2026-03-12,C_3,C,0.773534237236679,46,14,2.0775540417624097
2026-03-12,C_4,C,0.7161576033843651,43,13,3.1217713437579886
2026-03-12,C_5,C,0.7533919117198191,40,14,2.8502611557119084
2026-03-12,WFC_1,WFC,0.8133221560545535,39,17,1.6739390342027625
2026-03-12,WFC_2,WFC,0.847184437141143,56,16,2.0437613418121217
2026-03-12,WFC_3,WFC,0.8047548494189402,45,18,2.1679549480844926
2026-03-12,WFC_4,WFC,0.8402903718609153,40,17,2.5579592365290194
2026-03-12,WFC_5,WFC,0.7924390857872678,42,15,3.2498713859532895
2026-03-13,JPM_1,JPM,0.9033800774900739,54,18,1.4827017611372753
2026-03-13,JPM_2,JPM,0.8980732877146551,49,18,1.30319895311744
2026-03-13,JPM_3,JPM,0.9043396908480732,49,18,1.429866525293456
2026-03-13,JPM_4,JPM,0.8910792397433771,51,15,1.1163168170362263
2026-03-13,JPM_5,JPM,0.9032316415246905,44,18,0.8186750336394286
2026-03-13,BAC_1,BAC,0.8053616850590595,41,18,2.4096871907132003
2026-03-13,BAC_2,BAC,0.790240086264313,44,13,1.5144500544495694
2026-03-13,BAC_3,BAC,0.7993598607339569,43,17,2.240000645602744
2026-03-13,BAC_4,BAC,0.77931846524062,48,14,4.043722285624768
2026-03-13,BAC_5,BAC,0.7839044871280629,38,15,2.123469730864777
2026-03-13,C_1,C,0.8004082023716451,44,18,2.695155734410177
2026-03-13,C_2,C,0.772724518488167,42,15,3.1454607177056717
2026-03-13,C_3,C,0.7543701261177952,39,15,2.408097070498674
2026-03-13,C_4,C,0.7229187636038619,37,13,1.4600299654415771
2026-03-13,C_5,C,0.7318580145336755,41,15,3.9658017283571523
2026-03-13,WFC_1,WFC,0.8584256394868656,44,17,2.403078869138816
2026-03-13,WFC_2,WFC,0.8409672098402331,43,19,1.8711845961021485
2026-03-13,WFC_3,WFC,0.8204237800520815,40,17,1.756230826487627
2026-03-13,WFC_4,WFC,0.8269218331979844,43,16,1.2271255584902825
2026-03-13,WFC_5,WFC,0.8085723515682081,43,18,2.797660725838763
2026-03-16,JPM_1,JPM,0.8770193883347622,41,17,1.1036734195378384
2026-03-16,JPM_2,JPM,0.8923274747761734,47,17,1.9156136575838447
2026-03-16,JPM_3,JPM,0.8857290301669669,49,18,1.5328425320523857
2026-03-16,JPM_4,JPM,0.9005184732558924,50,19,0.6276469630133357
2026-03-16,JPM_5,JPM,0.8782322008568212,45,19,0.6853706963701746
2026-03-16,BAC_1,BAC,0.810059369093877,33,15,2.4226734326643964
2026-03-16,BAC_2,BAC,0.8260161563864235,46,17,1.395614236097542
2026-03-16,BAC_3,BAC,0.8039912451885122,43,16,1.76605215916189
2026-03-16,BAC_4,BAC,0.7807403965780002,43,16,2.742464633742256
2026-03-16,BAC_5,BAC,0.7951609001596877,49,15,2.4327360533422246
2026-03-16,C_1,C,0.7684726266667744,42,15,2.5931029059360458
2026-03-16,C_2,C,0.7599260834962193,37,15,2.654591120509281
2026-03-16,C_3,C,0.762568513337361,44,13,2.675900809451208
2026-03-16,C_4,C,0.7690432870996573,42,14,1.7628372109161754
2026-03-16,C_5,C,0.716948595140048,41,14,3.339337204517196
2026-03-16,WFC_1,WFC,0.81322035931919,51,17,2.626359696388744
2026-03-16,WFC_2,WFC,0.8039853730360123,47,16,2.1317503227466066
2026-03-16,WFC_3,WFC,0.8189124105779247,53,17,1.1945064322132106
2026-03-16,WFC_4,WFC,0.7988726499195924,43,17,1.9735396535054348
2026-03-16,WFC_5,WFC,0.8021797367227459,45,18,1.7735185292773912
2026-03-17,JPM_1,JPM,0.8682070214839004,47,18,1.6324514983518335
2026-03-17,JPM_2,JPM,0.8584038308771387,43,19,1.8400838378917332
2026-03-17,JPM_3,JPM,0.9202625773358523,52,18,0.5
2026-03-17,JPM_4,JPM,0.8773094984913591,52,17,2.071023772751598
2026-03-17,JPM_5,JPM,0.8785598449530061,50,18,1.1084345642198843
2026-03-17,BAC_1,BAC,0.7933372429025142,47,16,3.368567352307898
2026-03-17,BAC_2,BAC,0.8102883343543253,48,17,1.8949514842391366
2026-03-17,BAC_3,BAC,0.8325368935738425,45,18,3.1123030247609056
2026-03-17,BAC_4,BAC,0.7832507876673419,42,17,1.6911197582656743
2026-03-17,BAC_5,BAC,0.7982601252157934,44,16,2.660224184882448
2026-03-17,C_1,C,0.7608547349860785,45,16,3.089370617584363
2026-03-17,C_2,C,0.736368048160212,38,16,2.983890907182291
2026-03-17,C_3,C,0.7547939935564802,35,15,3.433615850841829
2026-03-17,C_4,C,0.7444072701926038,42,16,3.3536502120460328
2026-03-17,C_5,C,0.7194327225012696,38,15,3.1403933244925177
2026-03-17,WFC_1,WFC,0.8238332467220282,46,18,2.1769691375006843
2026-03-17,WFC_2,WFC,0.8073827032777043,51,15,1.9786633003275604
2026-03-17,WFC_3,WFC,0.8135737298156986,49,17,2.0638563817218225
2026-03-17,WFC_4,WFC,0.8091287004003418,35,18,2.0299073128402894
2026-03-17,WFC_5,WFC,0.8100012884609172,44,16,2.1467220782854124
2026-03-18,JPM_1,JPM,0.9099415869305439,48,17,0.5
2026-03-18,JPM_2,JPM,0.8989102086346985,53,19,0.9989131218433756
2026-03-18,JPM_3,JPM,0.8653186846581503,44,19,1.7487062894529484
2026-03-18,JPM_4,JPM,0.8791483757746346,56,15,0.5
2026-03-18,JPM_5,JPM,0.8694802013242687,53,14,0.6592314382030325
2026-03-18,BAC_1,BAC,0.8100435629348444,47,16,3.114576225002345
2026-03-18,BAC_2,BAC,0.8097740525190726,49,18,3.0257397043041685
2026-03-18,BAC_3,BAC,0.8091514613653219,47,14,1.1357247586737003
2026-03-18,BAC_4,BAC,0.8016457185250982,47,16,3.4933951896035387
2026-03-18,BAC_5,BAC,0.7885596644931144,41,14,2.255479873994396
2026-03-18,C_1,C,0.7669033778076736,45,13,1.5991561730700015
2026-03-18,C_2,C,0.7796075907848551,42,15,2.210226538726962
2026-03-18,C_3,C,0.7837829242771033,50,16,1.2180202955467583
2026-03-18,C_4,C,0.7498180215367869,43,17,2.610479059712252
2026-03-18,C_5,C,0.7724645548494766,42,17,2.588604832577167
2026-03-18,WFC_1,WFC,0.8174817785050412,50,18,2.0986171552146478
2026-03-18,WFC_2,WFC,0.8013628568727661,51,16,1.643676989232627
2026-03-18,WFC_3,WFC,0.8200835301237481,41,15,1.757983476271719
2026-03-18,WFC_4,WFC,0.7923650386132638,43,18,2.3915532706663356
2026-03-18,WFC_5,WFC,0.822240487603439,42,16,1.8901554588763185
2026-03-19,JPM_1,JPM,0.8984102330713359,45,18,0.6587605103512257
2026-03-19,JPM_2,JPM,0.8907661022413956,46,17,1.3299111382359357
2026-03-19,JPM_3,JPM,0.8713415418618526,40,16,1.5582189086576874
2026-03-19,JPM_4,JPM,0.859783242853272,48,19,0.6888432532609754
2026-03-19,JPM_5,JPM,0.8810873754392425,54,17,1.7456286958560088
2026-03-19,BAC_1,BAC,0.8060350348852193,46,16,2.3455452328283513
2026-03-19,BAC_2,BAC,0.7913869986978652,45,14,2.176607813261796
2026-03-19,BAC_3,BAC,0.8165829390414286,44,16,2.654086813082142
2026-03-19,BAC_4,BAC,0.8167935041035437,47,16,1.8837984639630465
2026-03-19,BAC_5,BAC,0.7897109635307256,44,17,3.0078944448549314
2026-03-19,C_1,C,0.7382489077080668,40,17,2.4834015614448552
2026-03-19,C_2,C,0.7301759351066448,36,15,2.8493610292035445
2026-03-19,C_3,C,0.7693918034950833,42,15,2.2893363203625388
2026-03-19,C_4,C,0.7376794370851499,37,14,2.7254061942393606
2026-03-19,C_5,C,0.7499453840768331,40,15,2.2564640663655684
2026-03-19,WFC_1,WFC,0.821835089189692,43,16,1.7581347265329486
2026-03-19,WFC_2,WFC,0.8172988494567704,45,18,1.5657488737383594
2026-03-19,WFC_3,WFC,0.8283922260288895,44,18,2.0479299640896844
2026-03-19,WFC_4,WFC,0.8111715046326001,53,15,1.630051065591609
2026-03-19,WFC_5,WFC,0.8049793337047535,43,15,2.322087663843428
2026-03-20,JPM_1,JPM,0.8964286534413646,50,18,0.802887780149498
2026-03-20,JPM_2,JPM,0.8957058386191362,43,18,0.5898177120377853
2026-03-20,JPM_3,JPM,0.8551606671457067,41,18,2.339028425725269
2026-03-20,JPM_4,JPM,0.8665232131339399,49,18,1.4615842764077571
2026-03-20,JPM_5,JPM,0.872790016445922,45,17,0.7960685891353972
2026-03-20,BAC_1,BAC,0.7960557641626338,43,16,2.29171232358945
2026-03-20,BAC_2,BAC,0.8197141439751333,44,17,3.020078904268569
2026-03-20,BAC_3,BAC,0.7923051438985849,44,16,2.008918838739772
2026-03-20,BAC_4,BAC,0.7933292260258419,45,16,1.4290474967735163
2026-03-20,BAC_5,BAC,0.787998052113215,49,16,0.9831123671263808
2026-03-20,C_1,C,0.7650280096732947,46,17,3.4967941446753694
2026-03-20,C_2,C,0.7719795096577436,38,14,2.6887377867956492
2026-03-20,C_3,C,0.7776006060089232,48,18,1.85287489521331
2026-03-20,C_4,C,0.7486117960720012,39,13,2.244095803453909
2026-03-20,C_5,C,0.7373198692646388,41,16,3.188379550403986
2026-03-20,WFC_1,WFC,0.8229437557102367,50,15,1.8075187014440472
2026-03-20,WFC_2,WFC,0.8426500348032603,50,17,1.8378374244463476
2026-03-20,WFC_3,WFC,0.8285495611213975,44,16,1.981199078885228
2026-03-20,WFC_4,WFC,0.8162899378594767,44,16,1.812500667035869
2026-03-20,WFC_5,WFC,0.8002434995796023,45,16,1.8146225176357476
2026-03-23,JPM_1,JPM,0.9091191342534564,48,19,1.4654201615420854
2026-03-23,JPM_2,JPM,0.8893441122822153,50,20,0.996121488264575
2026-03-23,JPM_3,JPM,0.8468342193663525,50,16,1.923798532718017
2026-03-23,JPM_4,JPM,0.8595485800649845,50,16,1.5235111397377845
2026-03-23,JPM_5,JPM,0.8752689845415755,45,16,1.2075429203919434
2026-03-23,BAC_1,BAC,0.7982781563580065,38,16,1.934680796786944
2026-03-23,BAC_2,BAC,0.7636222219884857,46,16,2.9271106242561737
2026-03-23,BAC_3,BAC,0.7895376811367497,46,16,2.9472495506590737
2026-03-23,BAC_4,BAC,0.7873621625365615,44,17,2.558374407171369
2026-03-23,BAC_5,BAC,0.7895437382281719,46,19,2.1348927815484786
2026-03-23,C_1,C,0.7767267508197195,49,14,2.960683231486624
2026-03-23,C_2,C,0.7603317511723873,38,15,2.3344652965625117
2026-03-23,C_3,C,0.7686414061347467,46,13,2.5661626847455894
2026-03-23,C_4,C,0.7484471637805452,43,15,2.4871616351481305
2026-03-23,C_5,C,0.731848445265977,35,12,2.1702356608898747
2026-03-23,WFC_1,WFC,0.8137555217527208,41,16,1.6230371711488396
2026-03-23,WFC_2,WFC,0.8245419673378741,46,16,1.2293053665901128
2026-03-23,WFC_3,WFC,0.8231370952758278,42,17,2.7392217831162204
2026-03-23,WFC_4,WFC,0.7975757084067617,43,17,2.913377308326941
2026-03-23,WFC_5,WFC,0.8415555966519107,50,17,0.7207048540446692
2026-03-24,JPM_1,JPM,0.8943493238403363,48,18,1.1397654082393096
2026-03-24,JPM_2,JPM,0.8977004587399036,47,19,2.027274411185383
2026-03-24,JPM_3,JPM,0.9262286213273996,51,19,0.5
2026-03-24,JPM_4,JPM,0.8722897932366669,52,15,2.017026398555549
2026-03-24,JPM_5,JPM,0.8691758595889526,46,16,1.8317243660354428
2026-03-24,BAC_1,BAC,0.8066423538507447,44,17,2.253460110580373
2026-03-24,BAC_2,BAC,0.8013590762014303,46,16,2.010714201060553
2026-03-24,BAC_3,BAC,0.7940749055018639,45,13,2.7877234929658643
2026-03-24,BAC_4,BAC,0.7889519679073205,46,15,2.303572026988728
2026-03-24,BAC_5,BAC,0.8012082143235607,43,17,1.5181800265890621
2026-03-24,C_1,C,0.7452903011035692,43,15,3.170940923426061
2026-03-24,C_2,C,0.7573192262027311,45,16,3.407760784355192
2026-03-24,C_3,C,0.776411712664362,41,16,2.367452596499859
2026-03-24,C_4,C,0.72727653361361,47,15,3.2631946333870063
2026-03-24,C_5,C,0.7567571853968321,34,13,3.30762065625404
2026-03-24,WFC_1,WFC,0.8432386709331924,51,17,1.5296982046248917
2026-03-24,WFC_2,WFC,0.81305597148582,33,17,2.2398000323679548
2026-03-24,WFC_3,WFC,0.8125881709103611,55,15,2.0496962983693896
2026-03-24,WFC_4,WFC,0.8242145701569982,40,18,1.9668353619137473
2026-03-24,WFC_5,WFC,0.7818209016017419,45,16,2.3950799261840032
2026-03-25,JPM_1,JPM,0.8998066009073512,45,19,2.0381084370878764
2026-03-25,JPM_2,JPM,0.8997343414417562,55,19,1.8943615100748326
2026-03-25,JPM_3,JPM,0.8754108805248237,42,15,0.6940616736178135
2026-03-25,JPM_4,JPM,0.8989126186734404,52,19,1.5829391405093443
2026-03-25,JPM_5,JPM,0.8612493468762974,49,19,1.367596885143274
2026-03-25,BAC_1,BAC,0.8342029574148117,50,17,1.4577069979215018
2026-03-25,BAC_2,BAC,0.8079385018557314,45,17,1.1560832796381455
2026-03-25,BAC_3,BAC,0.7672238054628341,44,16,2.256800234214243
2026-03-25,BAC_4,BAC,0.8289460122521578,45,17,2.9546100049374835
2026-03-25,BAC_5,BAC,0.786032666482799,56,13,3.2335057270798377
2026-03-25,C_1,C,0.7975655607608195,35,16,2.0241953471545124
2026-03-25,C_2,C,0.736482604346276,42,15,3.7913373097228855
2026-03-25,C_3,C,0.7445414376806961,36,15,3.6133305903982484
2026-03-25,C_4,C,0.7311557055719816,39,15,3.8565739035509847
2026-03-25,C_5,C,0.7606741105336476,41,12,2.795349228173869
2026-03-25,WFC_1,WFC,0.8450236923211134,44,18,0.7148369832699762
2026-03-25,WFC_2,WFC,0.8228627519318035,44,18,2.507116058226692
2026-03-25,WFC_3,WFC,0.8072768155823631,44,16,2.9715281700919687
2026-03-25,WFC_4,WFC,0.827783434029095,51,16,0.8501044904225612
2026-03-25,WFC_5,WFC,0.8077914440614987,46,15,2.0598747871588996
2026-03-26,JPM_1,JPM,0.9100854072550827,50,20,1.1356837064971805
2026-03-26,JPM_2,JPM,0.9057719227001101,50,19,1.4956442137391026
2026-03-26,JPM_3,JPM,0.8795258139606522,54,19,1.7946538382894532
2026-03-26,JPM_4,JPM,0.8603103782894441,39,16,1.78378949422374
2026-03-26,JPM_5,JPM,0.8580543991554396,50,17,1.4341925006452525
2026-03-26,BAC_1,BAC,0.783499238657181,48,16,2.6555385185469667
2026-03-26,BAC_2,BAC,0.821951821423104,43,17,1.5779811430205892
2026-03-26,BAC_3,BAC,0.8126391840188041,45,16,2.2041967623087046
2026-03-26,BAC_4,BAC,0.8074418861173878,42,17,2.092527576480843
2026-03-26,BAC_5,BAC,0.7692345079092218,47,16,2.2906411852397115
2026-03-26,C_1,C,0.7444897972369756,38,16,3.195566777313985
2026-03-26,C_2,C,0.7602359511540595,47,15,3.0348683356166983
2026-03-26,C_3,C,0.7286208479409891,34,14,3.391252543733968
2026-03-26,C_4,C,0.7589109807764289,43,14,3.382572664088167
2026-03-26,C_5,C,0.6935630962984206,41,16,3.350084035107157
2026-03-26,WFC_1,WFC,0.8327159966745981,48,18,1.563689288987443
2026-03-26,WFC_2,WFC,0.8045094640415982,44,16,2.6492661896423355
2026-03-26,WFC_3,WFC,0.7886288330626247,44,17,2.0869665504523667
2026-03-26,WFC_4,WFC,0.8297490577179384,47,15,0.8649473473852021
2026-03-26,WFC_5,WFC,0.7943047207838533,37,18,3.6482801316300635
2026-03-27,JPM_1,JPM,0.891500715069121,56,20,1.4380594261916442
2026-03-27,JPM_2,JPM,0.9180180784558354,43,19,1.241371575874121
2026-03-27,JPM_3,JPM,0.8821067654412887,45,19,1.8881425178306555
2026-03-27,JPM_4,JPM,0.894028633363391,44,17,1.3920945641707978
2026-03-27,JPM_5,JPM,0.8722691241717765,57,17,1.5139678217435344
2026-03-27,BAC_1,BAC,0.8341873169182568,46,19,1.7480695228925485
2026-03-27,BAC_2,BAC,0.8183721832414566,41,17,2.4715274054503795
2026-03-27,BAC_3,BAC,0.7901575665909351,41,15,2.317991618787762
2026-03-27,BAC_4,BAC,0.8105564678660668,51,17,2.1016195016705312
2026-03-27,BAC_5,BAC,0.8037118015385449,36,16,2.8094420023236553
2026-03-27,C_1,C,0.8177044259820964,49,16,1.2029239485325462
2026-03-27,C_2,C,0.7658811163887783,41,16,3.3397534614039195
2026-03-27,C_3,C,0.740369004663662,30,15,3.299856746090979
2026-03-27,C_4,C,0.6983325156767064,40,13,2.9284315948128206
2026-03-27,C_5,C,0.7582714594044133,40,17,2.4472537453208663
2026-03-27,WFC_1,WFC,0.830019793221406,46,17,2.0247916390905796
2026-03-27,WFC_2,WFC,0.8259603699228387,47,15,1.3089059209945417
2026-03-27,WFC_3,WFC,0.8138273590387294,42,16,1.1623361851841718
2026-03-27,WFC_4,WFC,0.8039838725332313,40,16,2.4133378377973935
2026-03-27,WFC_5,WFC,0.8110794514499547,48,15,2.4926863917609876
2026-03-30,JPM_1,JPM,0.8694405092472827,44,17,0.9777729781308515
2026-03-30,JPM_2,JPM,0.9077724416283149,49,19,0.5
2026-03-30,JPM_3,JPM,0.8858339094052525,40,18,1.3447777271468426
2026-03-30,JPM_4,JPM,0.8529519790040444,40,18,0.9361182215642007
2026-03-30,JPM_5,JPM,0.9062114891299001,53,16,0.5
2026-03-30,BAC_1,BAC,0.8263347625461229,50,17,1.8727121884089186
2026-03-30,BAC_2,BAC,0.813949008371141,42,15,1.8576328928822534
2026-03-30,BAC_3,BAC,0.8084082877191862,47,15,0.7854934759479895
2026-03-30,BAC_4,BAC,0.8190488123126771,38,16,2.340207762868218
2026-03-30,BAC_5,BAC,0.7471038655807745,38,16,4.1513864486732235
2026-03-30,C_1,C,0.782270955468842,51,15,3.135329669448278
2026-03-30,C_2,C,0.7383957604788517,40,13,4.057745845017969
2026-03-30,C_3,C,0.7708721813676316,45,17,2.9110104864341775
2026-03-30,C_4,C,0.7533281655210131,45,17,2.5461055983527223
2026-03-30,C_5,C,0.7505529304329516,37,16,2.3494271431080342
2026-03-30,WFC_1,WFC,0.8218067963768421,38,17,1.4722566737316372
2026-03-30,WFC_2,WFC,0.8132092783609695,40,15,2.2437877137098963
2026-03-30,WFC_3,WFC,0.8294011897365905,46,18,1.3069508081920327
2026-03-30,WFC_4,WFC,0.8047641090192562,46,14,2.8119833103678866
2026-03-30,WFC_5,WFC,0.8502916738606862,46,17,1.4629410330960093
2026-03-31,JPM_1,JPM,0.8999615995111361,51,18,1.7940375428568234
2026-03-31,JPM_2,JPM,0.8889603526003648,46,19,0.8967743102288435
2026-03-31,JPM_3,JPM,0.8814841697260272,53,17,1.8380410992479526
2026-03-31,JPM_4,JPM,0.8837613280053129,46,18,1.4380687155281107
2026-03-31,JPM_5,JPM,0.8611725761286202,50,18,1.802993237474446
2026-03-31,BAC_1,BAC,0.8208776930591725,45,16,2.255576202331922
2026-03-31,BAC_2,BAC,0.8145852063493533,45,16,1.3208586378054994
2026-03-31,BAC_3,BAC,0.7653665011344667,44,15,1.6428492423181393
2026-03-31,BAC_4,BAC,0.795548422241831,45,14,1.5552741699228432
2026-03-31,BAC_5,BAC,0.8052906225478227,46,17,2.974830263448106
2026-03-31,C_1,C,0.7788458889990182,41,15,2.2235756633551547
2026-03-31,C_2,C,0.7857979049313745,39,17,2.4434345847413215
2026-03-31,C_3,C,0.7390063329776051,48,15,2.4929798323855827
2026-03-31,C_4,C,0.7785462781163511,42,16,2.509144161621496
2026-03-31,C_5,C,0.7707710807696926,40,15,2.247142685009564
2026-03-31,WFC_1,WFC,0.800430695751558,40,17,2.9261942245478405
2026-03-31,WFC_2,WFC,0.8408344929350979,47,16,1.5589395388725567
2026-03-31,WFC_3,WFC,0.8382342946752447,52,17,0.902422885291967
2026-03-31,WFC_4,WFC,0.8228904169303136,51,18,1.7602025214657988
2026-03-31,WFC_5,WFC,0.7927892635903484,44,17,1.6493193675575313
2026-04-01,JPM_1,JPM,0.896797591560841,49,18,0.9607800715724741
2026-04-01,JPM_2,JPM,0.8588855563300188,54,18,1.8135937967670168
2026-04-01,JPM_3,JPM,0.9072843751443436,50,18,0.8442753294503477
2026-04-01,JPM_4,JPM,0.8639347648801707,44,18,0.7423004882867946
2026-04-01,JPM_5,JPM,0.8729232871148969,47,19,1.0838350534442915
2026-04-01,BAC_1,BAC,0.7917215396707485,47,14,2.7630735782000078
2026-04-01,BAC_2,BAC,0.7943372433387517,35,16,3.2066331295350476
2026-04-01,BAC_3,BAC,0.7961338852034868,37,16,2.028991272806633
2026-04-01,BAC_4,BAC,0.8042420983160617,44,16,2.86245640153204
2026-04-01,BAC_5,BAC,0.7975989245541368,40,15,2.235161066552125
2026-04-01,C_1,C,0.7693366192664362,43,15,2.125266856074304
2026-04-01,C_2,C,0.778161202505056,42,16,2.1535160175361727
2026-04-01,C_3,C,0.8048156482480238,47,17,1.302687500248582
2026-04-01,C_4,C,0.7479266012099391,37,13,2.743879263982162
2026-04-01,C_5,C,0.7370103773328263,33,13,2.6721714228024522
2026-04-01,WFC_1,WFC,0.8207791643042366,47,17,2.1967499738913334
2026-04-01,WFC_2,WFC,0.8352490007414405,40,16,1.329521639997066
2026-04-01,WFC_3,WFC,0.8257209047779696,49,16,2.113885086913735
2026-04-01,WFC_4,WFC,0.8177672261373153,43,16,1.8908751758848312
2026-04-01,WFC_5,WFC,0.7885612236340975,49,12,2.994422363324717
2026-04-02,JPM_1,JPM,0.9098696476545721,47,19,1.1837261444955534
2026-04-02,JPM_2,JPM,0.8761882299141736,52,18,2.883263410460792
2026-04-02,JPM_3,JPM,0.8786368487725372,51,18,0.569516109489359
2026-04-02,JPM_4,JPM,0.8985880302502048,37,16,1.3103413445036496
2026-04-02,JPM_5,JPM,0.8899427017022399,48,17,0.7211881016682773
2026-04-02,BAC_1,BAC,0.7812594892638762,41,14,2.8438748749440337
2026-04-02,BAC_2,BAC,0.7863006181912799,46,18,1.8264904870519372
2026-04-02,BAC_3,BAC,0.7934637724580764,39,15,1.4541964827492722
2026-04-02,BAC_4,BAC,0.7589963723762324,41,14,3.809657260564765
2026-04-02,BAC_5,BAC,0.7868707859978967,42,15,2.5346896073644936
2026-04-02,C_1,C,0.7560681635112236,43,15,2.4936457426240444
2026-04-02,C_2,C,0.7772125525598946,38,18,2.812300883007233
2026-04-02,C_3,C,0.754891639139446,38,14,1.921446236322669
2026-04-02,C_4,C,0.7638092487295655,45,13,3.184331292899778
2026-04-02,C_5,C,0.733854335334078,43,14,4.413731123362118
2026-04-02,WFC_1,WFC,0.8199433742452755,52,16,1.2835221681773619
2026-04-02,WFC_2,WFC,0.8145553979092915,46,17,2.6521220787992887
2026-04-02,WFC_3,WFC,0.8000036387637204,43,17,2.6434638306299227
2026-04-02,WFC_4,WFC,0.8189149533819393,45,18,1.212312618719472
2026-04-02,WFC_5,WFC,0.7846619120628655,42,18,1.9118777000762561
2026-04-03,JPM_1,JPM,0.9007100223147552,52,19,0.5
2026-04-03,JPM_2,JPM,0.8943668942378188,53,18,2.381399843416
2026-04-03,JPM_3,JPM,0.8659990637780358,49,19,1.595096241021615
2026-04-03,JPM_4,JPM,0.8668679964466647,49,18,1.7395598508549424
2026-04-03,JPM_5,JPM,0.8688217651200458,50,16,1.7773618212272764
2026-04-03,BAC_1,BAC,0.8057773108449224,44,15,2.5486972585873175
2026-04-03,BAC_2,BAC,0.7771736167688219,40,15,2.7204299947263766
2026-04-03,BAC_3,BAC,0.7551960641287437,42,17,2.5415103595086426
2026-04-03,BAC_4,BAC,0.7947566180706336,38,15,2.002357051471523
2026-04-03,BAC_5,BAC,0.7804519928325945,49,17,1.690140253682391
2026-04-03,C_1,C,0.7994864998581765,51,15,1.8982069759710147
2026-04-03,C_2,C,0.7976150426678141,45,15,2.0248883516563048
2026-04-03,C_3,C,0.7750846691008179,39,18,2.337199401475778
2026-04-03,C_4,C,0.741727227994052,38,16,2.8069725840216666
2026-04-03,C_5,C,0.7272426593821334,43,15,4.594453898735342
2026-04-03,WFC_1,WFC,0.8382329524362938,47,17,2.1599557135022094
2026-04-03,WFC_2,WFC,0.7868958198488148,38,16,1.940344174742206
2026-04-03,WFC_3,WFC,0.849278366440632,52,18,2.082674755392247
2026-04-03,WFC_4,WFC,0.807134103794654,42,15,2.2473299748708837
2026-04-03,WFC_5,WFC,0.7910782447088223,42,14,2.496547152354572
2026-04-06,JPM_1,JPM,0.8777811424155534,51,17,2.2300894432011535
2026-04-06,JPM_2,JPM,0.8844217733193829,50,18,0.5
2026-04-06,JPM_3,JPM,0.8840522586097486,46,19,1.5988521708683665
2026-04-06,JPM_4,JPM,0.8854861462645968,48,20,2.580525406007438
2026-04-06,JPM_5,JPM,0.8933532101218701,58,19,1.678250285070431
2026-04-06,BAC_1,BAC,0.8075141369615231,39,16,1.3741614367387673
2026-04-06,BAC_2,BAC,0.823332962300736,47,15,2.828759535588082
2026-04-06,BAC_3,BAC,0.8021197971103526,43,14,2.2424723784417053
2026-04-06,BAC_4,BAC,0.8138630157915078,41,16,1.9054596855696986
2026-04-06,BAC_5,BAC,0.7650870467065358,45,16,2.6409164158739276
2026-04-06,C_1,C,0.7874875762768216,48,14,2.4285829057867994
2026-04-06,C_2,C,0.7513500288705526,40,15,2.146003086737279
2026-04-06,C_3,C,0.7781373662662275,42,16,3.1240138274362392
2026-04-06,C_4,C,0.7679052441363184,40,16,3.015439769552704
2026-04-06,C_5,C,0.7728334155847654,39,17,2.071892541201005
2026-04-06,WFC_1,WFC,0.7935432584606132,46,16,1.4274031568987593
2026-04-06,WFC_2,WFC,0.8480369995571115,45,17,1.583008931882549
2026-04-06,WFC_3,WFC,0.7923880514843833,51,12,2.8519855629094684
2026-04-06,WFC_4,WFC,0.8156830546256549,46,17,2.3943561885919236
2026-04-06,WFC_5,WFC,0.7907448471305201,41,14,2.706227961205853
2026-04-07,JPM_1,JPM,0.868180838108502,57,16,1.7247318338428688
2026-04-07,JPM_2,JPM,0.9112430822860843,48,16,0.8281109461761739
2026-04-07,JPM_3,JPM,0.8702733337658259,49,17,0.8423053457391946
2026-04-07,JPM_4,JPM,0.8900669163522111,46,18,0.5348489817992179
2026-04-07,JPM_5,JPM,0.8886966164186869,50,18,1.5307632029148106
2026-04-07,BAC_1,BAC,0.8136178362563996,48,16,2.7002271887076352
2026-04-07,BAC_2,BAC,0.8274569120422027,52,17,2.8517293638017405
2026-04-07,BAC_3,BAC,0.7785225717293911,41,16,2.096124548062244
2026-04-07,BAC_4,BAC,0.7749912435781371,39,17,3.182807837227209
2026-04-07,BAC_5,BAC,0.7875915560136063,46,14,1.6628264790309846
2026-04-07,C_1,C,0.8025361279783753,41,17,2.56424263305886
2026-04-07,C_2,C,0.778565540935921,37,14,2.315345695878099
2026-04-07,C_3,C,0.77631968994078,37,14,2.623277907526454
2026-04-07,C_4,C,0.7582093034386809,37,14,3.0014426386638915
2026-04-07,C_5,C,0.7571901769204011,32,15,2.8777945531358062
2026-04-07,WFC_1,WFC,0.7910125489753641,44,15,2.64968511354477
2026-04-07,WFC_2,WFC,0.8295145112457784,39,18,2.4415812045319014
2026-04-07,WFC_3,WFC,0.8083083272538075,44,15,1.3686572896057754
2026-04-07,WFC_4,WFC,0.8002937546787882,38,14,1.3469941599135786
2026-04-07,WFC_5,WFC,0.823940476824948,40,17,1.4328743644502304
2026-04-08,JPM_1,JPM,0.9094861207036214,43,17,0.5503571737564574
2026-04-08,JPM_2,JPM,0.8906515623405079,52,16,0.9174765313016118
2026-04-08,JPM_3,JPM,0.8621797444930148,49,16,2.429477061638596
2026-04-08,JPM_4,JPM,0.8730371713652137,48,18,1.0520330317504438
2026-04-08,JPM_5,JPM,0.8370307703896459,47,17,1.846282967775042
2026-04-08,BAC_1,BAC,0.8192410100611593,42,18,2.7394929518997717
2026-04-08,BAC_2,BAC,0.7939607257647506,45,17,2.8124793075390997
2026-04-08,BAC_3,BAC,0.817589316291136,45,16,2.0035432307143735
2026-04-08,BAC_4,BAC,0.7724875509263189,40,13,2.752612603080056
2026-04-08,BAC_5,BAC,0.7845976428219683,48,14,2.422197101889196
2026-04-08,C_1,C,0.7663288420586476,36,14,2.5727969257848944
2026-04-08,C_2,C,0.7580506040970376,45,16,2.4410920924753126
2026-04-08,C_3,C,0.767727829244194,45,16,3.3037003450190756
2026-04-08,C_4,C,0.7289070748251318,42,13,1.5201692200377772
2026-04-08,C_5,C,0.7551865457336219,40,15,2.89618460369878
2026-04-08,WFC_1,WFC,0.8063319065162349,41,14,2.078760284726351
2026-04-08,WFC_2,WFC,0.8112569006297665,45,16,2.1820040490662396
2026-04-08,WFC_3,WFC,0.8372298914198201,48,14,2.1147063542038773
2026-04-08,WFC_4,WFC,0.8128887058941138,42,16,2.4094039928877016
2026-04-08,WFC_5,WFC,0.81091182150956,41,17,1.4096407385020813
2026-04-09,JPM_1,JPM,0.8941628717738854,45,20,0.5
2026-04-09,JPM_2,JPM,0.8715870140524269,43,19,0.625313889616968
2026-04-09,JPM_3,JPM,0.9086286608896109,43,17,0.7954050255635235
2026-04-09,JPM_4,JPM,0.8587050979661244,45,16,0.5
2026-04-09,JPM_5,JPM,0.8924065785162768,43,17,1.416650898163725
2026-04-09,BAC_1,BAC,0.797270131849025,44,16,2.311283431285735
2026-04-09,BAC_2,BAC,0.8138849165351578,41,16,1.2170799368561938
2026-04-09,BAC_3,BAC,0.770230297631759,43,17,2.675039399526745
2026-04-09,BAC_4,BAC,0.7966905415820605,41,17,2.2734229537685806
2026-04-09,BAC_5,BAC,0.7868748589207496,47,15,1.8703233860020316
2026-04-09,C_1,C,0.7744832792434175,42,16,2.5351835751334635
2026-04-09,C_2,C,0.7756431019114935,50,17,2.3078529975748596
2026-04-09,C_3,C,0.7668416580711941,46,14,3.7999505252931085
2026-04-09,C_4,C,0.7702810094518743,39,15,2.029562677492783
2026-04-09,C_5,C,0.725606814207265,41,14,3.641440165253119
2026-04-09,WFC_1,WFC,0.8462616130806919,48,18,0.9127089405823574
2026-04-09,WFC_2,WFC,0.8288528681187918,47,15,1.382029477078028
2026-04-09,WFC_3,WFC,0.8263342608213234,38,18,2.126385376072768
2026-04-09,WFC_4,WFC,0.8100047743334161,47,19,1.719066441568036
2026-04-09,WFC_5,WFC,0.8007782904187639,42,17,2.8835778422146356
2026-04-10,JPM_1,JPM,0.8911686704920284,51,18,0.8400887070632541
2026-04-10,JPM_2,JPM,0.8911606793749958,56,19,0.6198365028185445
2026-04-10,JPM_3,JPM,0.854509974240113,39,16,1.0623203231181826
2026-04-10,JPM_4,JPM,0.8790608328143841,51,16,1.2243526069138597
2026-04-10,JPM_5,JPM,0.8646028621422778,49,18,1.9562696116565919
2026-04-10,BAC_1,BAC,0.8131739129566942,54,16,2.660820231375312
2026-04-10,BAC_2,BAC,0.8159091985397455,39,13,2.415645780724743
2026-04-10,BAC_3,BAC,0.791414985016946,44,14,1.156603247282122
2026-04-10,BAC_4,BAC,0.7845000320462038,36,15,1.0135374962909838
2026-04-10,BAC_5,BAC,0.7849610360967342,43,14,2.987426510990541
2026-04-10,C_1,C,0.8008919795294,44,15,1.8651559012750787
2026-04-10,C_2,C,0.7661379259084464,46,16,2.7750224829716377
2026-04-10,C_3,C,0.7365316497347278,39,18,2.926633372676239
2026-04-10,C_4,C,0.7374009649547056,41,14,1.9158772121882701
2026-04-10,C_5,C,0.7747447168577289,37,15,1.9193186632573571
2026-04-10,WFC_1,WFC,0.826351073039223,45,18,2.0307878780145576
2026-04-10,WFC_2,WFC,0.8468292056904587,44,16,2.564528268889509
2026-04-10,WFC_3,WFC,0.8201847042371178,45,16,0.7202592278720552
2026-04-10,WFC_4,WFC,0.8225589799758521,44,15,1.6431072881369402
2026-04-10,WFC_5,WFC,0.8219491152799822,41,17,1.1838884717130425
2026-04-13,JPM_1,JPM,0.8813634968966835,44,19,2.18630634480021
2026-04-13,JPM_2,JPM,0.9127971003970632,51,16,1.3251853977513273
2026-04-13,JPM_3,JPM,0.8398007848242125,48,18,0.5037484960424772
2026-04-13,JPM_4,JPM,0.8944273650533093,48,17,0.5
2026-04-13,JPM_5,JPM,0.8603031229378979,49,16,1.7489493688537738
2026-04-13,BAC_1,BAC,0.8233798844424269,39,19,2.8001609985012723
2026-04-13,BAC_2,BAC,0.826253204193191,46,15,0.5699545179307759
2026-04-13,BAC_3,BAC,0.7694699467256131,40,16,1.900313537255562
2026-04-13,BAC_4,BAC,0.8295029164818511,49,17,1.7917139561822137
2026-04-13,BAC_5,BAC,0.7983655883857778,36,16,1.9296737915652682
2026-04-13,C_1,C,0.7687203177844498,39,15,2.4208584279173038
2026-04-13,C_2,C,0.7923174583195375,44,15,1.426485033735886
2026-04-13,C_3,C,0.7481867505518179,33,15,2.9204215695955846
2026-04-13,C_4,C,0.7671102038595317,42,16,3.2487757488487814
2026-04-13,C_5,C,0.7532668876409663,46,16,1.906728491915064
2026-04-13,WFC_1,WFC,0.8116017439215143,47,15,2.2191470158447464
2026-04-13,WFC_2,WFC,0.8451824727209335,41,17,0.5
2026-04-13,WFC_3,WFC,0.8636912782344208,52,17,1.9370589126031104
2026-04-13,WFC_4,WFC,0.8122251929855498,42,17,2.3052738521933023
2026-04-13,WFC_5,WFC,0.7927604591832244,43,15,1.6293742532438853
2026-04-14,JPM_1,JPM,0.8744414244161218,46,17,0.8310699245701275
2026-04-14,JPM_2,JPM,0.9022183683597694,55,19,1.5849528736345222
2026-04-14,JPM_3,JPM,0.8635442039179179,52,20,2.7389310219255503
2026-04-14,JPM_4,JPM,0.8865290443052087,50,19,1.0213040284198462
2026-04-14,JPM_5,JPM,0.8661975986928215,43,17,1.4879811056120498
2026-04-14,BAC_1,BAC,0.8190689295594069,40,17,1.6678955809715381
2026-04-14,BAC_2,BAC,0.7932087542453297,39,15,2.11099245229918
2026-04-14,BAC_3,BAC,0.8244914189525894,47,17,2.4291850655128258
2026-04-14,BAC_4,BAC,0.7637884764675542,44,15,2.630688604183035
2026-04-14,BAC_5,BAC,0.7828144267720605,42,15,2.056856877588028
2026-04-14,C_1,C,0.7700018311946304,45,16,2.59609453989509
2026-04-14,C_2,C,0.7637783836933084,41,16,1.4392468536327325
2026-04-14,C_3,C,0.759538704591091,43,15,1.6844042472020875
2026-04-14,C_4,C,0.7378647515901734,35,16,3.4213506173751407
2026-04-14,C_5,C,0.766525936067718,42,15,3.8158905167788904
2026-04-14,WFC_1,WFC,0.8336535958276717,44,17,2.184607490081608
2026-04-14,WFC_2,WFC,0.8135317365775494,41,16,2.5350837783309004
2026-04-14,WFC_3,WFC,0.8512044839137313,45,19,0.5840235813583747
2026-04-14,WFC_4,WFC,0.7987462908257756,44,19,1.3640812724097164
2026-04-14,WFC_5,WFC,0.803527249018923,45,16,2.8372205338702723
2026-04-15,JPM_1,JPM,0.909516309775126,48,19,1.5064896857651555
2026-04-15,JPM_2,JPM,0.8639143354825907,44,16,0.9578679348551306
2026-04-15,JPM_3,JPM,0.8599123980616815,47,16,1.6880724743397655
2026-04-15,JPM_4,JPM,0.8517462667268196,41,17,2.2940118132722223
2026-04-15,JPM_5,JPM,0.8768291378894042,53,17,1.2439109633580083
2026-04-15,BAC_1,BAC,0.8401838655807481,36,17,1.786054503997832
2026-04-15,BAC_2,BAC,0.7893369192740909,43,16,2.60263226543501
2026-04-15,BAC_3,BAC,0.8249887845351004,35,16,2.0329476751779625
2026-04-15,BAC_4,BAC,0.8069801955683308,37,18,2.768297298337171
2026-04-15,BAC_5,BAC,0.7928103481570985,41,15,1.7903734683159853
2026-04-15,C_1,C,0.7670267817628065,46,16,2.036756717276699
2026-04-15,C_2,C,0.7820235658499449,39,15,2.3909358859650176
2026-04-15,C_3,C,0.7380923107986821,44,15,2.9006531549999046
2026-04-15,C_4,C,0.7449565082261014,39,14,2.303113919767327
2026-04-15,C_5,C,0.7106620590247406,34,14,3.9655033699436233
2026-04-15,WFC_1,WFC,0.8465395638991249,52,16,1.3583463802427
2026-04-15,WFC_2,WFC,0.8269580541050218,46,18,1.19152557104775
2026-04-15,WFC_3,WFC,0.8401125739457395,48,19,1.7830706666746916
2026-04-15,WFC_4,WFC,0.7852775819250333,46,15,2.281228025270617
2026-04-15,WFC_5,WFC,0.8134804870869783,52,15,1.636056140035385
2026-04-16,JPM_1,JPM,0.8823706403051793,48,18,1.5278835407896274
2026-04-16,JPM_2,JPM,0.8978798192401511,47,17,0.5
2026-04-16,JPM_3,JPM,0.8703322429476565,50,16,1.77126215477237
2026-04-16,JPM_4,JPM,0.8983790059155067,47,16,1.9098517020080106
2026-04-16,JPM_5,JPM,0.8704281982503389,52,16,2.1451765782513337
2026-04-16,BAC_1,BAC,0.8086614461504361,34,15,2.9289257941757465
2026-04-16,BAC_2,BAC,0.7888344806177352,41,15,2.7638884920020033
2026-04-16,BAC_3,BAC,0.8117432465092689,49,16,1.4951569465813073
2026-04-16,BAC_4,BAC,0.7920440154598372,49,15,3.037026661928679
2026-04-16,BAC_5,BAC,0.7752741279847416,50,13,2.556946308832143
2026-04-16,C_1,C,0.7828887076423707,37,14,1.8239800729621218
2026-04-16,C_2,C,0.7722998789901022,42,15,1.8506652953099183
2026-04-16,C_3,C,0.7481061957722306,42,15,2.3671662641279916
2026-04-16,C_4,C,0.753897978003098,31,17,3.446851455248052
2026-04-16,C_5,C,0.7293858177634769,36,14,3.5345461932528095
2026-04-16,WFC_1,WFC,0.8517929130196363,40,17,1.4733091659431952
2026-04-16,WFC_2,WFC,0.8114382239554245,39,19,2.642803342239255
2026-04-16,WFC_3,WFC,0.8218878456897863,38,17,1.4796931431225466
2026-04-16,WFC_4,WFC,0.8152997180289397,40,15,0.5581551941105654
2026-04-16,WFC_5,WFC,0.7966853506777788,46,18,3.0987651013431146
2026-04-17,JPM_1,JPM,0.8591209257731341,55,18,1.8687991000132413
2026-04-17,JPM_2,JPM,0.8807367486564207,50,17,1.1351370292433896
2026-04-17,JPM_3,JPM,0.8334426148517059,42,16,0.8680463416299004
2026-04-17,JPM_4,JPM,0.9119916141719238,55,19,0.890325712124523
2026-04-17,JPM_5,JPM,0.8787774536046479,51,17,1.1192304609455188
2026-04-17,BAC_1,BAC,0.8185202287109447,39,15,4.150909619449143
2026-04-17,BAC_2,BAC,0.8105256466067453,46,16,2.20423365538119
2026-04-17,BAC_3,BAC,0.803738457296209,46,18,1.7804531781263315
2026-04-17,BAC_4,BAC,0.7558418934156337,43,14,3.329034747393339
2026-04-17,BAC_5,BAC,0.7790511125754828,40,17,3.2577742239879224
2026-04-17,C_1,C,0.7573824275737358,44,16,3.1872935972988072
2026-04-17,C_2,C,0.743255712176933,44,17,2.7763859964381807
2026-04-17,C_3,C,0.7483827968781449,38,14,3.2130431956928893
2026-04-17,C_4,C,0.7589218172753661,42,15,3.3069349068095293
2026-04-17,C_5,C,0.7379791092442649,45,15,2.972709213342653
2026-04-17,WFC_1,WFC,0.8360486459889304,41,15,1.0222742093756727
2026-04-17,WFC_2,WFC,0.8068923198421085,41,14,1.137605848117976
2026-04-17,WFC_3,WFC,0.8619101397580431,37,17,1.3969269389999457
2026-04-17,WFC_4,WFC,0.802872753170867,39,17,1.1548739370602832
2026-04-17,WFC_5,WFC,0.7927624269450667,45,17,2.4367555535120675
2026-04-20,JPM_1,JPM,0.8775112473011558,51,15,1.3916684572808045
2026-04-20,JPM_2,JPM,0.8472286350341043,45,16,1.0919757405323758
2026-04-20,JPM_3,JPM,0.9072504506061534,40,19,1.2408115173341425
2026-04-20,JPM_4,JPM,0.8831929206245749,52,16,1.1984564973598348
2026-04-20,JPM_5,JPM,0.8850503193779612,47,17,1.51410358605281
2026-04-20,BAC_1,BAC,0.7973830701298984,41,15,3.192087311047296
2026-04-20,BAC_2,BAC,0.8144514977753826,41,15,1.900931603220506
2026-04-20,BAC_3,BAC,0.7930756304917246,46,15,2.515337272132446
2026-04-20,BAC_4,BAC,0.8090491717624649,42,18,1.6879746204910187
2026-04-20,BAC_5,BAC,0.7642685712924994,39,15,1.759426334043479
2026-04-20,C_1,C,0.7789465657428307,40,16,1.7744902799383149
2026-04-20,C_2,C,0.7493320760834025,41,15,3.1786727490352047
2026-04-20,C_3,C,0.7677901429717056,44,17,2.5294379185077602
2026-04-20,C_4,C,0.7255808701537796,40,16,2.6715563190143756
2026-04-20,C_5,C,0.7645849567195311,44,15,2.058407393178938
2026-04-20,WFC_1,WFC,0.8029707929064368,42,15,2.362053222544052
2026-04-20,WFC_2,WFC,0.823449318820348,42,15,1.446055812700643
2026-04-20,WFC_3,WFC,0.8233664670344725,48,16,2.447704407993405
2026-04-20,WFC_4,WFC,0.8302969902439529,44,17,2.5418476725333337
2026-04-20,WFC_5,WFC,0.7904314820720514,47,16,3.199853588277773
2026-04-21,JPM_1,JPM,0.8818119161308177,56,17,1.2929202403151792
2026-04-21,JPM_2,JPM,0.8749777964379669,56,16,1.6616233342128806
2026-04-21,JPM_3,JPM,0.8663586121765483,44,19,1.825685100364617
2026-04-21,JPM_4,JPM,0.8763718977830263,49,18,1.2433068045736444
2026-04-21,JPM_5,JPM,0.8860370691398763,47,17,1.6977436726071546
2026-04-21,BAC_1,BAC,0.8271314887328828,45,16,2.3613821568783266
2026-04-21,BAC_2,BAC,0.8300144084990926,41,18,1.5679969114460324
2026-04-21,BAC_3,BAC,0.7840740963413212,33,16,2.4093775070073176
2026-04-21,BAC_4,BAC,0.792870704211205,42,17,2.0972843639211947
2026-04-21,BAC_5,BAC,0.74337629170068,41,14,2.4889365402627366
2026-04-21,C_1,C,0.7724942039883477,37,16,3.6565127973382845
2026-04-21,C_2,C,0.775362518667901,43,16,2.592972439772849
2026-04-21,C_3,C,0.7430467834629505,42,16,2.387330706491701
2026-04-21,C_4,C,0.7858152078262832,43,17,1.9443092879263646
2026-04-21,C_5,C,0.7759105592994701,35,14,2.661734989298866
2026-04-21,WFC_1,WFC,0.8377038172186402,41,16,1.8750935368246193
2026-04-21,WFC_2,WFC,0.8701919020957951,48,16,0.7827838932872561
2026-04-21,WFC_3,WFC,0.8176015875847598,42,16,2.0331953989296894
2026-04-21,WFC_4,WFC,0.800120886355517,46,17,2.213225172327837
2026-04-21,WFC_5,WFC,0.7988939581770289,50,16,2.3527144057007505
2026-04-22,JPM_1,JPM,0.9033177051022117,53,18,1.3899425726658676
2026-04-22,JPM_2,JPM,0.8922922854576006,45,18,0.5
2026-04-22,JPM_3,JPM,0.8922323919557417,53,19,1.1028306912762744
2026-04-22,JPM_4,JPM,0.8904457625860612,49,17,1.0666708146099317
2026-04-22,JPM_5,JPM,0.8411708283509097,42,16,0.5
2026-04-22,BAC_1,BAC,0.7856755507884272,45,18,2.9399672592418566
2026-04-22,BAC_2,BAC,0.8240351036678295,44,17,0.5517924689748426
2026-04-22,BAC_3,BAC,0.7800514024799547,44,15,2.012120076410593
2026-04-22,BAC_4,BAC,0.8093452688985306,44,15,1.3245434112545804
2026-04-22,BAC_5,BAC,0.7587911921195898,39,14,2.8263881278282015
2026-04-22,C_1,C,0.7751048358457744,38,16,2.952666889709126
2026-04-22,C_2,C,0.7538565311657216,39,13,2.624247259136866
2026-04-22,C_3,C,0.7504117520688416,42,13,2.1293656880079697
2026-04-22,C_4,C,0.7793456636964201,44,14,2.100330741814796
2026-04-22,C_5,C,0.7416398442910758,46,15,2.404782931563529
2026-04-22,WFC_1,WFC,0.8251511355424171,49,18,1.2022984627023754
2026-04-22,WFC_2,WFC,0.8591240738930284,40,15,2.042758116166226
2026-04-22,WFC_3,WFC,0.8085376107012651,44,15,2.290066186633135
2026-04-22,WFC_4,WFC,0.7931008648396719,46,16,1.6107308865087604
2026-04-22,WFC_5,WFC,0.8107079867190881,49,15,2.681994876803512
2026-04-23,JPM_1,JPM,0.9138313215470564,42,17,0.5
2026-04-23,JPM_2,JPM,0.8932843967496376,51,18,1.9928125711234093
2026-04-23,JPM_3,JPM,0.8699529147669656,49,15,1.3780474933085263
2026-04-23,JPM_4,JPM,0.8480429598836308,48,16,1.4069566368638606
2026-04-23,JPM_5,JPM,0.8500292969856652,46,17,1.8031996287096212
2026-04-23,BAC_1,BAC,0.8223439677542037,48,17,2.64397468615251
2026-04-23,BAC_2,BAC,0.8154828282804593,39,17,1.5555226597879646
2026-04-23,BAC_3,BAC,0.7796874064066218,44,14,1.7651829934020857
2026-04-23,BAC_4,BAC,0.7400087329555388,41,14,2.618582129083529
2026-04-23,BAC_5,BAC,0.7776281824404464,38,16,2.7486831205742264
2026-04-23,C_1,C,0.7470040528006552,42,16,4.0310748301672366
2026-04-23,C_2,C,0.7854283755890339,42,15,2.3110740584031073
2026-04-23,C_3,C,0.7520023847368736,39,14,2.975641984376723
2026-04-23,C_4,C,0.7730947925898828,45,16,3.467422638892377
2026-04-23,C_5,C,0.7553583557889458,44,13,3.237439723041712
2026-04-23,WFC_1,WFC,0.8344284578713637,39,19,1.3769448876762875
2026-04-23,WFC_2,WFC,0.8360250014554669,40,16,2.3126507121207465
2026-04-23,WFC_3,WFC,0.8054759902647106,47,17,1.8363806965148244
2026-04-23,WFC_4,WFC,0.7926121799155169,36,16,2.581787555768586
2026-04-23,WFC_5,WFC,0.7744682777918657,38,13,2.128315318443417
2026-04-24,JPM_1,JPM,0.8644377188411307,42,18,1.8209063469093925
2026-04-24,JPM_2,JPM,0.8829615219557001,52,17,0.8629371176709609
2026-04-24,JPM_3,JPM,0.9076635933094868,46,18,0.5
2026-04-24,JPM_4,JPM,0.8671126604500689,57,17,1.1897254054066073
2026-04-24,JPM_5,JPM,0.8464570177806535,40,17,3.1459217437596205
2026-04-24,BAC_1,BAC,0.7939757005060641,42,15,2.27554533932491
2026-04-24,BAC_2,BAC,0.8242498884142136,41,17,2.0727060306361738
2026-04-24,BAC_3,BAC,0.7893760683109312,43,17,3.0400571577663658
2026-04-24,BAC_4,BAC,0.798894406722941,43,16,2.251555659033692
2026-04-24,BAC_5,BAC,0.8127547299267436,44,18,1.8371462069850146
2026-04-24,C_1,C,0.747391738499122,40,15,2.7699994020247374
2026-04-24,C_2,C,0.7876071222612216,45,16,2.363994557017443
2026-04-24,C_3,C,0.7609898374098598,41,15,2.72635086719665
2026-04-24,C_4,C,0.7677578200534976,44,16,3.174617399884143
2026-04-24,C_5,C,0.7332553186469893,41,18,2.2938264180873427
2026-04-24,WFC_1,WFC,0.7965126882494964,41,16,2.2080147017717286
2026-04-24,WFC_2,WFC,0.8477026763692943,42,15,1.846407574950856
2026-04-24,WFC_3,WFC,0.836565444413099,44,16,2.1621385551941934
2026-04-24,WFC_4,WFC,0.8046510121880485,51,15,1.6452701578842035
2026-04-24,WFC_5,WFC,0.8165531534377927,43,18,2.3271074661697386
2026-04-27,JPM_1,JPM,0.8990538082541558,58,17,1.3985230576210455
2026-04-27,JPM_2,JPM,0.8825400247172607,48,17,0.7948064515041617
2026-04-27,JPM_3,JPM,0.8858031471811654,49,16,0.5
2026-04-27,JPM_4,JPM,0.8469958215772317,50,17,1.1385258514018033
2026-04-27,JPM_5,JPM,0.8457117741103636,43,16,1.820909358567188
2026-04-27,BAC_1,BAC,0.8181124276096341,47,16,1.625009949170542
2026-04-27,BAC_2,BAC,0.8142218530727958,47,16,1.4816693271918577
2026-04-27,BAC_3,BAC,0.7849584067243519,42,13,1.8090528408350253
2026-04-27,BAC_4,BAC,0.7718731950991268,44,15,3.024469294555809
2026-04-27,BAC_5,BAC,0.7576817941341645,45,15,2.1836449831963813
2026-04-27,C_1,C,0.812497484982926,48,15,2.9844158344742593
2026-04-27,C_2,C,0.7382599497767338,37,13,2.312942337156234
2026-04-27,C_3,C,0.759639718819049,39,17,2.101088299529163
2026-04-27,C_4,C,0.7477535734067267,38,15,3.175490925674375
2026-04-27,C_5,C,0.7593081090960975,47,16,2.1566780771185385
2026-04-27,WFC_1,WFC,0.8437008069654532,57,16,2.4951889678457144
2026-04-27,WFC_2,WFC,0.8282943371737662,38,18,1.5145664865244481
2026-04-27,WFC_3,WFC,0.813335232458274,43,15,2.0220180057897936
2026-04-27,WFC_4,WFC,0.7928136398507584,34,15,3.663610005566696
2026-04-27,WFC_5,WFC,0.8213018590740905,40,19,2.755003693873138
2026-04-28,JPM_1,JPM,0.9099037041109559,49,17,1.2868676299868056
2026-04-28,JPM_2,JPM,0.8761462948731663,51,17,1.2589531301094365
2026-04-28,JPM_3,JPM,0.8811244573337544,54,19,1.7384145095735037
2026-04-28,JPM_4,JPM,0.849125448071056,43,17,1.298182291718291
2026-04-28,JPM_5,JPM,0.8979445367245888,40,18,0.7440213338999313
2026-04-28,BAC_1,BAC,0.8124644140197603,51,18,1.6505426631951854
2026-04-28,BAC_2,BAC,0.8077199498844655,41,17,2.2761385825763165
2026-04-28,BAC_3,BAC,0.7911017931170873,45,18,2.537776538356369
2026-04-28,BAC_4,BAC,0.8103262865512969,42,16,1.7313398014549761
2026-04-28,BAC_5,BAC,0.7873465305045576,42,16,2.339005314902026
2026-04-28,C_1,C,0.7732919255014672,40,17,3.0806294266734895
2026-04-28,C_2,C,0.8113848940202812,44,16,2.2813481330754457
2026-04-28,C_3,C,0.7659088818061438,45,14,1.5639635641426821
2026-04-28,C_4,C,0.7539752245569651,46,14,3.186178407409389
2026-04-28,C_5,C,0.7376802490845695,46,17,3.8427420926165743
2026-04-28,WFC_1,WFC,0.8000718687236447,38,15,3.102575049645649
2026-04-28,WFC_2,WFC,0.8367306727864532,42,17,2.251235864877518
2026-04-28,WFC_3,WFC,0.8021671672534811,36,15,1.9354857612673342
2026-04-28,WFC_4,WFC,0.8150353427749697,42,17,2.7615854058196136
2026-04-28,WFC_5,WFC,0.7607662458635699,47,17,3.1489083327913363
2026-04-29,JPM_1,JPM,0.9011419653054159,43,18,1.2230179085598962
2026-04-29,JPM_2,JPM,0.8583533529187681,50,17,0.8119574225649367
2026-04-29,JPM_3,JPM,0.8654020181208644,50,16,1.986270028099392
2026-04-29,JPM_4,JPM,0.8667914672475111,38,18,0.5
2026-04-29,JPM_5,JPM,0.8684127406298291,53,16,1.8599722214200647
2026-04-29,BAC_1,BAC,0.7924174852883111,41,16,1.9492530545972586
2026-04-29,BAC_2,BAC,0.7919847414502103,38,15,2.965982095112998
2026-04-29,BAC_3,BAC,0.811009010647788,37,16,1.691398497814072
2026-04-29,BAC_4,BAC,0.7572284394176547,45,13,2.176050385823455
2026-04-29,BAC_5,BAC,0.7793973965262353,45,18,1.9626848977838858
2026-04-29,C_1,C,0.7863096295359623,44,17,3.245754492863604
2026-04-29,C_2,C,0.7685562763991084,46,16,2.297563139661094
2026-04-29,C_3,C,0.7715357097720454,35,14,2.7476969285814197
2026-04-29,C_4,C,0.7850771535891584,38,14,1.763236323237518
2026-04-29,C_5,C,0.7567451784438286,41,15,2.6810623985667283
2026-04-29,WFC_1,WFC,0.8347576170101965,50,18,1.1805479105042176
2026-04-29,WFC_2,WFC,0.8233781163333548,48,14,1.6172331646147673
2026-04-29,WFC_3,WFC,0.8411014173218273,47,18,1.3163544828166125
2026-04-29,WFC_4,WFC,0.7914903420609499,45,15,2.1818224966916198
2026-04-29,WFC_5,WFC,0.7930649447559961,40,15,2.3219279241561868
2026-04-30,JPM_1,JPM,0.888231835509549,53,16,1.3456659900026404
2026-04-30,JPM_2,JPM,0.8824205018270189,47,17,1.5882910976107836
2026-04-30,JPM_3,JPM,0.8529455209096418,44,15,1.568519247766135
2026-04-30,JPM_4,JPM,0.8495137948486142,40,15,1.4982091148177736
2026-04-30,JPM_5,JPM,0.8759146427864444,46,17,1.5249227953794782
2026-04-30,BAC_1,BAC,0.8203694483442763,45,16,2.0351345507164473
2026-04-30,BAC_2,BAC,0.8098736687536969,44,17,1.1536143721773828
2026-04-30,BAC_3,BAC,0.8090216018410906,48,18,2.655976566763
2026-04-30,BAC_4,BAC,0.8023076278989328,45,15,2.0309768761765103
2026-04-30,BAC_5,BAC,0.8232281365672819,49,18,1.1992684295158815
2026-04-30,C_1,C,0.7578684595923106,41,16,2.85850845099997
2026-04-30,C_2,C,0.7908639122662947,37,17,2.9445784798620305
2026-04-30,C_3,C,0.7497266672361952,37,16,1.3183862733955514
2026-04-30,C_4,C,0.7329240059309079,42,14,2.3515959943270737
2026-04-30,C_5,C,0.7150800223758405,45,14,3.7275855084599603
2026-04-30,WFC_1,WFC,0.8325540839440511,47,15,1.0072059692666238
2026-04-30,WFC_2,WFC,0.8165477329819114,31,15,2.2772860263137997
2026-04-30,WFC_3,WFC,0.8238919008492547,57,16,1.3931106252877035
2026-04-30,WFC_4,WFC,0.8297451796663617,47,18,3.0971894280142696
2026-04-30,WFC_5,WFC,0.7810506378914399,40,14,0.6707740747068509
2026-05-01,JPM_1,JPM,0.8922874559808255,55,19,2.4323491884971538
2026-05-01,JPM_2,JPM,0.899941628865361,49,16,0.9066671861782956
2026-05-01,JPM_3,JPM,0.8986769304826198,52,20,1.2060171045678671
2026-05-01,JPM_4,JPM,0.858149644705405,43,16,1.7571843523724626
2026-05-01,JPM_5,JPM,0.8742052505903481,50,18,1.3310605030674607
2026-05-01,BAC_1,BAC,0.7788719170660264,55,18,3.1882238305250854
2026-05-01,BAC_2,BAC,0.794701896539768,40,16,2.2829707049898795
2026-05-01,BAC_3,BAC,0.8214111106802727,49,17,2.6944296741086426
2026-05-01,BAC_4,BAC,0.8261086450270112,52,15,2.084463104538797
2026-05-01,BAC_5,BAC,0.7522884179625545,36,13,2.3768043425774623
2026-05-01,C_1,C,0.7681836673413021,45,16,2.7540256993990715
2026-05-01,C_2,C,0.7790297227782172,45,15,2.391185214735267
2026-05-01,C_3,C,0.7866733356578617,44,16,2.6326236247815276
2026-05-01,C_4,C,0.7406859768646765,44,14,2.7843184758138384
2026-05-01,C_5,C,0.7420542494900246,39,14,2.0485969228843524
2026-05-01,WFC_1,WFC,0.8354789379435302,40,17,2.090891801441556
2026-05-01,WFC_2,WFC,0.8189612540884222,44,17,1.9305974432156066
2026-05-01,WFC_3,WFC,0.8278998964266873,49,16,1.96220978528375
2026-05-01,WFC_4,WFC,0.8174041624301677,51,17,3.0088830648281055
2026-05-01,WFC_5,WFC,0.8140927485750027,45,15,1.9525842169008265
2026-05-04,JPM_1,JPM,0.8791418407296643,45,16,1.1903235932207674
2026-05-04,JPM_2,JPM,0.8669765892094947,52,20,0.5
2026-05-04,JPM_3,JPM,0.873496841445045,43,19,0.8228255285182812
2026-05-04,JPM_4,JPM,0.8960008332087583,49,18,1.5223191806025018
2026-05-04,JPM_5,JPM,0.8651302383916069,53,17,0.9320324192337296
2026-05-04,BAC_1,BAC,0.8269985319614971,50,15,1.623511700897673
2026-05-04,BAC_2,BAC,0.791418517911496,41,15,1.8713569652754471
2026-05-04,BAC_3,BAC,0.7826950378177955,38,15,2.7549721821143227
2026-05-04,BAC_4,BAC,0.8071342783283224,46,15,2.6494514787526615
2026-05-04,BAC_5,BAC,0.7731720888614517,39,16,2.270468518242144
2026-05-04,C_1,C,0.7695002405236611,41,14,2.4833910022274113
2026-05-04,C_2,C,0.7886195137444222,42,16,1.5441902625314032
2026-05-04,C_3,C,0.7482773199879151,42,16,3.0053591979195535
2026-05-04,C_4,C,0.7423417926978197,40,14,2.0456484631030367
2026-05-04,C_5,C,0.7509721783720155,36,15,3.3541140380421663
2026-05-04,WFC_1,WFC,0.8267321415338549,45,17,2.020643890238578
2026-05-04,WFC_2,WFC,0.8231060505382208,44,14,0.5133653880850046
2026-05-04,WFC_3,WFC,0.8149488928696129,47,16,2.1036484094816585
2026-05-04,WFC_4,WFC,0.8274866967738622,46,17,1.8089366071644737
2026-05-04,WFC_5,WFC,0.7846302342839963,33,14,1.5740219539888827
2026-05-05,JPM_1,JPM,0.8866014536304601,48,18,0.9308497891122969
2026-05-05,JPM_2,JPM,0.8852145405352136,51,20,1.4133887222276673
2026-05-05,JPM_3,JPM,0.8581922341608803,47,17,1.5230869649606587
2026-05-05,JPM_4,JPM,0.8454929559614939,44,17,1.3292104030141032
2026-05-05,JPM_5,JPM,0.8509611826782607,43,15,1.5726923742150833
2026-05-05,BAC_1,BAC,0.7937005303648795,41,16,1.9036788195383425
2026-05-05,BAC_2,BAC,0.8144330071174807,43,15,3.8071154802036906
2026-05-05,BAC_3,BAC,0.8310097795958449,33,16,1.5084953973603696
2026-05-05,BAC_4,BAC,0.7699111956363252,39,16,1.9587304256131417
2026-05-05,BAC_5,BAC,0.7787747479290719,38,16,1.8115729036346218
2026-05-05,C_1,C,0.7736562298365405,41,16,2.2916326983663238
2026-05-05,C_2,C,0.7641283335970596,42,15,2.5628521676581912
2026-05-05,C_3,C,0.751468026801185,43,14,2.8940731912835513
2026-05-05,C_4,C,0.754764486332974,40,15,2.379477282679378
2026-05-05,C_5,C,0.7537374677260292,43,14,2.1870435807023774
2026-05-05,WFC_1,WFC,0.8078096946075289,52,18,2.081725128906519
2026-05-05,WFC_2,WFC,0.8036051234950508,33,16,1.572835070360001
2026-05-05,WFC_3,WFC,0.8277351197532969,50,17,2.7215368195404896
2026-05-05,WFC_4,WFC,0.8206101873722109,44,17,2.2012664462132423
2026-05-05,WFC_5,WFC,0.7850720794632323,46,17,1.3812917327691336
2026-05-06,JPM_1,JPM,0.8970484947964347,56,19,0.7800228955378657
2026-05-06,JPM_2,JPM,0.8943800895373027,47,20,0.9477600899289707
2026-05-06,JPM_3,JPM,0.8918341409443038,48,17,1.1175492535841016
2026-05-06,JPM_4,JPM,0.8741281740561185,56,17,0.5306807076940308
2026-05-06,JPM_5,JPM,0.8801357220038114,49,15,1.2336981722524767
2026-05-06,BAC_1,BAC,0.8298849602368418,45,17,1.20436711502583
2026-05-06,BAC_2,BAC,0.7952392105816548,49,16,1.6237593716023153
2026-05-06,BAC_3,BAC,0.7765046971097399,40,14,2.2971033040860296
2026-05-06,BAC_4,BAC,0.779647658037185,32,16,2.3672832347821524
2026-05-06,BAC_5,BAC,0.7698567213684258,41,14,2.319383923886633
2026-05-06,C_1,C,0.7540206778209435,42,15,2.3694583123536166
2026-05-06,C_2,C,0.7793616316798802,47,18,3.2435107545158375
2026-05-06,C_3,C,0.769741203415247,45,13,2.054636912546209
2026-05-06,C_4,C,0.7706020897791028,39,15,2.519361415321169
2026-05-06,C_5,C,0.7533631840208705,41,16,2.268688553569116
2026-05-06,WFC_1,WFC,0.8500076834611681,40,17,1.6592792938145131
2026-05-06,WFC_2,WFC,0.8526654979261178,46,18,1.2648984417841531
2026-05-06,WFC_3,WFC,0.770828537785812,41,16,1.439278025290773
2026-05-06,WFC_4,WFC,0.8124796109697255,45,16,1.702235803245349
2026-05-06,WFC_5,WFC,0.8119979947655716,46,17,1.558100763745563
2026-05-07,JPM_1,JPM,0.8989618952446188,48,19,0.9154576968986823
2026-05-07,JPM_2,JPM,0.9077211659995265,43,16,1.202773056005799
2026-05-07,JPM_3,JPM,0.8591469555544262,49,17,1.4302733915980435
2026-05-07,JPM_4,JPM,0.8753046451434617,46,16,1.144105943318169
2026-05-07,JPM_5,JPM,0.8741188749627133,48,18,1.2884637770385936
2026-05-07,BAC_1,BAC,0.8090143285530096,40,16,2.8821961090690467
2026-05-07,BAC_2,BAC,0.7877954171772291,42,16,3.3650742122831727
2026-05-07,BAC_3,BAC,0.8000675079744286,45,15,1.7198718500758345
2026-05-07,BAC_4,BAC,0.7775142248082683,38,15,2.189937039419757
2026-05-07,BAC_5,BAC,0.7661252735180174,45,15,3.1762620131903914
2026-05-07,C_1,C,0.7643746070226661,38,18,3.0910715397077926
2026-05-07,C_2,C,0.775146868415927,34,15,3.1289858939606017
2026-05-07,C_3,C,0.7245273126964874,47,15,2.0961187353816353
2026-05-07,C_4,C,0.7347680837885036,38,14,3.1442053744412752
2026-05-07,C_5,C,0.7473150178140224,42,15,3.2415875924743647
2026-05-07,WFC_1,WFC,0.8473891309673027,44,17,2.0384124916710884
2026-05-07,WFC_2,WFC,0.8169563663256665,45,16,2.0867959773059526
2026-05-07,WFC_3,WFC,0.8035299993577604,45,20,2.780933145540545
2026-05-07,WFC_4,WFC,0.8324624711278223,46,17,1.798850867614911
2026-05-07,WFC_5,WFC,0.7684842183261744,39,14,2.4482890915833293
2026-05-08,JPM_1,JPM,0.8740792054643507,43,17,0.5
2026-05-08,JPM_2,JPM,0.8688073228094363,42,19,1.4687363217817586
2026-05-08,JPM_3,JPM,0.8720600852810126,50,17,1.1362917647332145
2026-05-08,JPM_4,JPM,0.8840934713631192,49,17,2.4185668188618132
2026-05-08,JPM_5,JPM,0.9091733437657336,54,20,2.3853689391985906
2026-05-08,BAC_1,BAC,0.792541297911976,38,17,3.0926254694067605
2026-05-08,BAC_2,BAC,0.824076162511556,44,18,2.339433975943257
2026-05-08,BAC_3,BAC,0.7923549575150051,47,15,1.0360805099694466
2026-05-08,BAC_4,BAC,0.7926064619927786,47,17,3.168077069707088
2026-05-08,BAC_5,BAC,0.775427537124562,37,14,1.4849414755742634
2026-05-08,C_1,C,0.7393495816785297,41,14,3.271755407636812
2026-05-08,C_2,C,0.7336338234733674,37,15,3.703488116841289
2026-05-08,C_3,C,0.7595505249970275,40,14,1.8680749721766226
2026-05-08,C_4,C,0.7442417061013554,38,15,2.0968581201314858
2026-05-08,C_5,C,0.7095040948458732,38,14,3.426211314424027
2026-05-08,WFC_1,WFC,0.8288046776623221,45,16,1.9729190771492122
2026-05-08,WFC_2,WFC,0.8152112699438736,49,15,1.5731847514917794
2026-05-08,WFC_3,WFC,0.8216036470617893,46,15,2.9391578625698864
2026-05-08,WFC_4,WFC,0.7899437532372117,44,13,3.3704643192990096
2026-05-08,WFC_5,WFC,0.7891219983901108,44,18,2.7770168044375
2026-05-11,JPM_1,JPM,0.8731999457991676,52,16,1.2802006555441825
2026-05-11,JPM_2,JPM,0.8896399366177228,50,18,1.254964948532768
2026-05-11,JPM_3,JPM,0.89085655440442,40,19,2.3933741609595973
2026-05-11,JPM_4,JPM,0.8749447016487725,48,17,1.0898141534821817
2026-05-11,JPM_5,JPM,0.8682174008048276,44,20,1.5282142972565236
2026-05-11,BAC_1,BAC,0.799884728188091,46,17,2.069566169366531
2026-05-11,BAC_2,BAC,0.7771990983432167,41,16,2.84341333831949
2026-05-11,BAC_3,BAC,0.8011246888016024,40,18,1.6786980817572639
2026-05-11,BAC_4,BAC,0.8313675276493164,49,15,2.1564327082243153
2026-05-11,BAC_5,BAC,0.7724107334232422,37,14,1.5821732135695428
2026-05-11,C_1,C,0.7565987225052317,36,17,2.6486476146654025
2026-05-11,C_2,C,0.746718232418278,41,16,2.720648646818964
2026-05-11,C_3,C,0.7405827573557149,46,13,2.8117998388129783
2026-05-11,C_4,C,0.7619969829988693,39,18,2.318001204056522
2026-05-11,C_5,C,0.7622452524855026,39,15,2.147706120825552
2026-05-11,WFC_1,WFC,0.8388699713158612,49,16,1.8346293648692376
2026-05-11,WFC_2,WFC,0.8266000848451758,43,18,1.7299953825489318
2026-05-11,WFC_3,WFC,0.8129911348446082,44,16,2.5358588542035165
2026-05-11,WFC_4,WFC,0.8309271927559712,45,16,2.0763037315702686
2026-05-11,WFC_5,WFC,0.805426220346704,44,15,2.758936136994251
2026-05-12,JPM_1,JPM,0.9094458226716406,48,18,1.1635305585140772
2026-05-12,JPM_2,JPM,0.8864337005621119,50,18,1.3029900091350335
2026-05-12,JPM_3,JPM,0.8382627348758256,36,19,2.1014083230362806
2026-05-12,JPM_4,JPM,0.8464446272343289,49,16,1.3150559707819593
2026-05-12,JPM_5,JPM,0.8548556109165492,49,18,1.1591920909330757
2026-05-12,BAC_1,BAC,0.7867573887618127,42,15,3.2028618160046665
2026-05-12,BAC_2,BAC,0.7872194052748761,38,16,2.727775826193556
2026-05-12,BAC_3,BAC,0.8071085120059968,41,17,2.0892224144444667
2026-05-12,BAC_4,BAC,0.8189417555201762,43,16,1.8061140132624636
2026-05-12,BAC_5,BAC,0.770621615284816,34,17,2.147676559314583
2026-05-12,C_1,C,0.7715723867905642,45,13,2.6877726834066555
2026-05-12,C_2,C,0.7798242636603169,41,16,1.0703911638336054
2026-05-12,C_3,C,0.7445373172009409,43,15,3.0296186349873935
2026-05-12,C_4,C,0.7337151643135155,42,15,1.7060715292488544
2026-05-12,C_5,C,0.7472224841179723,45,16,3.362918491856007
2026-05-12,WFC_1,WFC,0.8591447078964513,49,17,1.8302994802407648
2026-05-12,WFC_2,WFC,0.8251496699725545,53,15,3.0186206003215528
2026-05-12,WFC_3,WFC,0.7892569670581814,41,16,1.6391199083699401
2026-05-12,WFC_4,WFC,0.8060534309868282,40,16,2.5146612504963874
2026-05-12,WFC_5,WFC,0.7727361514223516,40,12,2.4248556073402128
2026-05-13,JPM_1,JPM,0.8590348345462906,45,18,2.1805451659065223
2026-05-13,JPM_2,JPM,0.8558246009099031,43,15,2.1211603084052397
2026-05-13,JPM_3,JPM,0.888401252008031,42,18,1.3053404518977123
2026-05-13,JPM_4,JPM,0.8595866740329001,51,18,0.5
2026-05-13,JPM_5,JPM,0.8442896670452027,40,17,1.2936508262194977
2026-05-13,BAC_1,BAC,0.8442257149277045,45,17,1.3947200910984554
2026-05-13,BAC_2,BAC,0.7961145057019482,38,15,3.5429774445940216
2026-05-13,BAC_3,BAC,0.8098723501200976,50,16,2.65414531705804
2026-05-13,BAC_4,BAC,0.792254503056277,46,16,2.6479187268094457
2026-05-13,BAC_5,BAC,0.784721999401651,46,17,2.9519667864643893
2026-05-13,C_1,C,0.7751691626508195,51,15,2.8734201751414026
2026-05-13,C_2,C,0.775410286276407,39,18,3.1351422743136284
2026-05-13,C_3,C,0.7622971622579205,48,15,2.425256684448188
2026-05-13,C_4,C,0.7743265274060248,39,16,2.8685080237227836
2026-05-13,C_5,C,0.7431569026876592,44,15,3.5297719273019252
2026-05-13,WFC_1,WFC,0.844434206517322,47,17,2.0738815037054623
2026-05-13,WFC_2,WFC,0.8233452309052991,46,17,2.5178007551468893
2026-05-13,WFC_3,WFC,0.8049556345220624,39,16,3.023507547720719
2026-05-13,WFC_4,WFC,0.782515691759901,38,16,1.0738242576358092
2026-05-13,WFC_5,WFC,0.8096384708282113,43,18,1.9428678324107573
2026-05-14,JPM_1,JPM,0.8520493947061799,49,17,1.1107312594754846
2026-05-14,JPM_2,JPM,0.8636712576394071,46,17,1.9405355581743717
2026-05-14,JPM_3,JPM,0.8501140376296724,52,18,1.4303445642509725
2026-05-14,JPM_4,JPM,0.8449576991886287,50,16,2.1195335546533824
2026-05-14,JPM_5,JPM,0.8873092539930568,48,17,1.731673367299019
2026-05-14,BAC_1,BAC,0.8307187756198121,42,17,1.9355238560024839
2026-05-14,BAC_2,BAC,0.8162287616364045,47,17,1.260280830497007
2026-05-14,BAC_3,BAC,0.792583215534523,41,17,2.1076705480985454
2026-05-14,BAC_4,BAC,0.7688091053227035,45,15,2.6356489632051927
2026-05-14,BAC_5,BAC,0.7613610740579461,38,15,2.1366282125787963
2026-05-14,C_1,C,0.7858861370732276,44,16,1.753071870528664
2026-05-14,C_2,C,0.7661333960074237,48,15,2.601541093627404
2026-05-14,C_3,C,0.7473389767959693,50,15,2.454260141477214
2026-05-14,C_4,C,0.7290646210372503,33,16,2.8693209390451764
2026-05-14,C_5,C,0.6976587867022586,37,13,2.4746326104035323
2026-05-14,WFC_1,WFC,0.8274656993746942,44,16,1.8324514379222818
2026-05-14,WFC_2,WFC,0.8379648222086605,49,16,2.645604212781755
2026-05-14,WFC_3,WFC,0.8174430555994672,43,18,1.9430552302466813
2026-05-14,WFC_4,WFC,0.8117354241151361,43,16,1.9655043926077398
2026-05-14,WFC_5,WFC,0.8017662627805826,39,17,3.0103750213742044
2026-05-15,JPM_1,JPM,0.8618663532151533,53,17,1.4855410519538432
2026-05-15,JPM_2,JPM,0.8540948241637185,48,20,1.5574222114229428
2026-05-15,JPM_3,JPM,0.8860190972313903,55,18,1.6311357268916882
2026-05-15,JPM_4,JPM,0.867190910930271,45,17,0.7303158457383313
2026-05-15,JPM_5,JPM,0.8594933026783531,47,18,1.8948274751539453
2026-05-15,BAC_1,BAC,0.8048717926166484,43,15,1.1369109477450026
2026-05-15,BAC_2,BAC,0.7748022586302252,40,16,2.2380724924696622
2026-05-15,BAC_3,BAC,0.7934790374891098,42,16,2.559175850513376
2026-05-15,BAC_4,BAC,0.7924322490758258,37,15,1.576676615204509
2026-05-15,BAC_5,BAC,0.7586328949549433,41,16,3.308385942560779
2026-05-15,C_1,C,0.7782938739529298,34,15,2.4488460948074198
2026-05-15,C_2,C,0.7640764070448431,36,16,2.1609693751584627
2026-05-15,C_3,C,0.7721284994125869,40,16,1.9479692898361174
2026-05-15,C_4,C,0.7390962734727814,47,15,2.484361637155244
2026-05-15,C_5,C,0.7283445329278551,41,15,3.2713657633335003
2026-05-15,WFC_1,WFC,0.7904772059330674,40,15,0.6504500010937377
2026-05-15,WFC_2,WFC,0.7957970751652663,47,17,2.074698853801673
2026-05-15,WFC_3,WFC,0.8034028071174718,47,15,1.725790650263355
2026-05-15,WFC_4,WFC,0.8096920864783088,51,17,2.6957180657059805
2026-05-15,WFC_5,WFC,0.8103378196848243,45,15,1.8577632902473205
2026-05-18,JPM_1,JPM,0.9149686405890041,48,19,1.0166289549174912
2026-05-18,JPM_2,JPM,0.8697063126266401,45,20,1.7174207510042967
2026-05-18,JPM_3,JPM,0.9177666917707225,58,16,1.8612191358264458
2026-05-18,JPM_4,JPM,0.8638868334096215,52,18,1.7909298805817429
2026-05-18,JPM_5,JPM,0.8574308960308835,48,17,0.6231157961365004
2026-05-18,BAC_1,BAC,0.8196317306915777,44,14,2.899109768084251
2026-05-18,BAC_2,BAC,0.7877772984568253,44,14,2.3911540444945647
2026-05-18,BAC_3,BAC,0.7720383461399358,43,17,2.8552794219712117
2026-05-18,BAC_4,BAC,0.7914895647697633,41,15,1.924656389449871
2026-05-18,BAC_5,BAC,0.7617393019104117,42,14,2.3299233156399435
2026-05-18,C_1,C,0.7778121843492222,43,16,2.9336840796572723
2026-05-18,C_2,C,0.7853246071525818,42,17,1.2315922278431846
2026-05-18,C_3,C,0.7515506621975793,39,14,2.7937693717198813
2026-05-18,C_4,C,0.7809752471962508,40,15,2.6531077544640302
2026-05-18,C_5,C,0.7981216140456485,49,15,2.7327993636858947
2026-05-18,WFC_1,WFC,0.8270641590122962,50,17,2.2355899726788055
2026-05-18,WFC_2,WFC,0.8343658534522805,45,17,0.6369861479661518
2026-05-18,WFC_3,WFC,0.8079040427566012,47,15,1.678483253187983
2026-05-18,WFC_4,WFC,0.8314462681887719,45,19,1.4746041300747623
2026-05-18,WFC_5,WFC,0.7931441650071192,43,16,1.8006941030312862
2026-05-19,JPM_1,JPM,0.8762963817633901,48,19,1.1912131626356277
2026-05-19,JPM_2,JPM,0.8746473552448542,51,18,1.4614091944586032
2026-05-19,JPM_3,JPM,0.8817607526922229,50,19,1.2004400335143692
2026-05-19,JPM_4,JPM,0.8772913345936081,52,20,2.0440569806638447
2026-05-19,JPM_5,JPM,0.8614019056122485,42,18,1.2956311779580532
2026-05-19,BAC_1,BAC,0.8426986395284001,39,17,2.355910809021634
2026-05-19,BAC_2,BAC,0.8024664210510046,39,17,2.372088737543816
2026-05-19,BAC_3,BAC,0.758146502428998,42,17,2.5888756333250353
2026-05-19,BAC_4,BAC,0.7778717311616994,39,15,1.5669311276188966
2026-05-19,BAC_5,BAC,0.7608969894711014,40,14,2.467441167548104
2026-05-19,C_1,C,0.7884633206554283,46,16,1.7783405731117004
2026-05-19,C_2,C,0.7758421366823626,49,16,2.6226246046233284
2026-05-19,C_3,C,0.7428923538844764,38,13,2.4937199654589524
2026-05-19,C_4,C,0.730562219874317,42,15,2.041915965491459
2026-05-19,C_5,C,0.7554574842253982,42,16,2.7453376284636515
2026-05-19,WFC_1,WFC,0.7968762047277191,44,16,1.9764919429622825
2026-05-19,WFC_2,WFC,0.8029442098988407,46,18,3.318175527704601
2026-05-19,WFC_3,WFC,0.8076572423453477,46,16,2.727065393127714
2026-05-19,WFC_4,WFC,0.8198931642878728,44,16,1.9735698687833723
2026-05-19,WFC_5,WFC,0.79064717186354,42,16,1.8329637356162953
2026-05-20,JPM_1,JPM,0.9061221071429064,40,18,1.9064431205482526
2026-05-20,JPM_2,JPM,0.8740299820848538,41,19,1.5219442053163506
2026-05-20,JPM_3,JPM,0.9156381188599233,53,20,1.4010614097893683
2026-05-20,JPM_4,JPM,0.8911121318579224,48,19,0.9987766422232799
2026-05-20,JPM_5,JPM,0.8419633588313002,43,16,2.758497267525117
2026-05-20,BAC_1,BAC,0.853873691976121,42,19,1.4955709712974008
2026-05-20,BAC_2,BAC,0.8166224333507252,44,15,1.498572166791729
2026-05-20,BAC_3,BAC,0.7972451249334697,38,17,2.06254485073713
2026-05-20,BAC_4,BAC,0.8204668788749245,44,17,1.6104759018868706
2026-05-20,BAC_5,BAC,0.7578904291136208,49,15,2.3757188039126116
2026-05-20,C_1,C,0.7792441923322576,37,16,2.0528141855354587
2026-05-20,C_2,C,0.7391651528900705,42,17,2.8435130569458056
2026-05-20,C_3,C,0.7540614648335819,41,15,2.7451789973296794
2026-05-20,C_4,C,0.7504853548599906,45,14,1.533836255791999
2026-05-20,C_5,C,0.7720027920002069,37,13,2.483843464174522
2026-05-20,WFC_1,WFC,0.8164869390141049,45,16,2.7467328309684436
2026-05-20,WFC_2,WFC,0.8202925601936419,40,16,1.631513877191855
2026-05-20,WFC_3,WFC,0.8113917636216595,41,14,1.2239852668547155
2026-05-20,WFC_4,WFC,0.7921705038685208,42,17,2.7004524756485195
2026-05-20,WFC_5,WFC,0.8212046594406217,42,16,1.7306582791811314
2026-05-21,JPM_1,JPM,0.8938436292053228,51,18,0.6687130808625623
2026-05-21,JPM_2,JPM,0.887256557573612,47,18,0.7905394470392617
2026-05-21,JPM_3,JPM,0.8799885043941496,46,19,0.8360136137331864
2026-05-21,JPM_4,JPM,0.8712891660315444,48,17,0.5
2026-05-21,JPM_5,JPM,0.8660519392111419,50,18,1.7820945663547305
2026-05-21,BAC_1,BAC,0.7813843897382031,43,15,3.2677129897484756
2026-05-21,BAC_2,BAC,0.7985396939150373,45,15,1.6366719296590224
2026-05-21,BAC_3,BAC,0.7991091143280322,46,15,1.9915761961075926
2026-05-21,BAC_4,BAC,0.7968367246299313,38,16,1.7690075610251612
2026-05-21,BAC_5,BAC,0.774922406377329,46,16,2.6093986420338195
2026-05-21,C_1,C,0.8044589988365202,41,15,2.9029490136920635
2026-05-21,C_2,C,0.7607436292412841,37,15,1.7402444886657626
2026-05-21,C_3,C,0.7928819869918667,44,16,2.26153359172655
2026-05-21,C_4,C,0.7453029496625919,41,14,3.3280184643780495
2026-05-21,C_5,C,0.7414359054781084,42,14,2.450275394049666
2026-05-21,WFC_1,WFC,0.8262126555246431,51,17,1.8717924012351035
2026-05-21,WFC_2,WFC,0.8274991476042086,48,16,0.6234173986551357
2026-05-21,WFC_3,WFC,0.8233806830445318,41,19,1.8086004396129014
2026-05-21,WFC_4,WFC,0.7867188865018124,42,14,1.9075723525095032
2026-05-21,WFC_5,WFC,0.8287911878893166,37,14,0.9641718680822031
2026-05-22,JPM_1,JPM,0.9014907385222659,45,17,0.6642560305197396
2026-05-22,JPM_2,JPM,0.8768861038172358,51,18,1.2794515514498312
2026-05-22,JPM_3,JPM,0.8584937320927155,49,18,1.9883039200414754
2026-05-22,JPM_4,JPM,0.8939749975086354,52,19,1.2575073355858746
2026-05-22,JPM_5,JPM,0.880706927242537,47,17,1.0017563952601922
2026-05-22,BAC_1,BAC,0.8136035895803254,47,16,2.4427735194931155
2026-05-22,BAC_2,BAC,0.7800055313901333,44,16,2.661135043520918
2026-05-22,BAC_3,BAC,0.8043920993404566,51,16,2.05941737859435
2026-05-22,BAC_4,BAC,0.7721643922473073,44,12,2.033598526097434
2026-05-22,BAC_5,BAC,0.7798368648403153,43,17,2.039367855929217
2026-05-22,C_1,C,0.7322280700547189,42,16,3.2636433750776876
2026-05-22,C_2,C,0.7804034449088818,40,16,1.2923760991998303
2026-05-22,C_3,C,0.7506968169853654,40,14,2.710183111521699
2026-05-22,C_4,C,0.7695317231552538,43,16,3.759912541702702
2026-05-22,C_5,C,0.7175945496006502,40,15,3.6618217083694624
2026-05-22,WFC_1,WFC,0.7967658731940623,40,15,2.478882499276246
2026-05-22,WFC_2,WFC,0.833338486341561,46,17,2.243048896146483
2026-05-22,WFC_3,WFC,0.7983927049279036,36,15,3.1267004428468983
2026-05-22,WFC_4,WFC,0.7966359396601163,45,17,3.358822535910758
2026-05-22,WFC_5,WFC,0.802704232130528,47,18,1.3588788656332538
2026-05-25,JPM_1,JPM,0.8848622885882029,48,16,0.7682837564805527
2026-05-25,JPM_2,JPM,0.8859902156097823,49,19,1.4756188191037511
2026-05-25,JPM_3,JPM,0.8792960968766013,54,18,1.8223703453358655
2026-05-25,JPM_4,JPM,0.870685388889016,48,17,1.222264898620602
2026-05-25,JPM_5,JPM,0.8609687373426349,56,19,1.8268734853274502
2026-05-25,BAC_1,BAC,0.7974280725395658,43,17,2.033302974898586
2026-05-25,BAC_2,BAC,0.7928026909890646,33,15,2.478746373496659
2026-05-25,BAC_3,BAC,0.8102045215856712,50,18,1.7433207422590065
2026-05-25,BAC_4,BAC,0.8092896875036127,52,16,1.5552872471640296
2026-05-25,BAC_5,BAC,0.7456588294936958,39,13,2.848385209536988
2026-05-25,C_1,C,0.7531365433222769,39,14,2.3372948710861854
2026-05-25,C_2,C,0.7378631998443047,33,15,2.407679726184385
2026-05-25,C_3,C,0.7825341071096702,44,16,2.5314939231629006
2026-05-25,C_4,C,0.7395136718669103,38,16,2.291941158299436
2026-05-25,C_5,C,0.741665273877158,36,15,3.170275007341202
2026-05-25,WFC_1,WFC,0.833098938476299,48,17,1.7197293454484133
2026-05-25,WFC_2,WFC,0.8080769901902721,51,17,1.1335191782512881
2026-05-25,WFC_3,WFC,0.8296116381454671,44,18,2.12810351684493
2026-05-25,WFC_4,WFC,0.7764352119939772,46,15,2.487111213696409
2026-05-25,WFC_5,WFC,0.8058432309692263,41,17,2.0137836992307268
2026-05-26,JPM_1,JPM,0.8763955163469312,52,16,1.5679833691015057
2026-05-26,JPM_2,JPM,0.8659584033261026,45,16,1.8301348396809964
2026-05-26,JPM_3,JPM,0.8670022782103504,49,16,2.770031826179098
2026-05-26,JPM_4,JPM,0.8705868803200644,57,18,1.1637340037613684
2026-05-26,JPM_5,JPM,0.8268169865004172,54,16,1.830605858587949
2026-05-26,BAC_1,BAC,0.8157286008689956,42,16,1.402869766818731
2026-05-26,BAC_2,BAC,0.8098924196223538,49,17,3.0829698142469635
2026-05-26,BAC_3,BAC,0.8138738056060537,42,16,1.3250822169779923
2026-05-26,BAC_4,BAC,0.7617546805355709,45,16,3.008329040526207
2026-05-26,BAC_5,BAC,0.7754075445070191,45,14,2.108470971738402
2026-05-26,C_1,C,0.73093885372136,48,15,2.3875517009280616
2026-05-26,C_2,C,0.7534315897758384,42,18,1.8086411599974235
2026-05-26,C_3,C,0.7593794057459569,37,17,2.9585009190407643
2026-05-26,C_4,C,0.7284677459733011,39,14,2.178059314957369
2026-05-26,C_5,C,0.7692060451839918,46,14,2.273936099039232
2026-05-26,WFC_1,WFC,0.8268853874523155,46,16,2.0437697328343716
2026-05-26,WFC_2,WFC,0.8272644281922951,44,18,1.0937401283635046
2026-05-26,WFC_3,WFC,0.8256196919360789,48,17,2.677276235546406
2026-05-26,WFC_4,WFC,0.7725975773636639,42,13,1.7819889251583747
2026-05-26,WFC_5,WFC,0.8040911737985877,40,15,2.0732789804022427
2026-05-27,JPM_1,JPM,0.8887195627320171,48,16,0.5
2026-05-27,JPM_2,JPM,0.8931910636258829,47,17,2.154044497967574
2026-05-27,JPM_3,JPM,0.865440171688179,50,19,1.6538816103471072
2026-05-27,JPM_4,JPM,0.8774342285458662,51,19,2.4659337732085977
2026-05-27,JPM_5,JPM,0.8870563377418221,55,17,1.6153634832050099
2026-05-27,BAC_1,BAC,0.8270036455386216,45,17,2.3606623793671933
2026-05-27,BAC_2,BAC,0.8054340494862748,46,15,1.6200214109370497
2026-05-27,BAC_3,BAC,0.7952868534573713,44,16,1.899582021532037
2026-05-27,BAC_4,BAC,0.8140987214790654,48,15,3.009155267866006
2026-05-27,BAC_5,BAC,0.7578006305979876,41,15,3.251562183609032
2026-05-27,C_1,C,0.769506404464943,49,18,2.1259617098212087
2026-05-27,C_2,C,0.7691674434483818,41,15,2.100274806976107
2026-05-27,C_3,C,0.7616106771019262,43,16,2.651913520902545
2026-05-27,C_4,C,0.7730113056993688,42,18,3.003205692824144
2026-05-27,C_5,C,0.757119874313458,41,16,2.1329540902948136
2026-05-27,WFC_1,WFC,0.8064794891953907,39,16,1.6212981248508793
2026-05-27,WFC_2,WFC,0.8308438315846991,45,15,1.708593479286916
2026-05-27,WFC_3,WFC,0.7751881787416696,46,13,1.712982781036116
2026-05-27,WFC_4,WFC,0.8216558317006512,47,16,1.0289085033230059
2026-05-27,WFC_5,WFC,0.8188483834078716,46,16,2.629944231624155
2026-05-28,JPM_1,JPM,0.867009817158854,41,15,1.988678640716384
2026-05-28,JPM_2,JPM,0.8772364234147647,50,17,1.424945618293352
2026-05-28,JPM_3,JPM,0.9184200167786966,48,17,0.8814863371188548
2026-05-28,JPM_4,JPM,0.879564950526409,50,19,0.5536377560600104
2026-05-28,JPM_5,JPM,0.8604197315039964,48,17,1.7224222869448182
2026-05-28,BAC_1,BAC,0.8128897202707962,48,15,1.455419195873708
2026-05-28,BAC_2,BAC,0.7780514321894584,37,15,1.3342467816944912
2026-05-28,BAC_3,BAC,0.7972607392074307,47,14,0.8945728792047734
2026-05-28,BAC_4,BAC,0.7855940533546578,45,15,2.5126279617674427
2026-05-28,BAC_5,BAC,0.7643344408460718,45,15,2.3431111347685434
2026-05-28,C_1,C,0.8099090449860743,43,16,2.506463380133287
2026-05-28,C_2,C,0.7591558906499879,43,16,2.674237277041887
2026-05-28,C_3,C,0.7466616670141181,43,17,3.1301915908649542
2026-05-28,C_4,C,0.7341134467910181,35,16,3.1568269948810306
2026-05-28,C_5,C,0.7421958798269599,37,14,3.1563836586846117
2026-05-28,WFC_1,WFC,0.8073980430413904,41,19,2.4819203507118144
2026-05-28,WFC_2,WFC,0.8365525936663284,43,15,1.9008731582141323
2026-05-28,WFC_3,WFC,0.8267643621640263,45,17,1.8241761094929905
2026-05-28,WFC_4,WFC,0.8235250526067868,47,17,1.505285595738247
2026-05-28,WFC_5,WFC,0.7805095618281965,41,15,2.6776633076398646
2026-05-29,JPM_1,JPM,0.8443952123814635,44,18,0.7848202778551364
2026-05-29,JPM_2,JPM,0.8612749860659752,47,17,2.3289976338881426
2026-05-29,JPM_3,JPM,0.9007172135100043,47,18,1.5591286967002935
2026-05-29,JPM_4,JPM,0.8867556839489438,52,16,0.5
2026-05-29,JPM_5,JPM,0.8737228226586028,48,17,1.2410487387204454
2026-05-29,BAC_1,BAC,0.7822502073750152,44,17,2.2719407611324405
2026-05-29,BAC_2,BAC,0.8093599416668841,46,15,1.5425579991677014
2026-05-29,BAC_3,BAC,0.7965989239734422,40,17,2.189341331889478
2026-05-29,BAC_4,BAC,0.7884578618864431,44,16,3.423505745383289
2026-05-29,BAC_5,BAC,0.7695689831997466,40,15,2.0487564094315074
2026-05-29,C_1,C,0.7648467545347475,44,17,2.1307287403552575
2026-05-29,C_2,C,0.7706335106488803,42,15,2.4240856617106075
2026-05-29,C_3,C,0.7223595579175229,38,14,4.381889099144597
2026-05-29,C_4,C,0.7310026591103245,42,14,2.6677559482111195
2026-05-29,C_5,C,0.7365537888570527,41,17,3.196019485120175
2026-05-29,WFC_1,WFC,0.8382666220429437,40,18,1.9571168729926491
2026-05-29,WFC_2,WFC,0.8430948371221111,47,16,2.2043597308997547
2026-05-29,WFC_3,WFC,0.8234531295724302,51,14,1.6233900978031612
2026-05-29,WFC_4,WFC,0.7924435219585501,47,17,2.707315960839334
2026-05-29,WFC_5,WFC,0.806834549053327,41,18,1.706193808194797
2026-06-01,JPM_1,JPM,0.8820218648094545,53,18,1.2664462852846872
2026-06-01,JPM_2,JPM,0.8939108583490678,43,17,0.5985256113617883
2026-06-01,JPM_3,JPM,0.8600032840265978,44,17,1.6516081397915536
2026-06-01,JPM_4,JPM,0.8869458789081073,46,18,0.6131307718208273
2026-06-01,JPM_5,JPM,0.8607150950056635,56,17,0.8334237256925265
2026-06-01,BAC_1,BAC,0.7798604852122302,48,17,2.9465844999669213
2026-06-01,BAC_2,BAC,0.8277966727654473,46,17,2.045450849443345
2026-06-01,BAC_3,BAC,0.7938351547900575,47,16,1.900040823780811
2026-06-01,BAC_4,BAC,0.8068867630094,39,15,2.831104977110145
2026-06-01,BAC_5,BAC,0.7781598268849609,44,17,3.266624127287427
2026-06-01,C_1,C,0.7715507182613691,44,14,2.912998612390184
2026-06-01,C_2,C,0.7448321117093212,42,15,3.7042117560825685
2026-06-01,C_3,C,0.7460313150678246,43,17,2.256322654540516
2026-06-01,C_4,C,0.7525668955316981,45,16,2.470245138299824
2026-06-01,C_5,C,0.7527719771978738,44,17,1.4109917686760647
2026-06-01,WFC_1,WFC,0.8109389942288129,44,17,2.4878079158595643
2026-06-01,WFC_2,WFC,0.820848358028111,48,17,1.4974453626532493
2026-06-01,WFC_3,WFC,0.8313031430597414,50,17,1.508348489683897
2026-06-01,WFC_4,WFC,0.8492401403266938,43,16,0.7497931769396737
2026-06-01,WFC_5,WFC,0.8175909737773279,47,16,1.4825777819030284
2026-06-02,JPM_1,JPM,0.8902353003215898,46,17,1.1090002945118322
2026-06-02,JPM_2,JPM,0.8922940203686256,47,19,1.4755425280290504
2026-06-02,JPM_3,JPM,0.8871051786663398,44,18,1.7404619517993205
2026-06-02,JPM_4,JPM,0.8896026503937202,49,19,1.5397245212912023
2026-06-02,JPM_5,JPM,0.8543394641511193,50,16,2.2818043690615024
2026-06-02,BAC_1,BAC,0.7819202682197909,39,16,3.6192208050522656
2026-06-02,BAC_2,BAC,0.7842785661362833,46,15,2.3530771850063803
2026-06-02,BAC_3,BAC,0.7978960145180618,51,14,2.0964410038207966
2026-06-02,BAC_4,BAC,0.7802924452194866,46,16,1.6203997432970656
2026-06-02,BAC_5,BAC,0.7793338702346362,43,16,1.6793433972841814
2026-06-02,C_1,C,0.7688212366573228,40,17,2.352476026411342
2026-06-02,C_2,C,0.7524879310393642,40,14,3.414836242997834
2026-06-02,C_3,C,0.7584444082701248,44,16,3.597655160412234
2026-06-02,C_4,C,0.7074102542548752,39,15,2.3539545347389534
2026-06-02,C_5,C,0.7334878000817665,42,13,3.304126884710241
2026-06-02,WFC_1,WFC,0.8488772799625482,54,17,1.6306219693182005
2026-06-02,WFC_2,WFC,0.811036474053879,44,18,1.9424565652019823
2026-06-02,WFC_3,WFC,0.8088294516262347,38,17,3.0845510062144146
2026-06-02,WFC_4,WFC,0.7679760356820031,37,14,2.798846047336199
2026-06-02,WFC_5,WFC,0.7918244883098398,34,17,1.9720628700944205
2026-06-03,JPM_1,JPM,0.9343847678147963,44,20,0.5
2026-06-03,JPM_2,JPM,0.875029085440097,46,18,0.8930622377231062
2026-06-03,JPM_3,JPM,0.8949611810500295,51,19,1.0006344416642863
2026-06-03,JPM_4,JPM,0.8516909923369174,47,15,0.9501946528931218
2026-06-03,JPM_5,JPM,0.8435826141716725,41,17,2.1921600280337725
2026-06-03,BAC_1,BAC,0.8165334357871283,46,20,1.2658512789851328
2026-06-03,BAC_2,BAC,0.7836085425562767,42,17,2.3115295912095437
2026-06-03,BAC_3,BAC,0.78116475792144,45,14,2.976090656301971
2026-06-03,BAC_4,BAC,0.8064622487553088,39,17,2.2760051258259657
2026-06-03,BAC_5,BAC,0.8045217354822671,54,15,2.9652981540568644
2026-06-03,C_1,C,0.792555433249881,42,15,3.2405832960224017
2026-06-03,C_2,C,0.7584394167816859,44,16,2.6017475016783966
2026-06-03,C_3,C,0.7534378622766075,38,15,2.8300873252566356
2026-06-03,C_4,C,0.7665146543826383,39,14,2.6401410371074516
2026-06-03,C_5,C,0.7224022132659452,50,16,3.6079659687073944
2026-06-03,WFC_1,WFC,0.7943738275042931,38,15,2.7455208461120897
2026-06-03,WFC_2,WFC,0.8474416188980567,44,18,0.9538041803658204
2026-06-03,WFC_3,WFC,0.8245335897032667,40,17,2.435081645609745
2026-06-03,WFC_4,WFC,0.8024855902857977,48,17,2.4411617287509735
2026-06-03,WFC_5,WFC,0.7991494061682367,47,16,0.5814498424726953
2026-06-04,JPM_1,JPM,0.8725955890501941,49,17,0.9951354150419762
2026-06-04,JPM_2,JPM,0.8816673915359986,53,18,0.5
2026-06-04,JPM_3,JPM,0.8566682277869397,39,17,1.454973922677543
2026-06-04,JPM_4,JPM,0.8805921509720762,54,15,0.9425233533995072
2026-06-04,JPM_5,JPM,0.8571697445174462,46,18,1.1283988624135763
2026-06-04,BAC_1,BAC,0.7917661529636032,40,16,2.2877351141360167
2026-06-04,BAC_2,BAC,0.773539112173757,46,15,2.9789683665295486
2026-06-04,BAC_3,BAC,0.8084184872256917,48,19,1.3280294221021456
2026-06-04,BAC_4,BAC,0.7935759005951917,35,16,2.3888857390898863
2026-06-04,BAC_5,BAC,0.7791020348116805,45,13,2.253009844419217
2026-06-04,C_1,C,0.767491678998883,46,15,3.0865622117896843
2026-06-04,C_2,C,0.7500559210418039,39,14,2.154778195238402
2026-06-04,C_3,C,0.7407987678184152,43,15,3.2621367592592945
2026-06-04,C_4,C,0.7404605619513956,41,15,2.187603639380143
2026-06-04,C_5,C,0.7495001657810763,35,16,2.522745344695376
2026-06-04,WFC_1,WFC,0.8066802927488551,36,16,1.1915930258277658
2026-06-04,WFC_2,WFC,0.8055856429211393,41,18,2.5348311157395798
2026-06-04,WFC_3,WFC,0.8156365074687189,50,18,1.9095889244400952
2026-06-04,WFC_4,WFC,0.782423471524219,44,16,3.3787633566168207
2026-06-04,WFC_5,WFC,0.794985808823609,41,16,2.899358541532271
2026-06-05,JPM_1,JPM,0.8882401166724335,46,18,1.1534380913369546
2026-06-05,JPM_2,JPM,0.8996734383934918,51,18,1.3027686727411028
2026-06-05,JPM_3,JPM,0.8675945557750465,42,16,0.9350979566692963
2026-06-05,JPM_4,JPM,0.8437046823376877,53,17,2.2136425859274147
2026-06-05,JPM_5,JPM,0.8757769130738653,46,17,0.7750102966914606
2026-06-05,BAC_1,BAC,0.8220048396990665,43,18,2.614333112412346
2026-06-05,BAC_2,BAC,0.8053227374725201,46,15,2.0057479651918464
2026-06-05,BAC_3,BAC,0.7730722319581437,48,15,2.8810741596774783
2026-06-05,BAC_4,BAC,0.797170643025448,43,16,1.7704973177848273
2026-06-05,BAC_5,BAC,0.7901998621735151,42,15,2.785024794484008
2026-06-05,C_1,C,0.7649168651319591,43,15,2.3389851575258094
2026-06-05,C_2,C,0.8198267995896742,42,15,1.3283020511801653
2026-06-05,C_3,C,0.7546779791995981,46,15,1.8044689304178259
2026-06-05,C_4,C,0.7487160061496988,39,17,3.159390130781851
2026-06-05,C_5,C,0.7364855940312606,38,15,2.7806254378039914
2026-06-05,WFC_1,WFC,0.80124447893105,37,16,1.9336260218795918
2026-06-05,WFC_2,WFC,0.8300549061756416,46,18,1.7000565692481835
2026-06-05,WFC_3,WFC,0.8239690359062861,45,14,1.7619344043116492
2026-06-05,WFC_4,WFC,0.8439140054857847,42,16,2.4600717189433046
2026-06-05,WFC_5,WFC,0.8083342727439111,48,17,2.535241119661717
2026-06-08,JPM_1,JPM,0.9032807664806967,50,20,0.5577611209015305
2026-06-08,JPM_2,JPM,0.873431821316658,47,16,0.7025427795453394
2026-06-08,JPM_3,JPM,0.8839146324865252,46,18,1.2563576754392782
2026-06-08,JPM_4,JPM,0.8844867664126002,50,17,0.5
2026-06-08,JPM_5,JPM,0.8610808358276903,51,16,1.355541083069175
2026-06-08,BAC_1,BAC,0.7973360915376287,49,16,2.7969731994594786
2026-06-08,BAC_2,BAC,0.8328719891752595,48,18,3.3168519579201226
2026-06-08,BAC_3,BAC,0.7955762881717844,43,14,2.893233668748149
2026-06-08,BAC_4,BAC,0.8129241616271561,47,16,1.6599481965859524
2026-06-08,BAC_5,BAC,0.7945416135112483,45,15,2.2928735423668423
2026-06-08,C_1,C,0.7879635983342684,42,14,3.3683932066219784
2026-06-08,C_2,C,0.7842564811727947,46,16,3.762228848315531
2026-06-08,C_3,C,0.7342216217194807,41,16,2.7952317811503793
2026-06-08,C_4,C,0.7355620085371274,39,18,3.364549657665782
2026-06-08,C_5,C,0.7569534318511689,45,17,2.2381409426953054
2026-06-08,WFC_1,WFC,0.8599807789944397,54,18,1.4612280863105505
2026-06-08,WFC_2,WFC,0.8016693686571824,44,16,1.726194782724554
2026-06-08,WFC_3,WFC,0.8232080855274557,42,16,1.744498271597595
2026-06-08,WFC_4,WFC,0.7959790919740259,40,17,1.8113898133161468
2026-06-08,WFC_5,WFC,0.7942635345925257,39,17,2.7718005798219405
2026-06-09,JPM_1,JPM,0.8954770935810867,44,19,2.155817357908762
2026-06-09,JPM_2,JPM,0.9068110707823968,47,18,0.5
2026-06-09,JPM_3,JPM,0.8863991451253375,43,16,0.8830606411254247
2026-06-09,JPM_4,JPM,0.8662267801237347,47,17,1.391045698769182
2026-06-09,JPM_5,JPM,0.8933299587823594,44,19,2.637860724934267
2026-06-09,BAC_1,BAC,0.7961027308604175,42,16,1.0470451239612326
2026-06-09,BAC_2,BAC,0.7993837235369994,38,16,1.8263300039544772
2026-06-09,BAC_3,BAC,0.8048859976579668,45,15,1.7158013142401138
2026-06-09,BAC_4,BAC,0.8056827488986487,45,16,1.2377580462288678
2026-06-09,BAC_5,BAC,0.7626508798758835,44,14,2.2128406168665564
2026-06-09,C_1,C,0.7774815861834004,42,16,2.407096797803121
2026-06-09,C_2,C,0.7465627866253379,38,14,3.1940274907167083
2026-06-09,C_3,C,0.7932672801211175,41,14,1.9546490293222893
2026-06-09,C_4,C,0.7575679665507604,44,14,2.7081497579804448
2026-06-09,C_5,C,0.7251291679089337,42,14,4.249110396684514
2026-06-09,WFC_1,WFC,0.8395987282073097,50,16,1.7099511645673222
2026-06-09,WFC_2,WFC,0.8160605418962029,46,20,1.4674488997038386
2026-06-09,WFC_3,WFC,0.8062771142829972,36,17,2.0531913373265454
2026-06-09,WFC_4,WFC,0.8101217087532413,48,17,1.5036768224005472
2026-06-09,WFC_5,WFC,0.8003701102025026,39,17,2.3784101797155803
2026-06-10,JPM_1,JPM,0.9006107045912038,52,20,1.923664052338903
2026-06-10,JPM_2,JPM,0.8596856547273112,49,17,0.9824991689042043
2026-06-10,JPM_3,JPM,0.8534992568415173,47,17,1.4550405124711934
2026-06-10,JPM_4,JPM,0.8806271102864637,46,17,1.06097389623135
2026-06-10,JPM_5,JPM,0.8831201064973565,42,17,1.6545957841052936
2026-06-10,BAC_1,BAC,0.7935060526992107,49,15,3.318279661405512
2026-06-10,BAC_2,BAC,0.8010097966366386,47,17,2.418350933653739
2026-06-10,BAC_3,BAC,0.8047420563815023,42,17,2.4236827140247685
2026-06-10,BAC_4,BAC,0.7817150497376074,52,16,2.7320188667936565
2026-06-10,BAC_5,BAC,0.7719267464024807,35,16,3.1638849076251576
2026-06-10,C_1,C,0.7702726059597671,34,14,1.5597411783917392
2026-06-10,C_2,C,0.7466797287408771,40,15,3.061874958352416
2026-06-10,C_3,C,0.7534895446106685,42,16,1.9505335118919567
2026-06-10,C_4,C,0.7583692164793738,43,14,2.178286772803612
2026-06-10,C_5,C,0.7513940006852478,38,17,1.5549631533504193
2026-06-10,WFC_1,WFC,0.816497245739412,40,14,2.2456353743962243
2026-06-10,WFC_2,WFC,0.8374984723005986,45,17,0.9276397573172676
2026-06-10,WFC_3,WFC,0.8223860964144107,45,16,2.3399267161804507
2026-06-10,WFC_4,WFC,0.7741696914514873,42,15,2.891765529906584
2026-06-10,WFC_5,WFC,0.7961197464176708,43,14,1.7953725388713668
2026-06-11,JPM_1,JPM,0.8886887106397748,47,16,2.5900569361337027
2026-06-11,JPM_2,JPM,0.8752638867639282,51,16,1.1182184176596799
2026-06-11,JPM_3,JPM,0.8800246045752822,41,19,2.0628928142724385
2026-06-11,JPM_4,JPM,0.8986881068131382,47,15,0.5
2026-06-11,JPM_5,JPM,0.8745806966654961,47,17,1.252127116039898
2026-06-11,BAC_1,BAC,0.819591586768311,51,18,1.670140171056574
2026-06-11,BAC_2,BAC,0.7807047503001223,46,15,2.7791748853928433
2026-06-11,BAC_3,BAC,0.767577605489553,46,12,3.187231109623416
2026-06-11,BAC_4,BAC,0.8072388837154979,42,14,2.616631590502439
2026-06-11,BAC_5,BAC,0.8027315110024541,42,18,2.0466533422764277
2026-06-11,C_1,C,0.7643903314218292,36,16,3.239709634278232
2026-06-11,C_2,C,0.801129261508371,40,16,2.447730372413713
2026-06-11,C_3,C,0.7485065773620186,38,14,2.7577597194583223
2026-06-11,C_4,C,0.7351297731287225,28,14,3.594600494637304
2026-06-11,C_5,C,0.7601971052788472,50,15,2.640656587222616
2026-06-11,WFC_1,WFC,0.8188569066335429,46,17,2.5681860022547602
2026-06-11,WFC_2,WFC,0.8242422956334584,50,17,1.6182286904141052
2026-06-11,WFC_3,WFC,0.7854433442116032,43,15,1.8779336238167734
2026-06-11,WFC_4,WFC,0.7849524429059854,46,16,2.0960943961532266
2026-06-11,WFC_5,WFC,0.8080827698674942,40,19,1.503428141318826
2026-06-12,JPM_1,JPM,0.887587317488754,43,15,2.4563990582951227
2026-06-12,JPM_2,JPM,0.8737770203927754,56,16,1.2570643259423278
2026-06-12,JPM_3,JPM,0.8382360941795077,43,17,2.516900877722525
2026-06-12,JPM_4,JPM,0.8673585308502159,48,17,1.8112288113326935
2026-06-12,JPM_5,JPM,0.8276771773700936,43,15,2.4034099429693736
2026-06-12,BAC_1,BAC,0.7828572029730714,43,15,2.4453318813532277
2026-06-12,BAC_2,BAC,0.7833716158400182,41,14,2.3659048978285564
2026-06-12,BAC_3,BAC,0.8022719318963639,46,17,1.618363202400888
2026-06-12,BAC_4,BAC,0.77422089021017,41,16,3.104544861038529
2026-06-12,BAC_5,BAC,0.8117012511260373,40,17,2.095370069072199
2026-06-12,C_1,C,0.7887711739586889,37,16,2.2823864516582995
2026-06-12,C_2,C,0.7565685890166096,42,16,3.026362679729435
2026-06-12,C_3,C,0.7435477870458663,38,15,2.216141308659571
2026-06-12,C_4,C,0.7409981424541129,36,15,3.1184414423620836
2026-06-12,C_5,C,0.7651567568510171,40,15,1.3671852962124746
2026-06-12,WFC_1,WFC,0.8189325301593712,43,16,2.002123621437959
2026-06-12,WFC_2,WFC,0.8289503996484487,52,18,2.3998286493470236
2026-06-12,WFC_3,WFC,0.8064007617296953,40,16,2.3735802253002163
2026-06-12,WFC_4,WFC,0.7943849158818294,46,17,1.9606533185097974
2026-06-12,WFC_5,WFC,0.8110898249165712,46,15,2.058636228847569
2026-06-15,JPM_1,JPM,0.8569377323718455,47,18,1.8412872498342159
2026-06-15,JPM_2,JPM,0.8919035328355553,49,16,0.7200390187334598
2026-06-15,JPM_3,JPM,0.8680727363193361,46,17,1.393273873902397
2026-06-15,JPM_4,JPM,0.8722588998971332,44,18,1.6346545319129726
2026-06-15,JPM_5,JPM,0.8959430532406535,55,17,2.1208609473069067
2026-06-15,BAC_1,BAC,0.8102433519549012,42,15,1.7922191343698564
2026-06-15,BAC_2,BAC,0.7961867188163998,49,17,2.2653529501171903
2026-06-15,BAC_3,BAC,0.7709933020481197,48,15,2.665511816659335
2026-06-15,BAC_4,BAC,0.7746901060236153,39,16,2.5041217057099834
2026-06-15,BAC_5,BAC,0.7762501344293392,45,16,2.2130448498186066
2026-06-15,C_1,C,0.7646628200675328,50,14,3.741961359330592
2026-06-15,C_2,C,0.7697867439666498,46,16,1.7015178813789977
2026-06-15,C_3,C,0.7364799805823001,39,14,3.1003540263530045
2026-06-15,C_4,C,0.753038847219006,39,15,2.9540365530591592
2026-06-15,C_5,C,0.7366599520310597,44,15,3.3461786726604577
2026-06-15,WFC_1,WFC,0.8465719501805262,44,16,1.4981965671988757
2026-06-15,WFC_2,WFC,0.8263977292190898,42,16,2.17638662091871
2026-06-15,WFC_3,WFC,0.8174219693637166,49,16,1.565792818805311
2026-06-15,WFC_4,WFC,0.7889527234633512,37,14,1.7606637157363536
2026-06-15,WFC_5,WFC,0.7791859614094924,44,15,2.1534141527848387
2026-06-16,JPM_1,JPM,0.874147182618879,49,16,1.074886106966471
2026-06-16,JPM_2,JPM,0.8873469588208048,47,18,0.5
2026-06-16,JPM_3,JPM,0.8885777531156813,44,17,1.6133367963912653
2026-06-16,JPM_4,JPM,0.8768321561623362,49,18,1.595430130048981
2026-06-16,JPM_5,JPM,0.8764993328122828,47,17,1.0776423289539254
2026-06-16,BAC_1,BAC,0.8000264168054532,44,14,2.347981323768856
2026-06-16,BAC_2,BAC,0.8047445303415285,47,14,1.1427167486240277
2026-06-16,BAC_3,BAC,0.7673441634181271,40,16,1.4030056887210713
2026-06-16,BAC_4,BAC,0.7814957550554008,50,15,1.6670922711638423
2026-06-16,BAC_5,BAC,0.7722153424897128,43,18,2.710410436463565
2026-06-16,C_1,C,0.7577446467077055,41,14,2.424328684570633
2026-06-16,C_2,C,0.7962776074317576,49,16,1.8379176551193916
2026-06-16,C_3,C,0.7671544653012213,43,17,2.1119729986757694
2026-06-16,C_4,C,0.7365198940296279,38,14,1.9702723955862336
2026-06-16,C_5,C,0.752320553250647,36,13,2.520048277343464
2026-06-16,WFC_1,WFC,0.8103892473607537,47,15,1.8239427039955292
2026-06-16,WFC_2,WFC,0.8444497034454777,50,17,1.7312990904342915
2026-06-16,WFC_3,WFC,0.8159158942935494,47,17,1.6869883431036257
2026-06-16,WFC_4,WFC,0.7986625351952306,39,16,1.8971486465717717
2026-06-16,WFC_5,WFC,0.7904069393130557,45,14,1.767050257696349
2026-06-17,JPM_1,JPM,0.8521707401204663,53,19,0.9714334865182558
2026-06-17,JPM_2,JPM,0.8659701618572041,43,17,1.4328715980472513
2026-06-17,JPM_3,JPM,0.8976474017831326,43,18,0.8378578354441228
2026-06-17,JPM_4,JPM,0.8648130691296917,55,17,1.9415230197073556
2026-06-17,JPM_5,JPM,0.8535556909068739,41,17,1.5669140937976174
2026-06-17,BAC_1,BAC,0.8098750688567619,42,17,2.016801722743866
2026-06-17,BAC_2,BAC,0.7932921474476735,36,16,1.8437344062580001
2026-06-17,BAC_3,BAC,0.8082614776960123,45,16,2.8073592254869655
2026-06-17,BAC_4,BAC,0.7756246396966356,43,17,2.194650480081828
2026-06-17,BAC_5,BAC,0.79678560840171,43,16,2.263416221145271
2026-06-17,C_1,C,0.7537225203547979,40,13,2.011034496982564
2026-06-17,C_2,C,0.7464347293052497,43,14,2.4393737690669255
2026-06-17,C_3,C,0.7731570512247167,42,15,2.2240986168280665
2026-06-17,C_4,C,0.7499616129947159,44,14,2.316535445976428
2026-06-17,C_5,C,0.7547947333453949,36,14,4.176081135649697
2026-06-17,WFC_1,WFC,0.8171470897122335,43,16,1.0084832139536568
2026-06-17,WFC_2,WFC,0.8207613397826259,49,15,1.984877190344946
2026-06-17,WFC_3,WFC,0.8176784167451784,46,17,2.2147835114461696
2026-06-17,WFC_4,WFC,0.7780689099116522,42,16,1.7748331219169482
2026-06-17,WFC_5,WFC,0.7924171649393094,50,16,2.551118788803739
2026-06-18,JPM_1,JPM,0.8800068313205895,47,16,0.7412440618778539
2026-06-18,JPM_2,JPM,0.8860533253383629,45,18,1.5959955564904884
2026-06-18,JPM_3,JPM,0.8542108606653829,43,20,1.9173723491642964
2026-06-18,JPM_4,JPM,0.839868953689336,45,17,1.4414435390030245
2026-06-18,JPM_5,JPM,0.8884160976044673,46,18,0.7442605088299212
2026-06-18,BAC_1,BAC,0.83729472736989,40,15,0.5
2026-06-18,BAC_2,BAC,0.8063193258827918,47,16,2.8076399610228315
2026-06-18,BAC_3,BAC,0.7901761146606957,44,15,2.528534579678728
2026-06-18,BAC_4,BAC,0.8091158210665006,48,16,1.5025736297597714
2026-06-18,BAC_5,BAC,0.7813175996773631,49,15,2.5757708628115634
2026-06-18,C_1,C,0.7567817186724964,42,14,2.8607248032313466
2026-06-18,C_2,C,0.7424156425901128,43,16,3.2987819973086356
2026-06-18,C_3,C,0.7774760155918448,39,15,3.2378428594177207
2026-06-18,C_4,C,0.751421838536313,43,17,4.644297931471767
2026-06-18,C_5,C,0.744694139582478,49,13,2.806898218325935
2026-06-18,WFC_1,WFC,0.8461208474710653,48,17,1.446624793908545
2026-06-18,WFC_2,WFC,0.8269784120817214,48,18,2.476436020869866
2026-06-18,WFC_3,WFC,0.7691478102623879,35,16,2.672067174013259
2026-06-18,WFC_4,WFC,0.7966400636169212,45,15,1.5359339272544923
2026-06-18,WFC_5,WFC,0.8397194362034315,39,16,2.031917579844726
2026-06-19,JPM_1,JPM,0.9035392872622288,46,20,1.5997316735855887
2026-06-19,JPM_2,JPM,0.8711356856180273,43,16,0.5
2026-06-19,JPM_3,JPM,0.881010152112911,43,18,1.194808715131323
2026-06-19,JPM_4,JPM,0.8800482529755106,52,19,0.5051218345907448
2026-06-19,JPM_5,JPM,0.8372942799491196,42,18,1.69889690209559
2026-06-19,BAC_1,BAC,0.8328390535452208,51,15,2.803642856088886
2026-06-19,BAC_2,BAC,0.8147937115250224,50,17,1.3975480382502374
2026-06-19,BAC_3,BAC,0.7816008194201085,43,15,1.8222010532223427
2026-06-19,BAC_4,BAC,0.7547687129810602,37,15,2.2062042453008575
2026-06-19,BAC_5,BAC,0.7869688553875953,39,15,3.0506614805826193
2026-06-19,C_1,C,0.796209364106361,37,14,1.9270794904015554
2026-06-19,C_2,C,0.7646534232501958,38,16,2.342401633585346
2026-06-19,C_3,C,0.7372398570280508,43,14,2.8141041899747465
2026-06-19,C_4,C,0.7577438836013667,42,14,3.0309153404045848
2026-06-19,C_5,C,0.7403302408323941,40,15,3.012941467049637
2026-06-19,WFC_1,WFC,0.8370620324841418,46,17,1.0169614682261914
2026-06-19,WFC_2,WFC,0.8067204670088132,44,16,2.271200203021373
2026-06-19,WFC_3,WFC,0.8078887123143729,41,16,2.9110179394105855
2026-06-19,WFC_4,WFC,0.7964208871504446,41,15,1.4268799435873412
2026-06-19,WFC_5,WFC,0.8172361988441976,44,14,2.7288972023825586
2026-06-22,JPM_1,JPM,0.8703331411719758,41,16,1.989563205228572
2026-06-22,JPM_2,JPM,0.8898932396859749,49,17,1.6255156127676926
2026-06-22,JPM_3,JPM,0.8580558892840127,45,18,1.7789984188985628
2026-06-22,JPM_4,JPM,0.8828711875874966,49,19,0.8717172405723117
2026-06-22,JPM_5,JPM,0.8879761620376401,44,18,2.831778521813594
2026-06-22,BAC_1,BAC,0.831330355854082,51,17,1.6509681924455737
2026-06-22,BAC_2,BAC,0.7829211894230402,42,14,3.3298044652061987
2026-06-22,BAC_3,BAC,0.7846433328808805,44,15,2.8596013650773013
2026-06-22,BAC_4,BAC,0.8061178908590129,49,17,4.086947097391977
2026-06-22,BAC_5,BAC,0.8309576951639507,43,18,1.228395550035894
2026-06-22,C_1,C,0.7518387109267645,35,14,1.9889527448792237
2026-06-22,C_2,C,0.7522487806649185,42,15,1.9804049525192793
2026-06-22,C_3,C,0.7756668021628482,43,14,2.753164326178438
2026-06-22,C_4,C,0.7296452720591428,39,15,2.166706905648275
2026-06-22,C_5,C,0.754809249384207,43,17,2.8256999771805504
2026-06-22,WFC_1,WFC,0.7648309548450507,41,16,3.3405435803520125
2026-06-22,WFC_2,WFC,0.798111018319261,46,16,1.463498252690568
2026-06-22,WFC_3,WFC,0.8299163640919925,43,17,1.2078531852792265
2026-06-22,WFC_4,WFC,0.8169119627850236,49,18,2.073828671307186
2026-06-22,WFC_5,WFC,0.7856879173507963,38,16,2.0717514316312933
2026-06-23,JPM_1,JPM,0.8741292448715733,40,20,1.356229051196255
2026-06-23,JPM_2,JPM,0.9092093558261105,46,18,0.50656611255612
2026-06-23,JPM_3,JPM,0.8659600597009113,46,18,0.5
2026-06-23,JPM_4,JPM,0.8440011946750928,54,17,1.839521027249585
2026-06-23,JPM_5,JPM,0.8913286126669979,46,19,2.209827690836112
2026-06-23,BAC_1,BAC,0.7945136578834546,46,15,3.392759375103127
2026-06-23,BAC_2,BAC,0.7952378222030001,40,16,3.9645545945691696
2026-06-23,BAC_3,BAC,0.7752305703077902,39,17,3.2633278846419227
2026-06-23,BAC_4,BAC,0.7745878694381908,39,16,1.6748711336615818
2026-06-23,BAC_5,BAC,0.7876235320421201,42,19,1.7562973317526618
2026-06-23,C_1,C,0.7691426661640077,40,17,1.780291674738097
2026-06-23,C_2,C,0.784813474209803,36,16,2.232403583323558
2026-06-23,C_3,C,0.7371861048646495,48,14,1.979434248236878
2026-06-23,C_4,C,0.756153143230273,42,15,1.8885350517359687
2026-06-23,C_5,C,0.7305342969953302,33,14,2.818226118218235
2026-06-23,WFC_1,WFC,0.8575354996444031,39,17,2.0369449842659373
2026-06-23,WFC_2,WFC,0.8008552163287502,38,16,2.2153289348860783
2026-06-23,WFC_3,WFC,0.8323292493174155,47,17,1.732966499438062
2026-06-23,WFC_4,WFC,0.7950177990633667,35,16,2.0308886784824116
2026-06-23,WFC_5,WFC,0.7941754321120592,45,16,2.6647696769205953
2026-06-24,JPM_1,JPM,0.8930871367277319,47,17,0.8750825834652176
2026-06-24,JPM_2,JPM,0.8644591684615733,35,15,1.409988381760284
2026-06-24,JPM_3,JPM,0.8806985666195519,46,18,0.7376108186130212
2026-06-24,JPM_4,JPM,0.8802759850164967,48,17,1.378091242091913
2026-06-24,JPM_5,JPM,0.8767851647658701,47,18,1.4852059634082213
2026-06-24,BAC_1,BAC,0.7706331594677551,45,16,2.9569519433181872
2026-06-24,BAC_2,BAC,0.7897091654045169,52,16,3.548333420004081
2026-06-24,BAC_3,BAC,0.7723744046526042,47,14,2.9197692607683923
2026-06-24,BAC_4,BAC,0.7850715160610243,46,16,2.5649149494129038
2026-06-24,BAC_5,BAC,0.7631072953942611,43,15,2.013330060715862
2026-06-24,C_1,C,0.7731379704002376,47,14,2.520633274819585
2026-06-24,C_2,C,0.7367723548607366,39,13,3.0250132022156815
2026-06-24,C_3,C,0.752728427134644,45,13,2.6664253436851224
2026-06-24,C_4,C,0.7582016549288806,42,15,2.142443847021716
2026-06-24,C_5,C,0.7351048047185121,40,15,3.2116200264091317
2026-06-24,WFC_1,WFC,0.8284456515909449,48,15,0.5589141068324992
2026-06-24,WFC_2,WFC,0.8699829945687798,48,19,1.7557541235898353
2026-06-24,WFC_3,WFC,0.802602252134841,44,17,2.0812994184909877
2026-06-24,WFC_4,WFC,0.8060887433767403,50,16,1.7846305629931059
2026-06-24,WFC_5,WFC,0.8055212176326867,46,17,1.3390838964852168
2026-06-25,JPM_1,JPM,0.8857045277457553,51,18,2.225588278542889
2026-06-25,JPM_2,JPM,0.8708745259347729,45,17,1.67125616376254
2026-06-25,JPM_3,JPM,0.8562500423709998,46,17,1.777902271771881
2026-06-25,JPM_4,JPM,0.8802819769035979,49,16,0.7829503260187611
2026-06-25,JPM_5,JPM,0.8555565045435907,39,17,0.5925333738621149
2026-06-25,BAC_1,BAC,0.8350730011929673,33,16,1.814330256963417
2026-06-25,BAC_2,BAC,0.7786859411061429,44,15,1.7241284005112085
2026-06-25,BAC_3,BAC,0.8010100468575967,37,16,1.9830824983856286
2026-06-25,BAC_4,BAC,0.7633090369602068,41,15,2.2405742572890746
2026-06-25,BAC_5,BAC,0.7833772062881819,44,14,3.9303497966294216
2026-06-25,C_1,C,0.7808190565656741,46,16,2.284289901612525
2026-06-25,C_2,C,0.7759383056334666,38,16,3.1739577159553485
2026-06-25,C_3,C,0.76078976083548,36,13,2.763192572724046
2026-06-25,C_4,C,0.7666818266848632,50,13,1.229252417650971
2026-06-25,C_5,C,0.7162812625729729,34,16,3.350110884941218
2026-06-25,WFC_1,WFC,0.7934200704079529,47,17,2.2630193628039064
2026-06-25,WFC_2,WFC,0.8097078649743675,49,18,2.2657024912416692
2026-06-25,WFC_3,WFC,0.8065368569450084,39,18,3.3501723651040205
2026-06-25,WFC_4,WFC,0.8084759196094685,44,15,1.8342839416910923
2026-06-25,WFC_5,WFC,0.7929753787256928,44,16,2.714610365877284
2026-06-26,JPM_1,JPM,0.902294949925401,52,16,1.4513637335861098
2026-06-26,JPM_2,JPM,0.891726474646176,49,16,1.390563223692178
2026-06-26,JPM_3,JPM,0.9091828818901458,58,18,1.9752407284374893
2026-06-26,JPM_4,JPM,0.8527267636218753,47,18,1.4385958011961129
2026-06-26,JPM_5,JPM,0.8456014690976424,51,20,2.3350142849179245
2026-06-26,BAC_1,BAC,0.786393316370588,46,14,1.8344836845690566
2026-06-26,BAC_2,BAC,0.7977670151001854,44,16,2.514240605067387
2026-06-26,BAC_3,BAC,0.795946847292268,46,17,2.4048754124893232
2026-06-26,BAC_4,BAC,0.7760832662208068,41,15,2.8367269353028224
2026-06-26,BAC_5,BAC,0.7654409829951181,40,15,0.9543323421609289
2026-06-26,C_1,C,0.7527312683899384,41,15,2.2302251895957457
2026-06-26,C_2,C,0.7572022083960284,39,14,2.590618799092358
2026-06-26,C_3,C,0.7285568170874033,38,13,2.6625727512072586
2026-06-26,C_4,C,0.7383515176744693,41,14,2.255993115943821
2026-06-26,C_5,C,0.722097480956531,33,14,3.5070841608077368
2026-06-26,WFC_1,WFC,0.8282255650100627,42,16,2.104187448492888
2026-06-26,WFC_2,WFC,0.8179476802919344,42,17,2.2862822504492484
2026-06-26,WFC_3,WFC,0.8116103314460753,38,16,3.0566025944890267
2026-06-26,WFC_4,WFC,0.7855394794701942,44,16,1.7732154544133922
2026-06-26,WFC_5,WFC,0.7983131607871324,39,15,1.4154196586508978
2026-06-29,JPM_1,JPM,0.8945795417363808,45,19,2.2013336127986554
2026-06-29,JPM_2,JPM,0.8776255597855429,45,17,2.1318502477221024
2026-06-29,JPM_3,JPM,0.8836613429174149,46,16,1.2816760287516609
2026-06-29,JPM_4,JPM,0.8486325344857012,47,18,0.7006516589327324
2026-06-29,JPM_5,JPM,0.8663981498295776,45,17,1.6219517069747778
2026-06-29,BAC_1,BAC,0.8324181415437448,48,17,0.6752131502775984
2026-06-29,BAC_2,BAC,0.7748613785177365,50,16,1.5564122281999682
2026-06-29,BAC_3,BAC,0.8327598812875427,44,17,1.82863025869789
2026-06-29,BAC_4,BAC,0.7914368312817166,47,16,2.1469163791957913
2026-06-29,BAC_5,BAC,0.7882200068448356,44,16,2.257739623445243
2026-06-29,C_1,C,0.7637028876202631,42,17,2.9294246603618026
2026-06-29,C_2,C,0.7441499311565882,40,14,2.521807766246014
2026-06-29,C_3,C,0.7143806792567035,34,14,2.831437925442139
2026-06-29,C_4,C,0.729603881130919,38,16,3.660664768181483
2026-06-29,C_5,C,0.7636912258332598,46,15,2.2704674397028626
2026-06-29,WFC_1,WFC,0.7991637085998993,40,15,1.3927454035535134
2026-06-29,WFC_2,WFC,0.8106596772382113,37,17,2.2090230724559783
2026-06-29,WFC_3,WFC,0.8049338100567741,40,16,3.0407509352364683
2026-06-29,WFC_4,WFC,0.8094058672337463,44,18,2.406679894523796
2026-06-29,WFC_5,WFC,0.8258067611661877,47,17,1.4660286576651607
2026-06-30,JPM_1,JPM,0.873424951262642,47,15,1.7237912643118736
2026-06-30,JPM_2,JPM,0.8879500928759277,39,16,0.611327673415004
2026-06-30,JPM_3,JPM,0.8593574468509438,50,14,0.6774483718897713
2026-06-30,JPM_4,JPM,0.8765487320410255,51,17,0.8329954639638681
2026-06-30,JPM_5,JPM,0.8653059271703064,52,18,2.167244244781325
2026-06-30,BAC_1,BAC,0.7920109665118169,44,16,2.249766129611922
2026-06-30,BAC_2,BAC,0.81197744432945,43,17,1.9909334618939156
2026-06-30,BAC_3,BAC,0.8303989871081665,46,16,1.8320688423507394
2026-06-30,BAC_4,BAC,0.7851814954964188,34,14,2.759975172872476
2026-06-30,BAC_5,BAC,0.8040832297893519,39,18,2.5839012946358118
2026-06-30,C_1,C,0.800654337708968,39,15,2.4435750942637386
2026-06-30,C_2,C,0.7734006166336238,47,13,2.3978314011336734
2026-06-30,C_3,C,0.7103445260387394,40,15,4.094446155237883
2026-06-30,C_4,C,0.7227711112886155,44,14,2.6181740831107208
2026-06-30,C_5,C,0.7299516248317773,41,17,2.884902434385214
2026-06-30,WFC_1,WFC,0.8494275887302726,47,18,2.0472918584631645
2026-06-30,WFC_2,WFC,0.7718410552789294,44,16,3.2488842510048404
2026-06-30,WFC_3,WFC,0.8568637764616702,49,15,1.7953388485138628
2026-06-30,WFC_4,WFC,0.8019164886912806,37,16,3.059567891411061
2026-06-30,WFC_5,WFC,0.8181222688418255,45,15,4.257573008758088
2026-07-01,JPM_1,JPM,0.8802439255388386,49,16,1.0626217541616723
2026-07-01,JPM_2,JPM,0.8878989558149681,41,20,1.628812708241753
2026-07-01,JPM_3,JPM,0.8479019533326108,47,16,1.6575982965637142
2026-07-01,JPM_4,JPM,0.8764472757993994,50,17,1.3059679282939656
2026-07-01,JPM_5,JPM,0.8602026127468692,51,16,3.4635361355432277
2026-07-01,BAC_1,BAC,0.8323097809788029,40,16,1.6984052068816418
2026-07-01,BAC_2,BAC,0.7804048742173718,44,17,1.7824481222257398
2026-07-01,BAC_3,BAC,0.8172771691029891,43,19,1.8521647395743592
2026-07-01,BAC_4,BAC,0.7916708815871161,37,13,2.4170133853571527
2026-07-01,BAC_5,BAC,0.7742935115918821,38,14,3.861751824580612
2026-07-01,C_1,C,0.7568550361440803,41,15,2.240564988718865
2026-07-01,C_2,C,0.7722689320763694,38,16,2.6404490550207034
2026-07-01,C_3,C,0.7516034766045447,44,15,3.48128152080671
2026-07-01,C_4,C,0.7550739558084514,32,16,2.430672521660932
2026-07-01,C_5,C,0.7281074649992577,39,15,2.3163124065047747
2026-07-01,WFC_1,WFC,0.8392205225539962,51,18,1.4284357782110626
2026-07-01,WFC_2,WFC,0.8224492485698303,38,14,1.9459826389231225
2026-07-01,WFC_3,WFC,0.7958956351683737,41,17,2.733336654115531
2026-07-01,WFC_4,WFC,0.8083411215357664,48,16,2.423691736244899
2026-07-01,WFC_5,WFC,0.785712834653246,47,14,3.49632367836323
2026-07-02,JPM_1,JPM,0.8437628581065393,52,17,1.7489630741264626
2026-07-02,JPM_2,JPM,0.8814292045145049,44,18,1.095620027234538
2026-07-02,JPM_3,JPM,0.9017709211272403,45,20,1.685208071393126
2026-07-02,JPM_4,JPM,0.9024139701655334,53,18,0.5
2026-07-02,JPM_5,JPM,0.8628820113551302,48,19,1.3386627977243815
2026-07-02,BAC_1,BAC,0.8104592774685835,44,16,1.813689988666173
2026-07-02,BAC_2,BAC,0.7985648289863142,40,17,2.21154507649232
2026-07-02,BAC_3,BAC,0.8042510811371921,41,17,1.9697294619975463
2026-07-02,BAC_4,BAC,0.7967317455461441,43,18,3.0252506693170953
2026-07-02,BAC_5,BAC,0.8198577643278632,40,16,1.5413105414802446
2026-07-02,C_1,C,0.7906850483287194,47,15,2.164091298571175
2026-07-02,C_2,C,0.7604213703587803,36,15,1.7983419342404248
2026-07-02,C_3,C,0.7625118753114293,38,14,2.7428008847039336
2026-07-02,C_4,C,0.7505126402941485,41,14,3.417265360033732
2026-07-02,C_5,C,0.7357383803870088,38,16,3.3194848991653148
2026-07-02,WFC_1,WFC,0.8429770456341615,47,17,1.9975860728964543
2026-07-02,WFC_2,WFC,0.7771036879364355,44,14,3.083324371313777
2026-07-02,WFC_3,WFC,0.8381720189700721,44,16,1.6680772026511852
2026-07-02,WFC_4,WFC,0.803379114193674,45,17,1.7572130187850963
2026-07-02,WFC_5,WFC,0.8130273690868733,46,18,2.8709018864513194
2026-07-03,JPM_1,JPM,0.9185422318707375,47,20,1.0145893060171667
2026-07-03,JPM_2,JPM,0.8647902208175867,48,17,2.041026356942302
2026-07-03,JPM_3,JPM,0.8457679224241097,53,18,2.21067031299671
2026-07-03,JPM_4,JPM,0.8712197519518299,49,19,1.4484688054743944
2026-07-03,JPM_5,JPM,0.8638618070081743,43,17,1.3151229832869245
2026-07-03,BAC_1,BAC,0.7896326087337255,45,16,1.5788650976719596
2026-07-03,BAC_2,BAC,0.8091224836228953,38,17,2.6192513913796054
2026-07-03,BAC_3,BAC,0.7882607091629762,51,17,1.4701516322600807
2026-07-03,BAC_4,BAC,0.7749966652007297,42,15,1.8326023307270622
2026-07-03,BAC_5,BAC,0.7791596135838239,46,15,3.165291467506268
2026-07-03,C_1,C,0.7881192688778399,47,18,2.2486607991407923
2026-07-03,C_2,C,0.764542953720317,40,15,2.666187529823921
2026-07-03,C_3,C,0.7344888345272911,38,15,3.0736867481311383
2026-07-03,C_4,C,0.7662800508346299,39,15,2.273931048418672
2026-07-03,C_5,C,0.734279604047486,44,15,2.1852683083379323
2026-07-03,WFC_1,WFC,0.8288408952024054,47,17,1.8081979275569473
2026-07-03,WFC_2,WFC,0.8355042777928758,44,17,2.3140575718945535
2026-07-03,WFC_3,WFC,0.7873622495768313,40,18,2.6165087524310553
2026-07-03,WFC_4,WFC,0.8103165585466872,42,15,3.053846993065404
2026-07-03,WFC_5,WFC,0.7989347073000789,39,18,2.2169174427224627
2026-07-06,JPM_1,JPM,0.8847168867000533,52,18,1.714388997035955
2026-07-06,JPM_2,JPM,0.8727887942492991,45,15,1.0803039227092266
2026-07-06,JPM_3,JPM,0.8747289356091446,42,17,1.8539772777618742
2026-07-06,JPM_4,JPM,0.9064575134445041,41,18,0.8475634990098866
2026-07-06,JPM_5,JPM,0.8210673715537797,47,17,2.351796858029416
2026-07-06,BAC_1,BAC,0.8248575367733263,47,17,2.440091853994052
2026-07-06,BAC_2,BAC,0.7924598297539641,37,15,1.7300637542576736
2026-07-06,BAC_3,BAC,0.8057467367002882,46,14,1.7603904708011398
2026-07-06,BAC_4,BAC,0.7589316783345678,44,14,2.3772792293015086
2026-07-06,BAC_5,BAC,0.7696431848578807,37,18,1.980367029776041
2026-07-06,C_1,C,0.7622795533692114,44,15,2.872800335065208
2026-07-06,C_2,C,0.7608754282413704,35,13,3.1137902822779107
2026-07-06,C_3,C,0.7357525758207369,39,12,3.110231962623521
2026-07-06,C_4,C,0.7379038748877377,44,14,1.2385821941839499
2026-07-06,C_5,C,0.7764290321180058,48,13,3.586050385325775
2026-07-06,WFC_1,WFC,0.8295545837927203,54,16,2.6199699437521224
2026-07-06,WFC_2,WFC,0.848259739350248,46,18,0.5
2026-07-06,WFC_3,WFC,0.7560837022465323,43,14,2.551822621328658
2026-07-06,WFC_4,WFC,0.8129510338439759,49,15,1.3814415517411622
2026-07-06,WFC_5,WFC,0.8045398553006443,47,16,3.1052901469173415
2026-07-07,JPM_1,JPM,0.9037563313908247,51,19,1.542533588345007
2026-07-07,JPM_2,JPM,0.8768764007763061,48,17,2.4074490881477413
2026-07-07,JPM_3,JPM,0.8963101891808973,53,19,1.4159789872784776
2026-07-07,JPM_4,JPM,0.8464722693650851,49,19,1.9713179787186768
2026-07-07,JPM_5,JPM,0.8515842683843707,52,16,1.5041739023341085
2026-07-07,BAC_1,BAC,0.8209978307662607,47,16,1.0467697550009236
2026-07-07,BAC_2,BAC,0.8040754348010679,40,13,3.261877409515547
2026-07-07,BAC_3,BAC,0.800916874082217,41,17,2.918036119818328
2026-07-07,BAC_4,BAC,0.7662580900430821,45,15,2.545304167025985
2026-07-07,BAC_5,BAC,0.7977798026369347,39,16,1.9130826021550078
2026-07-07,C_1,C,0.7597458059587686,40,15,1.8003718682188226
2026-07-07,C_2,C,0.7458639643860373,41,14,2.6447111018563487
2026-07-07,C_3,C,0.7568608951241229,42,16,3.776739749391313
2026-07-07,C_4,C,0.7282561796701229,36,14,3.2281178941677076
2026-07-07,C_5,C,0.7520181486519737,41,15,2.8001775396149227
2026-07-07,WFC_1,WFC,0.8428467159469414,46,16,0.9966332755441233
2026-07-07,WFC_2,WFC,0.8142070404163363,43,16,2.240009189078873
2026-07-07,WFC_3,WFC,0.7856759134437815,45,16,2.5214275998812377
2026-07-07,WFC_4,WFC,0.807880458071381,46,17,2.3472556432715126
2026-07-07,WFC_5,WFC,0.7762972567293701,38,17,1.8034948736695644
2026-07-08,JPM_1,JPM,0.8979549284930854,49,15,0.5818688715072983
2026-07-08,JPM_2,JPM,0.8612479953566594,45,18,1.8238811499349563
2026-07-08,JPM_3,JPM,0.8855027454730383,42,16,1.1406529466361706
2026-07-08,JPM_4,JPM,0.9051789924106258,57,16,0.5
2026-07-08,JPM_5,JPM,0.852297864530119,56,17,2.0240769782746098
2026-07-08,BAC_1,BAC,0.7874790575471318,44,16,2.291151419650032
2026-07-08,BAC_2,BAC,0.7824664748401916,42,17,1.1482371302065413
2026-07-08,BAC_3,BAC,0.8105119766092146,37,16,2.97448525676327
2026-07-08,BAC_4,BAC,0.775872303840804,44,15,2.0592715385050986
2026-07-08,BAC_5,BAC,0.7910260802203628,40,18,2.565663200267948
2026-07-08,C_1,C,0.7747826855249427,46,15,1.4410283168141391
2026-07-08,C_2,C,0.7460248798784036,38,16,1.8960413512041359
2026-07-08,C_3,C,0.7346507530030161,36,17,3.095599572285568
2026-07-08,C_4,C,0.7657658687506276,39,17,2.207342675008043
2026-07-08,C_5,C,0.7416716846679277,42,16,2.2680881161244324
2026-07-08,WFC_1,WFC,0.8293856429585342,41,17,1.3299317176828138
2026-07-08,WFC_2,WFC,0.8130497072691756,48,16,4.109024360196729
2026-07-08,WFC_3,WFC,0.8255779705857466,40,16,2.4338164605703083
2026-07-08,WFC_4,WFC,0.8032044692325994,49,16,2.749729050934052
2026-07-08,WFC_5,WFC,0.7798432295616778,38,15,3.051599366142252
2026-07-09,JPM_1,JPM,0.9048325964312621,44,19,1.5091188092223948
2026-07-09,JPM_2,JPM,0.8989334837093593,52,16,1.1219849811518852
2026-07-09,JPM_3,JPM,0.8693458461718452,57,18,1.583977268729945
2026-07-09,JPM_4,JPM,0.8684050235205099,41,18,2.955968258330407
2026-07-09,JPM_5,JPM,0.8733034916532091,52,17,1.1632758718156808
2026-07-09,BAC_1,BAC,0.8117908508232117,42,16,2.2589291144546726
2026-07-09,BAC_2,BAC,0.8403976826086585,50,16,1.528744565956194
2026-07-09,BAC_3,BAC,0.8300590807048882,42,15,2.453688402526452
2026-07-09,BAC_4,BAC,0.7807244898578792,52,15,2.2374276705800127
2026-07-09,BAC_5,BAC,0.7824037500262861,46,17,1.7190788424893446
2026-07-09,C_1,C,0.8246501159984727,48,16,1.700284736777778
2026-07-09,C_2,C,0.7655256166630868,42,16,1.3549161021963774
2026-07-09,C_3,C,0.7312515945677643,45,13,3.5216017280940055
2026-07-09,C_4,C,0.7411714985448776,45,15,2.734745774519497
2026-07-09,C_5,C,0.7428262203736862,37,13,2.776854998114073
2026-07-09,WFC_1,WFC,0.8119848555381294,44,15,2.3936716716337507
2026-07-09,WFC_2,WFC,0.8158328985896257,45,16,2.198532188836763
2026-07-09,WFC_3,WFC,0.8173448354479239,42,17,1.8937119983542061
2026-07-09,WFC_4,WFC,0.8066860779295135,39,17,2.5475363796120156
2026-07-09,WFC_5,WFC,0.8003209900498863,45,19,1.442842788389675
2026-07-10,JPM_1,JPM,0.9071177152007036,49,17,2.160514146237495
2026-07-10,JPM_2,JPM,0.886891938687218,59,18,0.9628370298493133
2026-07-10,JPM_3,JPM,0.9002121099362699,50,15,0.5047816070548662
2026-07-10,JPM_4,JPM,0.8774826154507852,53,19,2.085941578715519
2026-07-10,JPM_5,JPM,0.8690181120176214,50,17,1.0902151054695404
2026-07-10,BAC_1,BAC,0.8257851108284677,45,17,2.7270392903512284
2026-07-10,BAC_2,BAC,0.8356272422446609,46,14,1.6419804452259799
2026-07-10,BAC_3,BAC,0.793437020706265,40,16,1.610687915065711
2026-07-10,BAC_4,BAC,0.7679932980015588,41,14,2.532669616874265
2026-07-10,BAC_5,BAC,0.8035885499819336,44,16,2.157835969103234
2026-07-10,C_1,C,0.7715068833885,40,16,2.2420559438823426
2026-07-10,C_2,C,0.7719548785853765,45,14,2.783664662700688
2026-07-10,C_3,C,0.7884544970047708,41,15,1.5499975987759016
2026-07-10,C_4,C,0.75604528540378,42,17,3.571917607475007
2026-07-10,C_5,C,0.7674264041470775,41,15,3.3288110233364994
2026-07-10,WFC_1,WFC,0.8374230325423341,51,18,2.035576503436211
2026-07-10,WFC_2,WFC,0.814998045276716,45,17,1.8007617952337431
2026-07-10,WFC_3,WFC,0.7690900553523949,39,15,3.0748325311526177
2026-07-10,WFC_4,WFC,0.8132332571804786,44,19,2.7459033079018664
2026-07-10,WFC_5,WFC,0.8201147818901873,42,17,2.4982696578051193
2026-07-13,JPM_1,JPM,0.8763585573020366,47,17,1.0703359867283846
2026-07-13,JPM_2,JPM,0.8489779814286167,44,16,2.623309316248356
2026-07-13,JPM_3,JPM,0.8789506910830558,46,15,1.6530121157677096
2026-07-13,JPM_4,JPM,0.8699301296902844,44,18,0.5
2026-07-13,JPM_5,JPM,0.8496127803819311,50,16,2.5031811219200817
2026-07-13,BAC_1,BAC,0.7988701448291249,46,14,2.391388616083547
2026-07-13,BAC_2,BAC,0.8263631558730672,41,15,2.261905935504816
2026-07-13,BAC_3,BAC,0.7665068291523047,43,16,3.1063393790945977
2026-07-13,BAC_4,BAC,0.7951520033764484,53,17,2.5418343110202564
2026-07-13,BAC_5,BAC,0.8110522709182645,46,15,2.295451088813679
2026-07-13,C_1,C,0.7760075114601722,41,15,1.6934604620796054
2026-07-13,C_2,C,0.733574248218208,37,16,2.375050144450917
2026-07-13,C_3,C,0.721559731910616,38,15,2.6623885317883342
2026-07-13,C_4,C,0.7367340121319597,40,15,4.210125245697214
2026-07-13,C_5,C,0.7316502208359312,37,14,3.23919468730029
2026-07-13,WFC_1,WFC,0.8362524002693582,45,15,1.6145204257123233
2026-07-13,WFC_2,WFC,0.8233870919696247,43,18,2.6462485668974765
2026-07-13,WFC_3,WFC,0.8169236892215541,44,16,2.4637065948378045
2026-07-13,WFC_4,WFC,0.8136772830614277,42,16,2.7372560249125115
2026-07-13,WFC_5,WFC,0.8145563235797227,49,17,1.8464459044832462
2026-07-14,JPM_1,JPM,0.9025072043386793,53,18,0.5
2026-07-14,JPM_2,JPM,0.8564822878018317,51,18,1.5215514110073087
2026-07-14,JPM_3,JPM,0.8602834376361306,43,18,1.2695521424339327
2026-07-14,JPM_4,JPM,0.8670429617141213,46,17,1.1747188079817934
2026-07-14,JPM_5,JPM,0.8576734345716864,50,17,1.6828772610833116
2026-07-14,BAC_1,BAC,0.8298737130355301,47,14,1.6975044477097438
2026-07-14,BAC_2,BAC,0.8207228867023983,46,17,3.023420764980309
2026-07-14,BAC_3,BAC,0.7870210529827805,41,17,1.646523168524472
2026-07-14,BAC_4,BAC,0.8131656263034248,48,17,2.4796124479309807
2026-07-14,BAC_5,BAC,0.7528554631421521,42,16,1.4670928712422058
2026-07-14,C_1,C,0.753611837745699,40,16,3.794549968005167
2026-07-14,C_2,C,0.7593693836770558,38,15,2.672025279041824
2026-07-14,C_3,C,0.724624163909645,43,13,3.529726592181787
2026-07-14,C_4,C,0.7507235464173024,41,14,1.991062749935733
2026-07-14,C_5,C,0.7105243074243784,35,14,2.514225983084682
2026-07-14,WFC_1,WFC,0.818619858722449,40,17,2.466286829259202
2026-07-14,WFC_2,WFC,0.8464822599301102,51,17,1.1136524986283207
2026-07-14,WFC_3,WFC,0.7892868098366448,39,16,2.912458768108287
2026-07-14,WFC_4,WFC,0.7979212390772417,47,17,1.3154807657933976
2026-07-14,WFC_5,WFC,0.7638158175468472,40,17,3.346472198118297
2026-07-15,JPM_1,JPM,0.9220538974235722,46,18,0.6690073502910836
2026-07-15,JPM_2,JPM,0.8705283359270405,52,18,1.193924603940552
2026-07-15,JPM_3,JPM,0.8719686514400987,46,18,2.1415068205943633
2026-07-15,JPM_4,JPM,0.9004373509055293,48,17,1.6926137980624194
2026-07-15,JPM_5,JPM,0.8521729759938125,45,16,1.106434925142905
2026-07-15,BAC_1,BAC,0.784123374809627,45,16,2.4630597137760666
2026-07-15,BAC_2,BAC,0.7871565582471161,47,18,1.6735308718157842
2026-07-15,BAC_3,BAC,0.7841705803555629,36,15,1.6697167792407983
2026-07-15,BAC_4,BAC,0.7674490667820387,36,15,3.2038579037769006
2026-07-15,BAC_5,BAC,0.781766048862283,37,15,2.8902251084021797
2026-07-15,C_1,C,0.7583891190049025,36,15,1.983690158523346
2026-07-15,C_2,C,0.7282534271181722,37,12,2.5518265440167047
2026-07-15,C_3,C,0.7424681759578194,46,14,2.6436142100776316
2026-07-15,C_4,C,0.747769837848447,40,17,2.820751080023705
2026-07-15,C_5,C,0.7353612590535541,38,13,1.9927446478371689
2026-07-15,WFC_1,WFC,0.8540766848953012,50,15,1.9868788022696804
2026-07-15,WFC_2,WFC,0.8109570316288612,44,17,2.4796480404620747
2026-07-15,WFC_3,WFC,0.8150117205713977,41,17,0.593575344295928
2026-07-15,WFC_4,WFC,0.7981273910357846,41,17,2.350237341968361
2026-07-15,WFC_5,WFC,0.7728168719721042,38,15,2.870015112578371
2026-07-16,JPM_1,JPM,0.8794792931769178,40,18,1.3133719124533647
2026-07-16,JPM_2,JPM,0.8958567343430676,47,17,0.5
2026-07-16,JPM_3,JPM,0.871973997463794,54,19,1.485902572349575
2026-07-16,JPM_4,JPM,0.8386776509397372,49,19,1.0152583092243068
2026-07-16,JPM_5,JPM,0.8684281653266483,50,17,1.2417469361616977
2026-07-16,BAC_1,BAC,0.8135136179845507,45,17,1.289674265345364
2026-07-16,BAC_2,BAC,0.7926850549921459,40,16,3.255244273184467
2026-07-16,BAC_3,BAC,0.8115320787468701,47,17,2.5968416539931667
2026-07-16,BAC_4,BAC,0.8213357640928711,48,16,2.30945304917566
2026-07-16,BAC_5,BAC,0.760106059549124,39,17,2.614301694316374
2026-07-16,C_1,C,0.7570506242269817,37,17,2.0221685050724525
2026-07-16,C_2,C,0.7747087636216821,45,14,2.667013850317357
2026-07-16,C_3,C,0.7572421541213162,51,13,2.743441937856341
2026-07-16,C_4,C,0.7153887746944638,41,14,3.4098659814117367
2026-07-16,C_5,C,0.7533128108819693,40,16,1.973412889559748
2026-07-16,WFC_1,WFC,0.8419312648068297,44,18,2.0951277208699337
2026-07-16,WFC_2,WFC,0.8249885905583461,48,16,1.537876184003818
2026-07-16,WFC_3,WFC,0.8575962669932954,50,16,0.5
2026-07-16,WFC_4,WFC,0.8249963176742331,49,16,2.358805848768375
2026-07-16,WFC_5,WFC,0.796920662445382,47,16,3.0184231658900025
2026-07-17,JPM_1,JPM,0.8955571366494116,52,20,0.8554219875588529
2026-07-17,JPM_2,JPM,0.8820130686244351,42,18,0.6444811208657952
2026-07-17,JPM_3,JPM,0.8828639488589692,50,17,0.5
2026-07-17,JPM_4,JPM,0.8418586501630206,46,15,1.1035165623151757
2026-07-17,JPM_5,JPM,0.845554068028961,52,17,1.3550266302486371
2026-07-17,BAC_1,BAC,0.780599821076333,38,16,2.038354018523721
2026-07-17,BAC_2,BAC,0.7958169171151475,43,15,2.0242111662450752
2026-07-17,BAC_3,BAC,0.7883744489311131,39,17,2.8015446289111754
2026-07-17,BAC_4,BAC,0.7703473704624398,40,16,2.546243039657975
2026-07-17,BAC_5,BAC,0.7648521279807807,44,16,2.6220604321899366
2026-07-17,C_1,C,0.7720092037283598,35,13,1.0561216753132088
2026-07-17,C_2,C,0.7571992667344207,41,14,2.260939752853208
2026-07-17,C_3,C,0.7604613059946155,38,14,2.0300572702790975
2026-07-17,C_4,C,0.7296959794324593,38,16,2.3540456965072223
2026-07-17,C_5,C,0.7369256649341055,39,15,3.293780512115101
2026-07-17,WFC_1,WFC,0.8177199506864403,45,17,1.5478632652481372
2026-07-17,WFC_2,WFC,0.8359800324113624,48,15,1.8963967868691771
2026-07-17,WFC_3,WFC,0.7819009349126551,49,16,2.6210121595170164
2026-07-17,WFC_4,WFC,0.772495916755894,45,15,2.7094225018229987
2026-07-17,WFC_5,WFC,0.8196618159881099,41,17,1.2344341235016354
2026-07-20,JPM_1,JPM,0.8987629659726495,46,16,1.5358814009489805
2026-07-20,JPM_2,JPM,0.9139330612329194,44,20,0.5
2026-07-20,JPM_3,JPM,0.8864655249276798,54,17,0.5
2026-07-20,JPM_4,JPM,0.8865677122567548,46,18,0.5
2026-07-20,JPM_5,JPM,0.8696712633793289,45,18,1.4792615570094936
2026-07-20,BAC_1,BAC,0.8299225579238475,51,16,1.7555804751078352
2026-07-20,BAC_2,BAC,0.7923077691439833,40,15,2.6066395065319226
2026-07-20,BAC_3,BAC,0.808035116772504,40,15,2.649211905922634
2026-07-20,BAC_4,BAC,0.7942289538336917,40,18,2.437849970124169
2026-07-20,BAC_5,BAC,0.7924450919601396,38,16,2.4027348622181584
2026-07-20,C_1,C,0.749096559137014,43,17,3.1199420414274894
2026-07-20,C_2,C,0.7540348023739687,41,16,1.7094489673725979
2026-07-20,C_3,C,0.7655021174238423,36,15,2.095161057245922
2026-07-20,C_4,C,0.740032289070425,34,14,2.590065952689455
2026-07-20,C_5,C,0.7391838297831983,50,14,2.6095975705827352
2026-07-20,WFC_1,WFC,0.8073282303103518,48,16,0.9196182340347259
2026-07-20,WFC_2,WFC,0.815396136788223,43,17,1.981833623504713
2026-07-20,WFC_3,WFC,0.7852317855875794,37,17,1.744934084023618
2026-07-20,WFC_4,WFC,0.8285022095848791,48,16,2.279602485135749
2026-07-20,WFC_5,WFC,0.8359778602931879,45,18,2.0967313460847246
2026-07-21,JPM_1,JPM,0.8754845891534689,44,16,1.6495054603070793
2026-07-21,JPM_2,JPM,0.8770413137776758,47,17,2.4038366739587436
2026-07-21,JPM_3,JPM,0.8406186148571176,52,17,1.5564910962875758
2026-07-21,JPM_4,JPM,0.8573023240441057,46,18,2.053294299439105
2026-07-21,JPM_5,JPM,0.8711008341504134,50,16,1.4714707845288855
2026-07-21,BAC_1,BAC,0.8222898846444074,47,15,1.8729223510819184
2026-07-21,BAC_2,BAC,0.7946090781989741,41,15,1.757000379720445
2026-07-21,BAC_3,BAC,0.788071756453577,45,17,2.024668865029801
2026-07-21,BAC_4,BAC,0.8072010486729808,46,17,1.6443006116408134
2026-07-21,BAC_5,BAC,0.7810091489509173,46,16,2.3717410079910737
2026-07-21,C_1,C,0.7670346214465732,38,15,2.7098173474689293
2026-07-21,C_2,C,0.7952793969901363,43,15,2.953552541699113
2026-07-21,C_3,C,0.7472715099723208,36,16,3.502920223980752
2026-07-21,C_4,C,0.7440760428634791,47,15,2.555231326230752
2026-07-21,C_5,C,0.7200298393188833,36,13,2.911340214703257
2026-07-21,WFC_1,WFC,0.8681722282425509,58,16,0.5
2026-07-21,WFC_2,WFC,0.8233181317375464,45,17,1.008375580545708
2026-07-21,WFC_3,WFC,0.8248533192095381,43,16,1.2324063895611226
2026-07-21,WFC_4,WFC,0.8036246410531847,37,16,1.6514753030056097
2026-07-21,WFC_5,WFC,0.7977794937959221,37,14,2.7318425562887843
2026-07-22,JPM_1,JPM,0.8817856270929045,58,18,1.708858298163911
2026-07-22,JPM_2,JPM,0.8780489181079397,50,19,0.8328787912475916
2026-07-22,JPM_3,JPM,0.8554643029991491,51,17,1.2475968083490814
2026-07-22,JPM_4,JPM,0.8650049578175962,51,18,2.057102813559567
2026-07-22,JPM_5,JPM,0.8512515346127713,40,16,1.622320215953307
2026-07-22,BAC_1,BAC,0.827918312435153,45,18,0.9050124269993745
2026-07-22,BAC_2,BAC,0.7885578920111765,48,14,2.193714871298255
2026-07-22,BAC_3,BAC,0.7796811807936519,35,15,2.237301780111136
2026-07-22,BAC_4,BAC,0.7968509461176302,40,14,3.683903817989493
2026-07-22,BAC_5,BAC,0.7769562554555999,42,14,1.3631541438071897
2026-07-22,C_1,C,0.7435361172240591,35,16,2.9144476946738633
2026-07-22,C_2,C,0.7985603659977059,46,15,2.0425576266325987
2026-07-22,C_3,C,0.7407826363659147,44,17,2.873628865817685
2026-07-22,C_4,C,0.7711261133771322,35,15,2.34728933321045
2026-07-22,C_5,C,0.7241129672627477,42,17,1.8086938917849926
2026-07-22,WFC_1,WFC,0.8263779032525519,47,18,2.706797227479226
2026-07-22,WFC_2,WFC,0.8168755706651666,47,17,2.2298216055387448
2026-07-22,WFC_3,WFC,0.8200943260021853,44,16,1.7816132206638116
2026-07-22,WFC_4,WFC,0.7807237897388938,45,15,2.96558526415693
2026-07-22,WFC_5,WFC,0.798935256600529,42,16,2.484226936323626
2026-07-23,JPM_1,JPM,0.9048431604938717,49,18,0.783892587286382
2026-07-23,JPM_2,JPM,0.855974207139475,53,18,0.525965906084426
2026-07-23,JPM_3,JPM,0.8592408868611615,43,18,2.402114447956507
2026-07-23,JPM_4,JPM,0.875329844850213,48,19,2.3742617305826346
2026-07-23,JPM_5,JPM,0.861583892199387,44,19,1.510710502522448
2026-07-23,BAC_1,BAC,0.8065462087342559,47,17,2.770208579313595
2026-07-23,BAC_2,BAC,0.7720228593797047,41,15,2.6718876167498893
2026-07-23,BAC_3,BAC,0.8160224829925424,50,19,2.0079742105682588
2026-07-23,BAC_4,BAC,0.7836532456273698,35,16,1.8853778517498174
2026-07-23,BAC_5,BAC,0.7885356192603277,35,13,2.1354441745740567
2026-07-23,C_1,C,0.7564249439715279,33,14,2.557179925916886
2026-07-23,C_2,C,0.7416543099501104,39,16,1.9714345718490622
2026-07-23,C_3,C,0.7499367229050239,45,15,2.807387930196708
2026-07-23,C_4,C,0.7444578526248312,34,15,3.402986109034192
2026-07-23,C_5,C,0.7380599916810279,37,16,2.9395490237561592
2026-07-23,WFC_1,WFC,0.8421030380161433,45,17,1.225437984408827
2026-07-23,WFC_2,WFC,0.8113707393015466,47,15,2.0340260100675995
2026-07-23,WFC_3,WFC,0.8125372261237986,44,17,1.1701955164450553
2026-07-23,WFC_4,WFC,0.7953718880654339,44,15,2.033831211122755
2026-07-23,WFC_5,WFC,0.7820615920169236,42,15,2.6192002899244042
2026-07-24,JPM_1,JPM,0.873901731580908,46,19,1.9054506294932687
2026-07-24,JPM_2,JPM,0.8654502608925174,40,16,2.0252812697350517
2026-07-24,JPM_3,JPM,0.8633099269010466,49,17,1.2640481689073573
2026-07-24,JPM_4,JPM,0.8699773586937336,39,17,1.4861526287028526
2026-07-24,JPM_5,JPM,0.8520954897699987,48,17,2.4019981571223212
2026-07-24,BAC_1,BAC,0.8420846492902282,39,18,1.7519844241958276
2026-07-24,BAC_2,BAC,0.7639554067160252,41,14,2.3937519979766253
2026-07-24,BAC_3,BAC,0.7695550193823625,46,17,2.978433068511016
2026-07-24,BAC_4,BAC,0.7601933790711869,46,13,2.6659125953588894
2026-07-24,BAC_5,BAC,0.7746681477099806,44,14,2.2958887546997975
2026-07-24,C_1,C,0.7788101066191677,41,16,2.5765776003768193
2026-07-24,C_2,C,0.7478002004734013,42,18,2.5561532941266982
2026-07-24,C_3,C,0.7240356858833352,43,14,3.6387216457418248
2026-07-24,C_4,C,0.7231280980534758,41,14,3.0350540143937788
2026-07-24,C_5,C,0.7011844791584511,41,13,3.478401913061321
2026-07-24,WFC_1,WFC,0.8342347898567217,50,20,2.8491876083559458
2026-07-24,WFC_2,WFC,0.8322193395348229,44,18,1.2239008209405793
2026-07-24,WFC_3,WFC,0.8023432237127737,39,18,1.1712436141786833
2026-07-24,WFC_4,WFC,0.7726542005935336,41,16,2.53947945946489
2026-07-24,WFC_5,WFC,0.7832219717553323,46,15,2.4605730383471385
2026-07-27,JPM_1,JPM,0.8944410007743928,49,17,1.0789357440448073
2026-07-27,JPM_2,JPM,0.87200192231974,43,18,1.628636757267425
2026-07-27,JPM_3,JPM,0.8378063875046988,39,16,2.3215142890806213
2026-07-27,JPM_4,JPM,0.8647240882259104,46,17,1.2047867399850718
2026-07-27,JPM_5,JPM,0.8738777862277068,49,18,1.7065954580581189
2026-07-27,BAC_1,BAC,0.8137547688373787,45,17,2.0136432474464754
2026-07-27,BAC_2,BAC,0.8120584610580526,52,15,3.0053127879057655
2026-07-27,BAC_3,BAC,0.7980375626176972,44,15,2.369957567623219
2026-07-27,BAC_4,BAC,0.7923880562844109,45,14,3.054271974706754
2026-07-27,BAC_5,BAC,0.745515035220424,46,13,2.647477361991155
2026-07-27,C_1,C,0.7676254969014459,42,14,2.616264624903751
2026-07-27,C_2,C,0.735078680051135,34,13,3.996129107271802
2026-07-27,C_3,C,0.7510338975652668,40,18,2.4950144152568736
2026-07-27,C_4,C,0.7508405495986241,34,15,2.8753268168175037
2026-07-27,C_5,C,0.7408811653191104,42,15,2.212345665319242
2026-07-27,WFC_1,WFC,0.8055346254169361,40,16,2.5491925975068863
2026-07-27,WFC_2,WFC,0.8304866793190855,49,16,1.5721052598148004
2026-07-27,WFC_3,WFC,0.8447161494728939,46,18,2.0201141446004853
2026-07-27,WFC_4,WFC,0.8080369750647453,44,13,2.6960878192883637
2026-07-27,WFC_5,WFC,0.7696925601767394,45,15,3.47103425076677
2026-07-28,JPM_1,JPM,0.8818752619374993,43,17,0.5445050843727555
2026-07-28,JPM_2,JPM,0.8797791849427158,54,17,0.5
2026-07-28,JPM_3,JPM,0.8516527748553028,45,16,2.01613666124985
2026-07-28,JPM_4,JPM,0.8672883146969177,45,17,1.0873949208374087
2026-07-28,JPM_5,JPM,0.8371843591845705,38,16,2.0447096305778922
2026-07-28,BAC_1,BAC,0.802827036428058,43,15,3.491482248448225
2026-07-28,BAC_2,BAC,0.7981375387258147,36,17,2.074986995253332
2026-07-28,BAC_3,BAC,0.8087119154467054,45,17,2.192598178899153
2026-07-28,BAC_4,BAC,0.7742383039038497,45,16,3.1505811983519063
2026-07-28,BAC_5,BAC,0.7819424656010756,45,15,1.694420651279633
2026-07-28,C_1,C,0.7402662965417178,39,15,2.209549492683153
2026-07-28,C_2,C,0.7628349597594352,41,16,2.415253540775329
2026-07-28,C_3,C,0.7313157289015735,33,17,4.046831755418591
2026-07-28,C_4,C,0.7213986730974769,37,14,3.4201307088561625
2026-07-28,C_5,C,0.7550102616581523,43,16,2.897110900784187
2026-07-28,WFC_1,WFC,0.7948581376300571,43,15,1.9104939678013344
2026-07-28,WFC_2,WFC,0.8006384504578041,37,19,2.1430966023370286
2026-07-28,WFC_3,WFC,0.8120697865716643,42,19,3.1791878767228265
2026-07-28,WFC_4,WFC,0.8275555458365232,43,14,2.069865443488051
2026-07-28,WFC_5,WFC,0.8060800103504838,45,16,1.67079074833902
2026-07-29,JPM_1,JPM,0.8893761409575476,46,20,1.7541403830575417
2026-07-29,JPM_2,JPM,0.8648590420327179,56,17,1.8302102801585347
2026-07-29,JPM_3,JPM,0.8735362049684887,53,20,0.9798206627299468
2026-07-29,JPM_4,JPM,0.8728704780022811,46,17,1.5534533821375518
2026-07-29,JPM_5,JPM,0.8631223256059448,47,16,1.717901450861443
2026-07-29,BAC_1,BAC,0.8222958559895537,40,18,1.5860164518713353
2026-07-29,BAC_2,BAC,0.7869568574438214,43,16,2.420225591210789
2026-07-29,BAC_3,BAC,0.791375653965094,40,15,2.7756046669761507
2026-07-29,BAC_4,BAC,0.834721321672961,45,16,2.56660902991485
2026-07-29,BAC_5,BAC,0.7533449528473083,35,14,3.6406453407320973
2026-07-29,C_1,C,0.7572286518384738,44,15,2.8060829248017582
2026-07-29,C_2,C,0.7681843954555766,45,16,2.550953027675985
2026-07-29,C_3,C,0.7608709589474719,43,16,3.3367489755564606
2026-07-29,C_4,C,0.7442071484769183,42,14,3.396201580640823
2026-07-29,C_5,C,0.7611084309488403,41,17,3.467019858761676
2026-07-29,WFC_1,WFC,0.8329764794854504,37,16,1.6632444530899348
2026-07-29,WFC_2,WFC,0.8082110173893682,44,17,3.6714653972282676
2026-07-29,WFC_3,WFC,0.829178669131905,46,16,0.5582157569301565
2026-07-29,WFC_4,WFC,0.7936172486627472,41,17,2.0872443447736035
2026-07-29,WFC_5,WFC,0.8034427319298632,43,15,1.9726313384526784
2026-07-30,JPM_1,JPM,0.8563753215549755,34,16,1.224124655907767
2026-07-30,JPM_2,JPM,0.8500371143520108,43,18,1.3239159920806585
2026-07-30,JPM_3,JPM,0.8690425222794872,45,19,1.7688799199105576
2026-07-30,JPM_4,JPM,0.8513844831149728,51,17,1.8795468907593782
2026-07-30,JPM_5,JPM,0.8529297953981166,55,18,2.7129659094986653
2026-07-30,BAC_1,BAC,0.8163797788560501,40,16,2.328689009702314
2026-07-30,BAC_2,BAC,0.7769148877003441,42,16,2.046584346873269
2026-07-30,BAC_3,BAC,0.7674210733874292,41,16,3.5835780091700338
2026-07-30,BAC_4,BAC,0.7678848647756699,47,15,2.596871385559485
2026-07-30,BAC_5,BAC,0.7787899164535513,38,15,2.4719863681889342
2026-07-30,C_1,C,0.7661365177295074,49,15,2.328714485390795
2026-07-30,C_2,C,0.7327710585378595,44,14,3.3232283193560956
2026-07-30,C_3,C,0.7697664222513856,39,15,2.435054994651875
2026-07-30,C_4,C,0.7520487277750844,44,16,2.26593243016827
2026-07-30,C_5,C,0.7454524309408304,47,14,2.37884775166078
2026-07-30,WFC_1,WFC,0.8235597866266996,38,17,2.1335578982295544
2026-07-30,WFC_2,WFC,0.8048834470054804,37,15,2.0347281936584345
2026-07-30,WFC_3,WFC,0.8190163832510662,46,16,1.4975495124744307
2026-07-30,WFC_4,WFC,0.7858303580006422,39,16,2.9749379871685617
2026-07-30,WFC_5,WFC,0.7948247900967746,38,17,2.223366775915165
2026-07-31,JPM_1,JPM,0.891769146309246,50,18,1.0034560734876696
2026-07-31,JPM_2,JPM,0.8961853530401406,46,19,1.9582030755957684
2026-07-31,JPM_3,JPM,0.8636306289099869,50,18,1.2261588661741842
2026-07-31,JPM_4,JPM,0.8675733537397429,45,19,1.4075444825591514
2026-07-31,JPM_5,JPM,0.8506870310205941,48,17,2.4779644894986257
2026-07-31,BAC_1,BAC,0.8058128443220466,41,17,0.9498692805819811
2026-07-31,BAC_2,BAC,0.8084675395855131,44,15,3.0025181031075023
2026-07-31,BAC_3,BAC,0.788890438418071,43,16,2.9809610545892364
2026-07-31,BAC_4,BAC,0.799707225262779,40,17,2.420060121955342
2026-07-31,BAC_5,BAC,0.7788489214572871,44,16,3.393450621424439
2026-07-31,C_1,C,0.7742001999917126,41,16,2.5842433687491257
2026-07-31,C_2,C,0.7719886518088394,41,17,1.6852356403145166
2026-07-31,C_3,C,0.6955132625986022,44,14,2.609995151565472
2026-07-31,C_4,C,0.7322065112487649,46,16,2.724264814975931
2026-07-31,C_5,C,0.7245891550966648,41,13,2.3828615416516565
2026-07-31,WFC_1,WFC,0.8336753134763133,40,17,1.7452939705695107
2026-07-31,WFC_2,WFC,0.8101149319783686,47,17,3.42414345499777
2026-07-31,WFC_3,WFC,0.8169779929068108,44,18,2.9455146225719058
2026-07-31,WFC_4,WFC,0.8095424293881106,47,17,1.2308403189919432
2026-07-31,WFC_5,WFC,0.8079432616377495,42,15,2.1675807364135595
2026-08-03,JPM_1,JPM,0.8925262296658446,43,18,1.7655560192001492
2026-08-03,JPM_2,JPM,0.8889457130857181,41,16,1.9334155558294626
2026-08-03,JPM_3,JPM,0.8859806343270163,49,16,1.4543902771849508
2026-08-03,JPM_4,JPM,0.8751881965110011,50,19,1.0486319153565464
2026-08-03,JPM_5,JPM,0.8592573711668131,48,19,1.847174899272484
2026-08-03,BAC_1,BAC,0.8025624794935319,44,16,1.255064628106609
2026-08-03,BAC_2,BAC,0.7984793994049376,42,16,2.062547356115526
2026-08-03,BAC_3,BAC,0.7808196192441434,47,15,3.0909290992214533
2026-08-03,BAC_4,BAC,0.7644706211461958,42,16,3.013805474583054
2026-08-03,BAC_5,BAC,0.7974192072538147,44,16,2.8957122338039523
2026-08-03,C_1,C,0.7516784437579408,39,16,3.7652903679002923
2026-08-03,C_2,C,0.7409812131946402,41,14,1.851054598239102
2026-08-03,C_3,C,0.713170936510163,41,17,2.9607492560686683
2026-08-03,C_4,C,0.7475330813598587,39,14,1.7046788877638248
2026-08-03,C_5,C,0.7839112432344714,45,16,2.448371334906223
2026-08-03,WFC_1,WFC,0.8244496806593246,45,18,1.7750215287751527
2026-08-03,WFC_2,WFC,0.8460396491036631,46,17,2.1068703694082522
2026-08-03,WFC_3,WFC,0.7968853167134601,43,16,3.220387215626503
2026-08-03,WFC_4,WFC,0.8193002523701647,42,16,1.635758872189268
2026-08-03,WFC_5,WFC,0.7906851110793175,40,16,3.018799206944962
2026-08-04,JPM_1,JPM,0.8707335401727753,50,16,0.9820761623861967
2026-08-04,JPM_2,JPM,0.8718629822485534,50,14,2.0011888440751338
2026-08-04,JPM_3,JPM,0.8705487948472312,41,17,1.8367410506924475
2026-08-04,JPM_4,JPM,0.8618546325175428,51,15,1.361012307367364
2026-08-04,JPM_5,JPM,0.8465630179506977,37,17,0.9623538411216556
2026-08-04,BAC_1,BAC,0.7872063466836019,40,17,2.167561295338361
2026-08-04,BAC_2,BAC,0.7978062642243265,47,18,2.1445483481411034
2026-08-04,BAC_3,BAC,0.822862877754556,45,17,1.8575316535367774
2026-08-04,BAC_4,BAC,0.8151513139291187,43,15,1.953739253376602
2026-08-04,BAC_5,BAC,0.8106177462534607,42,17,1.561861901425472
2026-08-04,C_1,C,0.7525614845310921,37,16,3.4383241003220437
2026-08-04,C_2,C,0.7674394901702142,40,14,1.753483790100899
2026-08-04,C_3,C,0.7366492009454466,50,14,1.9625577398490242
2026-08-04,C_4,C,0.7248483194726106,31,17,2.1774347196663064
2026-08-04,C_5,C,0.7298431013579266,38,14,3.0524020478379477
2026-08-04,WFC_1,WFC,0.8361003696048308,46,19,1.4103302047122692
2026-08-04,WFC_2,WFC,0.8361714560367154,49,17,2.8760145466367315
2026-08-04,WFC_3,WFC,0.8021706408294741,41,17,2.347641049112734
2026-08-04,WFC_4,WFC,0.8093581572781056,42,15,1.673900394183957
2026-08-04,WFC_5,WFC,0.8233930198693495,46,16,1.8839476947361948
2026-08-05,JPM_1,JPM,0.8762324320982998,53,17,0.5
2026-08-05,JPM_2,JPM,0.8703809562362105,52,19,1.0991961517694921
2026-08-05,JPM_3,JPM,0.8550198913463511,54,16,1.3717513512455097
2026-08-05,JPM_4,JPM,0.8577116945674607,45,16,2.3632768852220662
2026-08-05,JPM_5,JPM,0.8668798922783179,48,19,1.417375076402718
2026-08-05,BAC_1,BAC,0.7928960087893386,40,17,1.7153234008714402
2026-08-05,BAC_2,BAC,0.7884104482453932,42,17,1.965384651249257
2026-08-05,BAC_3,BAC,0.7714826030264115,41,14,2.764386564801713
2026-08-05,BAC_4,BAC,0.7934958730945098,38,13,2.6494037696221038
2026-08-05,BAC_5,BAC,0.7614131759838357,44,15,2.482178114786419
2026-08-05,C_1,C,0.773901013864875,39,16,3.3314302289082383
2026-08-05,C_2,C,0.7339864375361127,38,14,2.8060267438293027
2026-08-05,C_3,C,0.7092627894841399,38,16,3.620430352571277
2026-08-05,C_4,C,0.7229753361649608,46,14,3.1057740692449913
2026-08-05,C_5,C,0.7613225144425717,43,14,2.6877923144353746
2026-08-05,WFC_1,WFC,0.8317722462104745,53,16,1.1917453535696496
2026-08-05,WFC_2,WFC,0.8333157936714678,42,15,0.7657219413616723
2026-08-05,WFC_3,WFC,0.7980933515566182,41,14,2.1921707558852686
2026-08-05,WFC_4,WFC,0.7691162824254055,40,16,2.9822842928215163
2026-08-05,WFC_5,WFC,0.8254878165175913,44,15,1.9878055905131933
2026-08-06,JPM_1,JPM,0.881133208990429,46,17,1.305240672379954
2026-08-06,JPM_2,JPM,0.8993245467556844,52,18,1.002277748250407
2026-08-06,JPM_3,JPM,0.8570951140385529,45,16,1.8222250590794473
2026-08-06,JPM_4,JPM,0.8441671684345493,51,18,0.9774833509172457
2026-08-06,JPM_5,JPM,0.861563057845569,46,18,1.2413093825885304
2026-08-06,BAC_1,BAC,0.8035565861011398,46,15,2.353607275200476
2026-08-06,BAC_2,BAC,0.7719554385787001,36,15,2.4680278298488205
2026-08-06,BAC_3,BAC,0.7688838388892576,50,15,1.606918819824619
2026-08-06,BAC_4,BAC,0.7858779579933658,42,16,3.224328254772025
2026-08-06,BAC_5,BAC,0.7818080113573375,35,15,1.8034009898154046
2026-08-06,C_1,C,0.769077506824111,43,16,2.4204176537222772
2026-08-06,C_2,C,0.7919804566294113,50,16,1.8342322771352548
2026-08-06,C_3,C,0.7723588951978793,43,15,1.4093426208204467
2026-08-06,C_4,C,0.7475801986205304,43,17,3.27134219700172
2026-08-06,C_5,C,0.7315322259253992,35,14,2.3079581551818813
2026-08-06,WFC_1,WFC,0.8086298294568681,50,16,2.4574083543032263
2026-08-06,WFC_2,WFC,0.8270295054710829,43,15,1.7463095553131178
2026-08-06,WFC_3,WFC,0.8137347830908146,43,16,1.4217366400498845
2026-08-06,WFC_4,WFC,0.829844461521202,41,18,2.89021327560573
2026-08-06,WFC_5,WFC,0.8115362877578401,43,16,2.5698286317450347
2026-08-07,JPM_1,JPM,0.909162856299221,51,16,1.0808536871675467
2026-08-07,JPM_2,JPM,0.8992249734252692,46,17,0.5
2026-08-07,JPM_3,JPM,0.8618583938011553,46,16,0.6905269641186238
2026-08-07,JPM_4,JPM,0.9001436715188944,48,16,1.6770679205935695
2026-08-07,JPM_5,JPM,0.8777773738263237,40,17,0.7311531501237125
2026-08-07,BAC_1,BAC,0.8300647652073797,48,16,1.3465782681505518
2026-08-07,BAC_2,BAC,0.8297184924534025,37,16,1.4928261562437348
2026-08-07,BAC_3,BAC,0.7606116830170842,42,16,3.2915682677889064
2026-08-07,BAC_4,BAC,0.8030319812714752,47,16,2.4211003383921024
2026-08-07,BAC_5,BAC,0.7783232644347393,51,16,2.5098596754605857
2026-08-07,C_1,C,0.7643676492178748,41,13,2.232364144738705
2026-08-07,C_2,C,0.7172092579324663,36,13,4.041297777969843
2026-08-07,C_3,C,0.7726216589762321,47,15,2.606391648995811
2026-08-07,C_4,C,0.7568763053470223,46,17,3.641553789747102
2026-08-07,C_5,C,0.7512247303776439,44,16,3.215005332520532
2026-08-07,WFC_1,WFC,0.821952331465552,46,14,2.4611019602396516
2026-08-07,WFC_2,WFC,0.7730134037788832,44,15,3.3635793212723484
2026-08-07,WFC_3,WFC,0.8006811194506522,47,17,2.1919360734261266
2026-08-07,WFC_4,WFC,0.7944631953872391,46,17,1.982236621428163
2026-08-07,WFC_5,WFC,0.798229695379765,44,16,2.1671762330065767
2026-08-10,JPM_1,JPM,0.8741642015449091,48,18,0.797987737214656
2026-08-10,JPM_2,JPM,0.8723012180918062,43,18,0.6838034623905286
2026-08-10,JPM_3,JPM,0.829885469559885,44,16,1.3077082214680056
2026-08-10,JPM_4,JPM,0.8492658767881476,41,19,2.602375720025345
2026-08-10,JPM_5,JPM,0.8456806154354588,36,15,2.0217477824835535
2026-08-10,BAC_1,BAC,0.8286128482390067,47,16,3.1422824544148895
2026-08-10,BAC_2,BAC,0.8090846390218673,44,16,1.8953405792986753
2026-08-10,BAC_3,BAC,0.7744111899039158,39,16,2.3738106817117237
2026-08-10,BAC_4,BAC,0.8076133500221729,54,18,2.6336473755677674
2026-08-10,BAC_5,BAC,0.8267421229203514,42,16,1.9730546033061604
2026-08-10,C_1,C,0.7644393982435734,43,14,2.3419202163184547
2026-08-10,C_2,C,0.7650108385522751,51,17,3.662499397108187
2026-08-10,C_3,C,0.7301421789351157,38,14,3.6826725639625226
2026-08-10,C_4,C,0.7529232711972955,46,16,2.3486092642123566
2026-08-10,C_5,C,0.7475083256595105,45,13,2.3244557366630323
2026-08-10,WFC_1,WFC,0.8621762040886141,51,16,1.5939077734456313
2026-08-10,WFC_2,WFC,0.7966552172636662,43,19,1.3814586302501781
2026-08-10,WFC_3,WFC,0.8078218930431269,39,17,1.3702524413180268
2026-08-10,WFC_4,WFC,0.7692614744747726,42,14,2.365895238193828
2026-08-10,WFC_5,WFC,0.7753807080896543,42,14,2.400855868785785
2026-08-11,JPM_1,JPM,0.8706850686951878,49,16,1.5272417576401405
2026-08-11,JPM_2,JPM,0.8758590548534679,47,18,0.5933846432285278
2026-08-11,JPM_3,JPM,0.8589536270218919,50,20,1.4884490292117911
2026-08-11,JPM_4,JPM,0.8941060407704116,57,18,1.0596872135582092
2026-08-11,JPM_5,JPM,0.8558436106149026,48,17,1.3801181237809754
2026-08-11,BAC_1,BAC,0.8142803116463573,38,17,2.4584655698884004
2026-08-11,BAC_2,BAC,0.7936041182456544,45,15,2.5241621315116016
2026-08-11,BAC_3,BAC,0.7855727863498857,35,15,2.52243273387035
2026-08-11,BAC_4,BAC,0.7858684839307604,46,16,2.0939433308970026
2026-08-11,BAC_5,BAC,0.7511224119783844,37,16,2.315853314422106
2026-08-11,C_1,C,0.780660075261999,44,15,2.1919997284870267
2026-08-11,C_2,C,0.7219080140380286,45,15,3.518738140252124
2026-08-11,C_3,C,0.7685454042407439,45,16,3.001599409459207
2026-08-11,C_4,C,0.747046960525224,35,14,3.5672402596009465
2026-08-11,C_5,C,0.7541133687612007,45,15,3.4297982607092505
2026-08-11,WFC_1,WFC,0.8370774016443372,40,18,1.7777689254313547
2026-08-11,WFC_2,WFC,0.8213446775225973,43,17,1.9690508502580468
2026-08-11,WFC_3,WFC,0.8051302321218443,44,18,1.8674576936226763
2026-08-11,WFC_4,WFC,0.7726380441274442,41,15,3.217290536767195
2026-08-11,WFC_5,WFC,0.8226605826506591,45,16,1.6999501320530077
2026-08-12,JPM_1,JPM,0.8936389878290288,45,19,0.7395078914974027
2026-08-12,JPM_2,JPM,0.8786081239635501,49,18,1.1825564901882593
2026-08-12,JPM_3,JPM,0.8820893203377526,47,18,0.5
2026-08-12,JPM_4,JPM,0.8363790447934564,48,16,2.4681774358198996
2026-08-12,JPM_5,JPM,0.8226385309682717,49,16,2.0485692250939715
2026-08-12,BAC_1,BAC,0.8239461990690284,46,18,1.5106157255053398
2026-08-12,BAC_2,BAC,0.837664691453532,41,14,3.187354894960839
2026-08-12,BAC_3,BAC,0.8112267534576253,40,15,2.7150486781614926
2026-08-12,BAC_4,BAC,0.8141654928693343,45,18,0.841335499116683
2026-08-12,BAC_5,BAC,0.8000149506387635,42,19,1.646069453922709
2026-08-12,C_1,C,0.767872487863892,45,17,3.475475769565808
2026-08-12,C_2,C,0.7601692757320964,36,17,2.991134314210037
2026-08-12,C_3,C,0.7802443562251367,43,16,2.220381702683645
2026-08-12,C_4,C,0.7476897933377707,41,15,3.015642229320144
2026-08-12,C_5,C,0.7778030054017708,43,14,2.8360783925387523
2026-08-12,WFC_1,WFC,0.8163548336625271,44,18,2.155514700336005
2026-08-12,WFC_2,WFC,0.814485527166846,51,15,2.4858558300953693
2026-08-12,WFC_3,WFC,0.7966055783945738,50,16,2.570368036258603
2026-08-12,WFC_4,WFC,0.8372628805794655,49,18,1.8067954327996951
2026-08-12,WFC_5,WFC,0.8087933835264329,43,18,2.054453343178105
2026-08-13,JPM_1,JPM,0.8912399459231858,49,17,0.5195349642081158
2026-08-13,JPM_2,JPM,0.866134201335134,50,19,1.1975057780742
2026-08-13,JPM_3,JPM,0.8706546463975571,48,19,1.8251115714474344
2026-08-13,JPM_4,JPM,0.8752426869257757,46,18,1.5877985635346232
2026-08-13,JPM_5,JPM,0.8649644602180442,51,18,2.6742681775419532
2026-08-13,BAC_1,BAC,0.7983536154070767,41,17,2.41520177055298
2026-08-13,BAC_2,BAC,0.8071764042324189,46,18,2.7249366431793334
2026-08-13,BAC_3,BAC,0.7954951544484814,38,15,1.781288427119995
2026-08-13,BAC_4,BAC,0.7641194416726064,39,14,2.7788201537980926
2026-08-13,BAC_5,BAC,0.7739008476089038,47,15,2.3265176637325027
2026-08-13,C_1,C,0.7704518385792731,46,17,2.4622662473435297
2026-08-13,C_2,C,0.7593808132163135,40,16,2.8869944237907297
2026-08-13,C_3,C,0.7364976408260328,38,14,2.4945101742169666
2026-08-13,C_4,C,0.753931190409963,41,16,2.982061908791698
2026-08-13,C_5,C,0.7720842809614208,47,14,2.821244649734903
2026-08-13,WFC_1,WFC,0.8104497293237966,43,16,2.4803236845711
2026-08-13,WFC_2,WFC,0.8224705680663701,43,16,1.4839404000496468
2026-08-13,WFC_3,WFC,0.8174564985066869,40,16,1.5763286062927693
2026-08-13,WFC_4,WFC,0.780544528915875,36,15,2.4432527683301566
2026-08-13,WFC_5,WFC,0.7989188773347023,45,16,2.575338394937262
2026-08-14,JPM_1,JPM,0.9244633746677112,54,19,0.5
2026-08-14,JPM_2,JPM,0.8693724505453243,49,16,1.0755272940552947
2026-08-14,JPM_3,JPM,0.8637827523868273,52,17,1.1517692825581607
2026-08-14,JPM_4,JPM,0.8697757750888037,51,15,1.7534932150952993
2026-08-14,JPM_5,JPM,0.8711836346911495,41,18,1.9597718653465548
2026-08-14,BAC_1,BAC,0.7791825541161767,45,17,1.6282301871408782
2026-08-14,BAC_2,BAC,0.8126081770008353,50,15,1.692798927894512
2026-08-14,BAC_3,BAC,0.8122343855858277,46,15,2.7461835284021707
2026-08-14,BAC_4,BAC,0.763193640325823,41,17,1.7208332385355845
2026-08-14,BAC_5,BAC,0.7945710716222135,43,17,2.127572912855838
2026-08-14,C_1,C,0.7740457218311783,41,16,3.1625939406821595
2026-08-14,C_2,C,0.754025131416387,49,17,2.9075176449159708
2026-08-14,C_3,C,0.7557782104471606,36,16,3.208207435742143
2026-08-14,C_4,C,0.7702386550819845,33,16,3.6747141287736493
2026-08-14,C_5,C,0.725511002064099,46,14,4.499403127414475
2026-08-14,WFC_1,WFC,0.8007779455416968,48,15,1.111727033037174
2026-08-14,WFC_2,WFC,0.8450867789209027,44,18,2.255364586738742
2026-08-14,WFC_3,WFC,0.8308338165200588,49,15,2.0594473137376736
2026-08-14,WFC_4,WFC,0.8176879359189878,42,15,0.6411308170792906
2026-08-14,WFC_5,WFC,0.8148729674673912,45,19,3.282192108890571
